date,surface,slot,slot_family,sentence_index,classifier_type,numbers_in_sentence,hand_id,hand_type,hand_class,hand_scope,hand_payload_path,hand_note,text
2026-07-08,email,report_card_recap,free,0,STAT_VALUE,1,,,,,,,Cardinals dropped Tuesday's middle game 4-3.
2026-07-08,email,report_card_recap,free,1,STAT_VALUE,2,,,,,,,Walker's 21st HR (2 RBI) put STL up 2-0 in the 1st.
2026-07-08,email,report_card_recap,free,2,FRAMING_VOICE,0,,,,,,,Milwaukee tied it in the 3rd on Ortiz's double and a Yelich RBI single.
2026-07-08,email,report_card_recap,free,3,MAGNITUDE,1,,,,,,,Herrera's 11th HR in the bottom half retook the lead 3-2.
2026-07-08,email,report_card_recap,free,4,FRAMING_VOICE,0,,,,,,,Milwaukee tied it in the 6th (Mitchell RBI single scoring Bauers) and grabbed the lead in the 7th on Yelich's second RBI double.
2026-07-08,email,report_card_recap,free,5,STAT_VALUE,4,,,,,,,Yelich finished 3-for-5 with 2 RBI; Ortiz 3-for-4; Bauers 2-for-3.
2026-07-08,email,report_card_recap,free,6,STAT_VALUE,1,,,,,,,Cardinals were swept in Tuesday's doubleheader and now trail this five-game set 3-0.
2026-07-08,email,prediction_grades_commentary,free,0,GAME_EVENT,3,,,,,,,WRONG -- Chourio reaches base: Chourio went 0-for-5 with 0 BB (0 reaches).
2026-07-08,email,prediction_grades_commentary,free,1,GAME_EVENT,3,,,,,,,WRONG -- Burleson reaches base: Burleson went 0-for-4 with 0 BB (0 reaches).
2026-07-08,email,prediction_grades_commentary,free,2,STAT_VALUE,2,,,,,,,CORRECT -- Brewers stolen bases: Turang stole 1 (team total 1 SB).
2026-07-08,email,prediction_grades_commentary,free,3,STAT_VALUE,1,,,,,,,CORRECT -- Cardinals strikeouts: Cardinals batters combined for 13 K.
2026-07-08,email,prediction_grades_commentary,free,4,GAME_EVENT,2,,,,,,,WRONG -- Turang hits: Turang went 0-for-4 (0 H).
2026-07-08,email,prediction_grades_commentary,free,5,STAT_VALUE,3,,,,,,,Hit rate: 2/5 (40%)
2026-07-08,email,bottom_line_content,free,0,ROSTER_FACT,0,,,,,,,Edge: Herrera vs LHP is the lineup's sharpest tool.
2026-07-08,email,bottom_line_content,free,1,SPLIT_DIRECTION,9,,,,,,,His 2025 vs-LHP line is .330/.455/.660 in 124 PA with 9 HR -- a slugging profile that punishes Harrison's few but real LHB HR issues (3 HR allowed in 47 PA vs LHB in 2025).
2026-07-08,email,bottom_line_content,free,2,SPLIT_DIRECTION,6,,,,,,,Threat: Yelich vs RHP is the collision point. 2025 line: .271/.356/.493 in 461 PA with 25 HR.
2026-07-08,email,bottom_line_content,free,3,GAME_EVENT,1,,,,,,,He is on a 3-for-5 heater from Tuesday.
2026-07-08,email,bottom_line_content,free,4,SPLIT_DIRECTION,5,,,,,,,"McGreevy's 2025 vs-LHB profile (.318/.368/.543, .911 OPS) is the platoon slot where the Brewers will hunt."
2026-07-08,email,bottom_line_content,free,5,STAT_VALUE,4,,,,,,,"Watch: McGreevy at Busch tonight -- 5.22 ERA at home in 50.0 IP, 3.55 on the road in 45.2 IP."
2026-07-08,email,bottom_line_content,free,6,SPLIT_DIRECTION,1,,,,,,,"The venue split is a real signal, and tonight the Cardinals need him to reverse his home pattern to avoid falling 4-0 in the set."
2026-07-08,email,key_matchups_prose,free,0,SPLIT_DIRECTION_BARE,0,,,,,,,Iván Herrera vs Harrison.
2026-07-08,email,key_matchups_prose,free,1,SPLIT_DIRECTION,6,,,,,,,Herrera's 2025 vs-LHP baseline is .330/.455/.660 in 124 PA with 9 HR -- the lineup's most concentrated LHP threat.
2026-07-08,email,key_matchups_prose,free,2,SPLIT_DIRECTION,5,,,,,,,Harrison's 2025 vs-LHB sample (47 PA) allowed 3 HR against 10 K with 0 BB.
2026-07-08,email,key_matchups_prose,free,3,FRAMING_VOICE,0,,,,,,,"Approach: force strikes, then attack for damage."
2026-07-08,email,key_matchups_prose,free,4,SPLIT_DIRECTION_BARE,0,,,,,,,McGreevy vs Yelich.
2026-07-08,email,key_matchups_prose,free,5,SPLIT_DIRECTION,7,,,,,,,McGreevy's 2025 vs-LHB line is .318/.368/.543 (.911 OPS) with 9 HR across 190 PA.
2026-07-08,email,key_matchups_prose,free,6,SPLIT_DIRECTION,6,,,,,,,Yelich's 2025 vs-RHP: .271/.356/.493 in 461 PA with 25 HR.
2026-07-08,email,key_matchups_prose,free,7,FRAMING_VOICE,0,S047,FRAMING_VOICE,c,-,-,"""enters hot"" bare recent-form leg","This is the game's biggest platoon collision, and Yelich enters hot from Tuesday."
2026-07-08,email,key_matchups_prose,free,8,SPLIT_DIRECTION_BARE,0,,,,,,,Walker vs Harrison.
2026-07-08,email,key_matchups_prose,free,9,SPLIT_DIRECTION,5,,,,,,,Walker's 2025 vs-LHP line: .255/.318/.347 in 107 PA.
2026-07-08,email,key_matchups_prose,free,10,SPLIT_DIRECTION,1,,,,,,,Cleanup RHB against a LHP with an OBP-leaky vs-RHB profile (.358 OBP allowed).
2026-07-08,email,key_matchups_prose,free,11,ROSTER_FACT,0,,,,,,,"If Walker works the count, the LHP-vs-RHB math tilts to him."
2026-07-08,email,watchlist_prose,free,0,TREND,1,,,,,,,-- Harrison third pass window (15 PA sample).
2026-07-08,email,watchlist_prose,free,1,STAT_VALUE,4,,,,,,,Harrison's 2025 TTO3 line is .500/.533/.857.
2026-07-08,email,watchlist_prose,free,2,TREND,1,,,,,,,"The sample is thin, but if the Cardinals reach the third pass through the order (innings 7+), that is the exploit window.  -- Brewers speed vs a fresh battery."
2026-07-08,email,watchlist_prose,free,3,STAT_VALUE,6,,,,,,,"Turang (24 SB), Chourio (21), Frelick (19), Yelich (16), Ortiz (14) -- five confirmed 2025 running threats."
2026-07-08,email,watchlist_prose,free,4,STAT_VALUE,2,,,,,,,"Crooks has only 8.2 IP paired with McGreevy in the 2025 sample; the shared reps are thin, and Milwaukee will test.  -- Harrison on the road."
2026-07-08,email,watchlist_prose,free,5,SPLIT_DIRECTION,5,,,,,,,Harrison's 2025 away ERA is 2.08 (26.0 IP) vs 8.38 at home (9.2 IP).
2026-07-08,email,watchlist_prose,free,6,GAME_STATE,0,,,,,,,He is on the road tonight -- his stronger split.
2026-07-08,email,watchlist_prose,free,7,PREDICTION,0,,,,,,,"Expect the elite-K version, not the leaky home version.  -- Cardinals bullpen fork."
2026-07-08,email,watchlist_prose,free,8,SPLIT_DIRECTION,3,,,,,,,Romero 88.5% strand vs Svanson 50.0% in 2025 IR entries.
2026-07-08,email,watchlist_prose,free,9,GAME_STATE,0,,,,,,,Which arm inherits runners tonight bends the middle innings.
2026-07-08,web,season_context_starters,free,0,STAT_VALUE,8,,,,,,,"Michael McGreevy (R, 3.12 ERA). 95.1 IP across 17 starts. 60 K, 22 BB, 1.11 WHIP, 84 H, 13 HR."
2026-07-08,web,season_context_starters,free,1,STAT_VALUE,3,,,,,,,Ground-ball leaning (52.1% GB) with modest whiff rates (15.9% K%) and sharp control (5.8% BB%).
2026-07-08,web,season_context_starters,free,2,FRAMING_VOICE,0,,,,,,,"Contact management first, misses second."
2026-07-08,web,season_context_starters,free,3,STAT_VALUE,8,,,,,,,"Kyle Harrison (L, 2.82 ERA). 79.2 IP across 16 starts. 99 K, 20 BB, 1.08 WHIP, 66 H, 9 HR."
2026-07-08,web,season_context_starters,free,4,MAGNITUDE,2,,,,,,,Elite strikeouts (30.6% K%) with a manageable 6.2% BB%.
2026-07-08,web,season_context_starters,free,5,STAT_VALUE,1,,,,,,,Fly-ball leaning at 40.0% GB -- an unusual high-K / non-GB profile.
2026-07-08,web,season_context_injuries,free,0,ROSTER_FACT,0,,,,,,,No injury or roster-move information is available for today.
2026-07-08,web,bvp_cardinals_vs_starter_annotation,bound,0,BVP_HISTORY,0,,,,,,,Every projected Cardinals starter faces Harrison without a career BvP sample -- a first look for the full lineup.
2026-07-08,web,bvp_cardinals_vs_starter_annotation,bound,1,SPLIT_DIRECTION,5,,,,,,,"Tonight is a profile-first read: Harrison's 2025 K% at 24.4% and his vs-LHB HR history (3 HR in 47 PA in 2025) shape the read, not history."
2026-07-08,web,bvp_cardinals_vs_starter_annotation,bound,2,ABSENCE,0,,,,,,,"Bench note: No career BvP sample against Harrison for any bench batter (Torres, Fermín, Jordan, Velázquez, Pagés)."
2026-07-08,web,bvp_opponent_vs_starter_annotation,bound,0,ABSENCE,0,,,,,,,Milwaukee's projected lineup has no career BvP sample against McGreevy either.
2026-07-08,web,bvp_opponent_vs_starter_annotation,bound,1,SPLIT_DIRECTION,3,,,,,,,"The matchup runs blind on both sides, which puts the profile numbers -- McGreevy's 2025 vs-LHB .911 OPS allowed, Harrison's 2025 K%/BB% mix -- at the center of the scouting read."
2026-07-08,web,bvp_opponent_vs_starter_annotation,bound,2,ABSENCE,0,,,,,,,"Bench note: No career BvP sample against McGreevy for any Brewers batter (bench options include Perkins, Sánchez, Lara, Jones, and depth pieces)."
2026-07-08,web,platoon_cardinals_annotation,bound,0,SPLIT_DIRECTION,2,,,,,,,"Against Harrison (L) tonight, the 2025 vs-LHP sample flips the lineup's leverage toward the 3 RHB."
2026-07-08,web,platoon_cardinals_annotation,bound,1,SPLIT_DIRECTION,5,S023,STAT_VALUE,a,slot-bound,platoon_cardinals,"""extreme platoon edge"" bare magnitude leg",Herrera (.330/.455/.660 with 9 HR in 124 PA) is the game-changing RHB in this matchup -- an extreme platoon edge.
2026-07-08,web,platoon_cardinals_annotation,bound,2,ROSTER_FACT,6,,,,,,,"Winn (.255/.313/.349) and Walker (.255/.318/.347) round out the RHB with useful, unspectacular numbers."
2026-07-08,web,platoon_cardinals_annotation,bound,3,SPLIT_DIRECTION,6,,,,,,,Nootbaar's 180 PA vs LHP at .201/.291/.289 is the lineup's clearest platoon liability; Church's 14 PA at .417 is too thin to lean on.
2026-07-08,web,platoon_cardinals_annotation,bound,4,ROSTER_FACT,0,,,,,,,Six LHB face a LHP -- the platoon math is against Cardinals depth.
2026-07-08,web,platoon_opponent_annotation,bound,0,SPLIT_DIRECTION,1,,,,,,,"Against McGreevy (R) tonight, Milwaukee's 2025 vs-RHP sample is deep and dangerous."
2026-07-08,web,platoon_opponent_annotation,bound,1,STAT_VALUE,15,,,,,,,"Contreras (.263/.349/.409 in 502 PA), Turang (.274/.352/.447 with 16 HR), Yelich (.271/.356/.493 with 25 HR), and Frelick (.278/.342/.421) all carry above-average lines."
2026-07-08,web,platoon_opponent_annotation,bound,2,STAT_VALUE,3,,,,,,,Bauers (.244/.360/.428) adds a walk-heavy secondary threat.
2026-07-08,web,platoon_opponent_annotation,bound,3,STAT_VALUE,6,S091,STAT_VALUE,a,slot-bound,platoon_opponent,"""attack for outs"" voice",Ortiz (.203/.261/.272) and Mitchell (.208/.278/.333) are the discount matchups -- attack for outs.
2026-07-08,web,platoon_opponent_annotation,bound,4,GAME_STATE,1,,,,,,,The 6 RHB in the projected lineup are where McGreevy's platoon strength lives.
2026-07-08,web,pitcher_platoon_annotation,bound,0,SPLIT_DIRECTION,9,,,,,,,"Harrison's 2025 platoon splits show a rare LHP quirk: his vs-RHB sample (.255/.358/.362) leaks on-base without much slugging, while his vs-LHB sample (.234/.234/.489) allows almost no walks but 3 HR in 47 PA."
2026-07-08,web,pitcher_platoon_annotation,bound,1,ROSTER_FACT,2,S065,PREDICTION,c,-,-,lineup counts leg (a),"The Cardinals' 3 RHB (Herrera, Walker, Winn) will look to work counts; the 6 LHB need to keep the ball off the barrel."
2026-07-08,web,pitcher_platoon_annotation,bound,2,SPLIT_DIRECTION,10,,,,,,,"McGreevy's 2025 vs-LHB line (.318/.368/.543, .911 OPS) is the collision -- Milwaukee's 6 LHB include Yelich (25 HR vs RHP in 2025), Bauers (8 HR), and Turang (16 HR)."
2026-07-08,web,pitcher_platoon_annotation,bound,3,MAGNITUDE,5,,,,,,,"His vs-RHB line (.225/.255/.325, .580 OPS) is elite by comparison, keeping the 6 RHB in the projected MIL lineup as the more manageable half."
2026-07-08,web,pitcher_home_away_annotation,bound,0,STAT_VALUE,4,,,,,,,"Tonight's game is at Busch Stadium -- McGreevy pitching at home (5.22 ERA in 50.0 IP), Harrison pitching away (2.08 ERA in 26.0 IP)."
2026-07-08,web,pitcher_home_away_annotation,bound,1,SPLIT_DIRECTION_BARE,0,,,,,,,"Both directions favor the more meaningful side of each pitcher's split: Harrison's road number is his ceiling, McGreevy's home number is his floor."
2026-07-08,web,pitcher_home_away_annotation,bound,2,FRAMING_VOICE,0,,,,,,,That framing sits at the center of the matchup before a single pitch.
2026-07-08,web,tto_splits_annotation,bound,0,STAT_VALUE,6,,,,,,,"Harrison's 2025 second pass through the order is his lockdown zone (.218/.246/.291, .537 OPS in 57 PA)."
2026-07-08,web,tto_splits_annotation,bound,1,STAT_VALUE,4,,,,,,,His third pass through the order at .500/.533/.857 is a 15 PA sample -- thin -- but flags a cliff on the third pass.
2026-07-08,web,tto_splits_annotation,bound,2,TREND,1,,,,,,,"If the Cardinals reach a third pass through the order (innings 7+), that is the exploit window."
2026-07-08,web,tto_splits_annotation,bound,3,STAT_VALUE,5,,,,,,,Harrison's first pass through the order at .222/.333/.403 is above average; his early-game control is where the walks show up (12 BB in 84 PA).
2026-07-08,web,tto_splits_annotation,bound,4,STAT_VALUE,4,,,,,,,"McGreevy's 2025 TTO progression is unusually flat: .792 OPS (first pass), .715 (second pass), .677 (third pass)."
2026-07-08,web,tto_splits_annotation,bound,5,GAME_STATE,0,,,,,,,His third pass through the order is his best window -- an anti-typical profile.
2026-07-08,web,tto_splits_annotation,bound,6,PREDICTION,0,,,,,,,Milwaukee should target the first pass rather than wait for a fade that does not arrive.
2026-07-08,web,inherited_runners_annotation,bound,0,STAT_VALUE,5,,,,,,,Romero (88.5% strand in 26 IR chances) and O'Brien (70.0% in 10) are the clean bullpen leverage arms in 2025.
2026-07-08,web,inherited_runners_annotation,bound,1,SPLIT_DIRECTION,2,,,,,,,Svanson (50.0%) and Graceffo (54.5%) are the danger side -- inherited-runner situations they enter tend to score.
2026-07-08,web,inherited_runners_annotation,bound,2,MAGNITUDE,1,,,,,,,League average strand rate: ~68-72%.
2026-07-08,web,inherited_runners_annotation,bound,3,PREDICTION,0,,,,,,,"If McGreevy's home ERA holds and he leaves runners on, the choice of relief arm decides the game."
2026-07-08,web,batted_ball_annotation,bound,0,GAME_STATE,6,,,,,,,"McGreevy's 2025 49.2% GB profile meets a Brewers lineup with genuine GB tendency at the top: Yelich (62.3% 2025 GB), Contreras (53.1%), Turang (48.3%)."
2026-07-08,web,batted_ball_annotation,bound,1,STAT_VALUE,3,,,,,,,That is a GB-on-GB collision that has hurt Yelich in 2025 grounders (.245 2025 GB AVG).
2026-07-08,web,batted_ball_annotation,bound,2,SPLIT_DIRECTION,5,,,,,,,"On Harrison's side, the fly-ball tendency and 38.4% 2025 GB rate suggest RHB in the Cardinals lineup (Walker's 2025 48.9% GB, Herrera 52.6%) will hit into a more balanced batted-ball pattern than a strict FB-pitcher matchup."
2026-07-08,web,battery_annotation,bound,0,STAT_VALUE,4,,,,,,,"McGreevy's 2025 catcher pairings are dominated by Pedro Pagés (14 games, 80.2 IP, 4.24 ERA), his primary battery."
2026-07-08,web,battery_annotation,bound,1,STAT_VALUE,3,,,,,,,"Tonight's projected catcher is Jimmy Crooks (2 games, 8.2 IP together, 9.35 ERA) -- a small paired sample."
2026-07-08,web,battery_annotation,bound,2,STAT_VALUE,1,,,,,,,"Yohel Pozo is not on the current active roster, so his 5.2 IP row is context only, not tonight's option."
2026-07-08,web,battery_annotation,bound,3,FRAMING_VOICE,0,,,,,,,A still-forming battery is its own signal.
2026-07-08,web,battery_annotation,bound,4,PREDICTION,0,,,,,,,"Expect early-count sequencing wobbles from Crooks and McGreevy, and expect Milwaukee's runners to test the arm."
2026-07-08,web,battery_annotation,bound,5,STAT_VALUE,1,,,,,,,The 8.2 IP paired workload is the smallest of McGreevy's active-roster catcher options.
2026-07-08,web,baserunning_content,bound,0,MAGNITUDE,26,,,,,,,"Milwaukee brings a fleet of 2025 SB threats to Busch tonight: -- Brice Turang: 24 SB / 8 CS / 75.0% success -- Jackson Chourio: 21 SB / 7 CS / 75.0% -- Sal Frelick: 19 SB / 6 CS / 76.0% -- Christian Yelich: 16 SB / 6 CS / 72.7% -- Joey Ortiz: 14 SB / 3 CS / 82.4% -- Jake Bauers: 8 SB / 1 CS / 88.9% (elite conversion) -- William Contreras: 6 SB / 4 CS / 60.0% -- Garrett Mitchell: 3 SB / 0 CS / 100.0% Read: With Crooks-McGreevy at only 8.2 IP shared workload, the running game should be on the game plan."
2026-07-08,web,baserunning_content,bound,1,GAME_STATE,0,,,,,,,Turang and Chourio at the top of the projected order set the tone.
2026-07-08,web,defense_annotation,bound,0,GAME_STATE,3,,,,,,,"Winn's 129 games at SS (.994 fielding, 3 E) anchors the infield tonight."
2026-07-08,web,defense_annotation,bound,1,STAT_VALUE,2,,,,,,,"Walker starts in RF (108 G, .981)."
2026-07-08,web,defense_annotation,bound,2,GAME_STATE,2,,,,,,,"Nootbaar in LF (107 G, 1.000 fielding) is a plus-defender assignment against a Brewers lineup that runs a lot to left."
2026-07-08,web,defense_annotation,bound,3,STAT_VALUE,2,,,,,,,"Burleson takes 1B (50 G, .990)."
2026-07-08,web,defense_annotation,bound,4,GAME_STATE,2,,,,,,,"Crooks catches (14 G, 1.000) tonight; Herrera moves to DH."
2026-07-08,web,defense_annotation,bound,5,STAT_VALUE,4,,,,,,,"Church starts in CF, where his 18 G at 1.000 fielding is a positive tick against Milwaukee's line-drive-prone hitters (Contreras .651 LD AVG, Frelick .682)."
2026-07-08,web,head_to_head_content,free,0,FRAMING_VOICE,0,,,,,,,Busch Stadium plays as a pitcher-leaning venue historically.
2026-07-08,web,head_to_head_content,free,1,BVP_HISTORY,8,,,,,,,"Recent head-to-head has trended against St Louis: 6-7 in 2025, 5-8 in 2024, 5-8 in 2023, though closer at 10-9 in 2022."
2026-07-08,web,head_to_head_content,free,2,ROSTER_FACT,1,,,,,,,The 2026 slide continues -- Milwaukee has taken the first three games of this five-game set.
2026-07-08,web,head_to_head_content,free,3,FRAMING_VOICE,0,,,,,,,The venue read favors pitching; the recent-sample read favors Milwaukee.
2026-07-08,web,batter_kbb_stl_note,bound,0,STAT_VALUE,2,,,,,,,"Facing Harrison's 24.4% 2025 K%, the whiff risks stack up."
2026-07-08,web,batter_kbb_stl_note,bound,1,STAT_VALUE,4,,,,,,,"Walker (31.8% 2025 K%), Church (27.7%), and Crooks (37.0%) headline the strikeout risk."
2026-07-08,web,batter_kbb_stl_note,bound,2,GAME_STATE,2,,,,,,,Nootbaar's 11.0% 2025 BB% is the lineup's disciplined mark and the best chance to force Harrison into deeper counts.
2026-07-08,web,batter_kbb_annotation,bound,0,STAT_VALUE,1,,,,,,,Milwaukee's plate approach in 2025 splits by role.
2026-07-08,web,batter_kbb_annotation,bound,1,STAT_VALUE,4,,,,,,,Contreras (12.7% BB%) and Bauers (14.7%) lead in walk rate; Chourio (5.1%) and Ortiz (5.3%) are the low-walk chasers -- attack the zone against them.
2026-07-08,web,batter_kbb_annotation,bound,2,STAT_VALUE,5,,,,,,,"On strikeouts, Mitchell (32.1% 2025 K%), Bauers (27.1%), Sánchez (26.7%), and Yelich (25.9%) are the whiff-prone group; McGreevy's low K% profile still finds outs against them via contact."
2026-07-08,web,batter_kbb_annotation,bound,3,ROSTER_FACT,2,,,,,,,"Frelick (13.6% K%, 8.0% BB%) is the contact anchor -- he seldom gives away at-bats."
2026-07-08,web,batter_batted_ball_profile_stl_note,bound,0,STAT_VALUE,2,,,,,,,Church's 2025 67.6% GB rate is the lineup's most extreme; against Harrison's fly-ball leaning profile the ball should stay on the ground for him.
2026-07-08,web,batter_batted_ball_profile_stl_note,bound,1,STAT_VALUE,1,,,,,,,Crooks' 44.4% FB rate is the outlier -- the only fly-ball leaner in a lineup otherwise packed with GB or balanced hitters.
2026-07-08,web,batter_batted_ball_profile_stl_note,bound,2,STAT_VALUE,1,,,,,,,Herrera's 52.6% GB rate meets McGreevy's ground-ball identity later in the game.
2026-07-08,web,batter_batted_ball_profile_annotation,bound,0,STAT_VALUE,4,,,,,,,"Yelich's 62.3% 2025 GB rate is the Brewers' most extreme grounder profile, which fits well into McGreevy's GB identity but also into Yelich's own weak 2025 GB AVG (.245)."
2026-07-08,web,batter_batted_ball_profile_annotation,bound,1,STAT_VALUE,2,,,,,,,Contreras (53.1%) and Frelick (47.8%) round out the GB-leaning middle.
2026-07-08,web,batter_batted_ball_profile_annotation,bound,2,STAT_VALUE,6,,,,,,,"Bauers (34.4% FB), Chourio (30.3%), and Ortiz (31.5%) are the FB threats against McGreevy's home HR history (6 HR allowed in 50.0 IP at Busch in 2025)."
2026-07-08,web,pitcher_kbb_annotation,bound,0,MAGNITUDE,4,,,,,,,"Harrison's 2025 K/BB ratio is 2.71 (24.4% K%, 9.0% BB%) -- elite whiff volume with acceptable walks."
2026-07-08,web,pitcher_kbb_annotation,bound,1,STAT_VALUE,12,,,,,,,"McGreevy's 2025 K/BB ratio is 2.90 (14.5% K%, 5.0% BB%) -- a low-walk, low-whiff contact profile. 2026 to date: McGreevy is at 3.12 ERA, 60 K, 22 BB in 95.1 IP. 2025 baseline: 14.5% K%, 5.0% BB%."
2026-07-08,web,pitcher_kbb_annotation,bound,2,STAT_VALUE,1,,,,,,,The season-to-date profile tracks the 2025 sample.
2026-07-08,web,pitcher_kbb_annotation,bound,3,STAT_VALUE,6,,,,,,,"Harrison in 2026: 2.82 ERA, 99 K, 20 BB in 79.2 IP -- a step forward on K rate from the 2025 baseline."
2026-07-08,web,key_matchups,free,0,SPLIT_DIRECTION_BARE,0,,,,,,,Iván Herrera vs Harrison.
2026-07-08,web,key_matchups,free,1,SPLIT_DIRECTION,6,,,,,,,Herrera's 2025 vs-LHP baseline is .330/.455/.660 in 124 PA with 9 HR -- the lineup's most concentrated LHP threat.
2026-07-08,web,key_matchups,free,2,SPLIT_DIRECTION,5,,,,,,,"Harrison's 2025 vs-LHB sample (47 PA) allowed 3 HR against 10 K with 0 BB -- low-walk, HR-prone platoon slot."
2026-07-08,web,key_matchups,free,3,FRAMING_VOICE,0,,,,,,,"Approach: force strikes, then attack for damage."
2026-07-08,web,key_matchups,free,4,SPLIT_DIRECTION_BARE,0,S094,FRAMING_VOICE,c,-,-,heading fragment,McGreevy vs Yelich.
2026-07-08,web,key_matchups,free,5,SPLIT_DIRECTION,7,,,,,,,McGreevy's 2025 vs-LHB line is .318/.368/.543 (.911 OPS) with 9 HR across 190 PA.
2026-07-08,web,key_matchups,free,6,SPLIT_DIRECTION,6,,,,,,,Yelich's 2025 vs-RHP: .271/.356/.493 in 461 PA with 25 HR.
2026-07-08,web,key_matchups,free,7,GAME_EVENT,1,,,,,,,He is on a 3-for-5 heater from Tuesday.
2026-07-08,web,key_matchups,free,8,FRAMING_VOICE,0,,,,,,,This is the game's biggest platoon collision.
2026-07-08,web,key_matchups,free,9,SPLIT_DIRECTION_BARE,0,,,,,,,Walker vs Harrison.
2026-07-08,web,key_matchups,free,10,SPLIT_DIRECTION,5,,,,,,,Walker's 2025 vs-LHP: .255/.318/.347 in 107 PA.
2026-07-08,web,key_matchups,free,11,SPLIT_DIRECTION,2,,,,,,,Cleanup RHB against a LHP with a leaky vs-RHB OBP profile (.358 OBP allowed in 2025).
2026-07-08,web,key_matchups,free,12,ROSTER_FACT,0,,,,,,,"If Walker works the count, the LHP-vs-RHB math tilts to him."
2026-07-08,web,key_matchups,free,13,STAT_VALUE,5,,,,,,,X-factor: Harrison's third pass through the order. 15 PA is thin -- but the 2025 third-pass line is .500/.533/.857.
2026-07-08,web,key_matchups,free,14,TREND,1,,,,,,,"If the Cardinals reach a third pass through the order (innings 7+), that is the exploit window."
2026-07-08,web,key_matchups,free,15,FRAMING_VOICE,0,,,,,,,Watchlist: Brewers running game.
2026-07-08,web,key_matchups,free,16,STAT_VALUE,2,,,,,,,"Turang, Chourio, Frelick, Yelich, and Ortiz all have 14+ SB in 2025."
2026-07-08,web,key_matchups,free,17,STAT_VALUE,1,,,,,,,Crooks and McGreevy paired only 8.2 IP together -- a fresh battery invites tests.
2026-07-08,web,key_matchups,free,18,FRAMING_VOICE,0,,,,,,,Watchlist: bullpen leverage.
2026-07-08,web,key_matchups,free,19,SPLIT_DIRECTION,4,,,,,,,Romero at 88.5% strand in 26 IR chances vs Svanson at 50.0% in 26 IR chances.
2026-07-08,web,key_matchups,free,20,GAME_STATE,0,S064,FRAMING_VOICE,c,-,-,,Whichever arm inherits runners tonight bends the middle innings.
2026-07-08,web,quick_reference,free,0,STAT_VALUE,1,S026,FRAMING_VOICE,c,-,-,quick_reference question header,How has Iván Herrera performed against Kyle Harrison in their career? 2.
2026-07-08,web,quick_reference,free,1,STAT_VALUE,1,,,,,,,How has Michael McGreevy fared against Christian Yelich in their career? 3.
2026-07-08,web,quick_reference,free,2,STAT_VALUE,1,,,,,,,How has Jordan Walker performed against Kyle Harrison in their career? 4.
2026-07-08,web,quick_reference,free,3,GAME_STATE,2,,,,,,,What are Kyle Harrison's third-time-through-the-order splits in 2025? 5.
2026-07-08,web,quick_reference,free,4,SPLIT_DIRECTION,2,,,,,,,What are Iván Herrera's splits vs LHP in 2025? 6.
2026-07-08,web,quick_reference,free,5,STAT_VALUE,2,,,,,,,How often does JoJo Romero strand inherited runners in 2025? 7.
2026-07-08,web,quick_reference,free,6,STAT_VALUE,1,,,,,,,What is the home run park factor at Busch Stadium in 2025?
2026-07-18,email,report_card_recap,free,0,FRAMING_VOICE,0,,,,,,,"Winn's two-out, two-run single in the first (with a third RBI added on the play as Burleson scored) set the tone."
2026-07-18,email,report_card_recap,free,1,TREND,1,,,,,,,McGreevy went 6.1 IP on one earned run before the pen coughed up Tawa's HR (B3) and Carroll's two-run HR off Gastelum (B8).
2026-07-18,email,report_card_recap,free,2,FRAMING_VOICE,0,,,,,,,Wetherholt's solo shot in T5 was his 14th; Winn's T8 sac fly and Herrera's T9 sac fly restored the lead each time Arizona pushed.
2026-07-18,email,report_card_recap,free,3,GAME_STATE,1,,,,,,,Series opens with STL up 1-0.
2026-07-18,email,prediction_grades_commentary,free,0,STAT_VALUE,2,,,,,,,WRONG -- Kelly walk trouble: Kelly issued 2 BB in 5.0 IP.
2026-07-18,email,prediction_grades_commentary,free,1,STAT_VALUE,3,,,,,,,Threshold was 3+. 2 < 3.
2026-07-18,email,prediction_grades_commentary,free,2,FRAMING_VOICE,0,,,,,,,CORRECT -- Cardinals HR off Kelly: Wetherholt homered in T5.
2026-07-18,email,prediction_grades_commentary,free,3,STAT_VALUE,3,,,,,,,"Kelly pitched 5.0 IP (T1-T5), so the HR came off Kelly. 1 >= 1."
2026-07-18,email,prediction_grades_commentary,free,4,GAME_EVENT,3,,,,,,,WRONG -- Nootbaar reaches: Nootbaar went 1 H + 0 BB = 1 reach.
2026-07-18,email,prediction_grades_commentary,free,5,STAT_VALUE,3,,,,,,,Threshold was 2+. 1 < 2.
2026-07-18,email,prediction_grades_commentary,free,6,GAME_EVENT,5,,,,,,,CORRECT -- Perdomo reaches: Perdomo went 0 H + 2 BB = 2 reaches. 2 >= 2.
2026-07-18,email,prediction_grades_commentary,free,7,STAT_VALUE,5,,,,,,,"WRONG -- Cardinals K total: Cardinals batters combined for 5 K (Herrera 1, Burleson 1, Walker 1, Nootbaar 2)."
2026-07-18,email,prediction_grades_commentary,free,8,STAT_VALUE,3,S053,GAME_EVENT,a,yesterday,box_score,grading arithmetic,Threshold was 8+. 5 < 8.
2026-07-18,email,prediction_grades_commentary,free,9,STAT_VALUE,3,,,,,,,Hit rate: 2/5 (40%)
2026-07-18,email,bottom_line_content,free,0,SPLIT_DIRECTION,5,,,,,,,Edge: Winn is the only Cardinals batter with a positive BvP profile against Pfaadt -- 3-for-9 with a HR (.333/.455/.667 in 11 PA).
2026-07-18,email,bottom_line_content,free,1,STAT_VALUE,1,,,,,,,Everyone else on the sample sits under .300.
2026-07-18,email,bottom_line_content,free,2,STAT_VALUE,3,,,,,,,"Pfaadt's third pass through the order is where the crack shows: .547 SLG allowed, 11 HR in 182 PA."
2026-07-18,email,bottom_line_content,free,3,PREDICTION,0,,,,,,,"If Winn or the top of the order gets that third look, this is the entry point."
2026-07-18,email,bottom_line_content,free,4,FRAMING_VOICE,0,,,,,,,Threat: Corbin Carroll.
2026-07-18,email,bottom_line_content,free,5,BVP_HISTORY,4,,,,,,,"Homered in B8 yesterday, is 3-for-13 (.231 AVG, .538 SLG) against May in the career sample, and hits line drives at a .681 clip."
2026-07-18,email,bottom_line_content,free,6,SPLIT_DIRECTION,4,,,,,,,May's career line vs LHB is .261/.357/.495 (.852 OPS) -- Carroll is exactly the profile May struggles with.
2026-07-18,email,bottom_line_content,free,7,PREDICTION,0,,,,,,,Watch: May's road split and second pass through the order.
2026-07-18,email,bottom_line_content,free,8,SPLIT_DIRECTION,4,,,,,,,"May carries a 6.28 ERA away vs 3.24 at home (career), and his TTO2 line jumps to .878 OPS after a .652 first pass."
2026-07-18,email,bottom_line_content,free,9,STAT_VALUE,1,,,,,,,"Chase Field this afternoon lines both flags up together -- if May survives the first turn, innings 4-6 are the danger zone."
2026-07-18,email,key_matchups_prose,free,0,SPLIT_DIRECTION,7,,,,,,,"Masyn Winn vs Brandon Pfaadt. 11 PA, 3-for-9 with a HR, 2 BB, 3 K -- .333/.455/.667."
2026-07-18,email,key_matchups_prose,free,1,ABSENCE,0,,,,,,,Small sample but the only positive BvP profile in the Cardinals lineup.
2026-07-18,email,key_matchups_prose,free,2,SPLIT_DIRECTION,4,,,,,,,Winn is a 2025-baseline .251/.309/.368 hitter vs RHP; this matchup runs above that.
2026-07-18,email,key_matchups_prose,free,3,SPLIT_DIRECTION,4,,,,,,,"Corbin Carroll vs Dustin May. 3-for-13 in the career BvP sample with a .538 SLG (14 PA, 0 HR yet)."
2026-07-18,email,key_matchups_prose,free,4,STAT_VALUE,2,,,,,,,"Line-drive AVG career .681, 84.2% SB rate."
2026-07-18,email,key_matchups_prose,free,5,SPLIT_DIRECTION,2,,,,,,,May is worse vs LHB (.852 OPS allowed career) and worse on the road (6.28 ERA away).
2026-07-18,email,key_matchups_prose,free,6,FRAMING_VOICE,0,,,,,,,JJ Wetherholt leading off.
2026-07-18,email,key_matchups_prose,free,7,SPLIT_DIRECTION,3,,,,,,,No career BvP vs Pfaadt (rookie sample). 2026 RISP AVG .322 (.898 OPS).
2026-07-18,email,key_matchups_prose,free,8,BVP_HISTORY,3,,,,,,,Pfaadt's TTO1 line is .282/.330/.458 -- the leadoff spot gets first look on a starter whose first-pass results run above his overall line.
2026-07-18,email,watchlist_prose,free,0,PREDICTION,0,,,,,,,-- May away vs May home.
2026-07-18,email,watchlist_prose,free,1,STAT_VALUE,4,,,,,,,"Career 6.28 ERA away in 57.1 IP, 3.24 at home in 75.0 IP."
2026-07-18,email,watchlist_prose,free,2,STAT_VALUE,3,,,,,,,"Chase Field is a road start for the Cardinals.  -- Pfaadt TTO3 crack. .547 SLG allowed in the third pass, 11 HR in 182 PA."
2026-07-18,email,watchlist_prose,free,3,STAT_VALUE,1,,,,,,,First pass .458 SLG.
2026-07-18,email,watchlist_prose,free,4,GAME_STATE,0,,,,,,,Getting Pfaadt to that third look is the Cardinals' cleanest scoring window.  -- Cardinals lineup discipline.
2026-07-18,email,watchlist_prose,free,5,STAT_VALUE,4,,,,,,,"Wetherholt has no 2025 K/BB sample on file yet; among the rest, Nootbaar 11.0% BB%, Herrera 9.6% BB%, Burleson 7.2% BB%."
2026-07-18,email,watchlist_prose,free,6,STAT_VALUE,2,,,,,,,Pfaadt's 2025 walk rate is 4.8% -- take-the-walk swings will rarely convert.  -- Bullpen fork.
2026-07-18,email,watchlist_prose,free,7,STAT_VALUE,4,,,,,,,"O'Brien 70.0% strand, McGreevy 100% (3 IR, small), Leahy 62.1%."
2026-07-18,email,watchlist_prose,free,8,STAT_VALUE,2,,,,,,,"Svanson 50.0%, Graceffo 54.5%."
2026-07-18,email,watchlist_prose,free,9,MAGNITUDE,6,,,,,,,"Which arm inherits with runners on decides innings 6-8; the strand-rate gap between the top and bottom of the pen is real.  -- Perdomo the walk pump. 2025 BB% 13.1 (94 BB in 720 PA), 11.5% K%."
2026-07-18,email,watchlist_prose,free,10,STAT_VALUE,1,,,,,,,Perdomo already drew 2 BB yesterday.
2026-07-18,email,watchlist_prose,free,11,BVP_HISTORY,1,,,,,,,He is 1-for-9 vs May in the career sample but reaches by not swinging.
2026-07-18,web,season_context_starters,free,0,STAT_VALUE,8,S027,STAT_VALUE,a,2026,season_2026 pitching,,"Dustin May (R) -- STL 2026 to date: 5-6, 4.55 ERA, 93.0 IP, 1.26 WHIP, 89 K / 28 BB, 7 HR allowed."
2026-07-18,web,season_context_starters,free,1,STAT_VALUE,3,,,,,,,"K% 22.9, BB% 7.2, GB% 48.3."
2026-07-18,web,season_context_starters,free,2,BVP_HISTORY,8,,,,,,,Career vs LHB .261/.357/.495 (.852 OPS); vs RHB .256/.325/.386 (.711).
2026-07-18,web,season_context_starters,free,3,STAT_VALUE,3,,,,,,,"Career TTO1 .652 OPS jumps to .878 in TTO2 and .882 in TTO3 -- the first pass is his strength, then risk climbs sharply."
2026-07-18,web,season_context_starters,free,4,STAT_VALUE,8,,,,,,,"Brandon Pfaadt (R) -- ARI 2026 to date: 3-1, 4.70 ERA, 53.2 IP, 1.32 WHIP, 41 K / 18 BB, 8 HR allowed."
2026-07-18,web,season_context_starters,free,5,STAT_VALUE,3,,,,,,,"K% 17.7, BB% 7.8, GB% 55.2."
2026-07-18,web,season_context_starters,free,6,BVP_HISTORY,8,,,,,,,Career vs LHB .268/.324/.451 (.775 OPS); vs RHB .291/.322/.489 (.811).
2026-07-18,web,season_context_starters,free,7,STAT_VALUE,3,,,,,,,Career TTO3 OPS spikes to .866 with 11 HR in 182 PA -- the third look is his exposed pass.
2026-07-18,web,season_context_injuries,free,0,ROSTER_FACT,0,,,,,,,No injury or roster-move data is available for today's run beyond what is carried in the active roster tables above.
2026-07-18,web,season_context_injuries,free,1,GAME_EVENT,1,,,,,,,José Fermín (2-for-4 yesterday) is on the active roster but not in the projected lineup; Pedro Pagés is the backup catcher behind Crooks.
2026-07-18,web,season_context_injuries,free,2,GAME_STATE,3,,,,,,,The Cardinals lineup is projected from 2026-07-17; the Diamondbacks card is a projected pool of 12 position players.
2026-07-18,web,bvp_cardinals_vs_starter_annotation,bound,0,STAT_VALUE,6,,,,,,,"Only Winn stands out with a positive line -- 3-for-9 with a HR and 2 BB in 11 PA, .333/.455/.667."
2026-07-18,web,bvp_cardinals_vs_starter_annotation,bound,1,STAT_VALUE,2,,,,,,,Nootbaar's .556 SLG is one HR in a 9-PA look.
2026-07-18,web,bvp_cardinals_vs_starter_annotation,bound,2,STAT_VALUE,1,,,,,,,Everyone else sits at .286 or below.
2026-07-18,web,bvp_cardinals_vs_starter_annotation,bound,3,SPLIT_DIRECTION,5,,,,,,,"Herrera's 5 K in 8 PA is the loudest negative signal in the sample and sits against Pfaadt's RHB line (.291 AVG allowed, .811 OPS -- the more permissive of his two 2025 splits, so damage on contact is the pattern)."
2026-07-18,web,bvp_cardinals_vs_starter_annotation,bound,4,ABSENCE,0,,,,,,,"Bench note: No career BvP rows for Wetherholt, Church, Crooks, Gorman, Pagés, Fermín, or the rest of the bench against Pfaadt."
2026-07-18,web,bvp_cardinals_vs_starter_annotation,bound,5,GAME_STATE,0,,,,,,,The lower half of the order is facing Pfaadt without history to lean on.
2026-07-18,web,bvp_opponent_vs_starter_annotation,bound,0,STAT_VALUE,2,,,,,,,"Carroll is the standout danger -- 3-for-13 with a .538 SLG, no HR yet but the extra-base profile shows."
2026-07-18,web,bvp_opponent_vs_starter_annotation,bound,1,STAT_VALUE,1,,,,,,,Marte has one HR in 13 PA against May.
2026-07-18,web,bvp_opponent_vs_starter_annotation,bound,2,STAT_VALUE,3,,,,,,,Moreno's line drives (.273/.273/.273) are steady but not damaging.
2026-07-18,web,bvp_opponent_vs_starter_annotation,bound,3,STAT_VALUE,4,,,,,,,"Perdomo has 5 K in 11 PA but has drawn 2 BB -- his career .273 OBP off May comes from patience, not contact."
2026-07-18,web,bvp_opponent_vs_starter_annotation,bound,4,GAME_EVENT,1,,,,,,,Arenado is 0-for-9 -- May has owned that matchup so far.
2026-07-18,web,bvp_opponent_vs_starter_annotation,bound,5,ABSENCE,0,,,,,,,"Bench note: Kepler, McCann, Vargas, Barrosa, and Waldschmidt have no career rows against May."
2026-07-18,web,bvp_opponent_vs_starter_annotation,bound,6,PREDICTION,0,,,,,,,"The May matchup for most of the second half of the ARI lineup is a profile bet, not a history bet."
2026-07-18,web,platoon_cardinals_annotation,bound,0,ROSTER_FACT,2,,,,,,,Cardinals bring 6 LHB and 3 RHB against Pfaadt (RHP).
2026-07-18,web,platoon_cardinals_annotation,bound,1,MAGNITUDE,4,,,,,,,Burleson's 2025 .296/.353/.478 vs RHP is the top of the group and lines up with a favorable platoon.
2026-07-18,web,platoon_cardinals_annotation,bound,2,SPLIT_DIRECTION,4,,,,,,,Nootbaar's 2025 .249/.340/.394 vs RHP is above-average OBP with modest slug.
2026-07-18,web,platoon_cardinals_annotation,bound,3,SPLIT_DIRECTION,2,,,,,,,Winn and Herrera each carry .340+ 2025 OBP vs RHP among the RHB.
2026-07-18,web,platoon_cardinals_annotation,bound,4,BVP_HISTORY,6,,,,,,,"Walker is .200 vs RHP in 289 PA with 94 K -- the RHB with the worst 2025 platoon line, and Pfaadt is more permissive against RHB (.291 AVG allowed, .811 OPS) -- his left-handed side is the tougher one."
2026-07-18,web,platoon_cardinals_annotation,bound,5,MAGNITUDE,4,,,,,,,Church (.114 in 51 PA) and Crooks (.108 in 38 PA) are the two bottom-of-order LHB where the platoon works against them despite the L/R nominal advantage -- small samples but reinforcing.
2026-07-18,web,platoon_opponent_annotation,bound,0,ROSTER_FACT,0,,,,,,,May is RHP.
2026-07-18,web,platoon_opponent_annotation,bound,1,SPLIT_DIRECTION,3,,,,,,,"Arizona's projected pool has 2 LHB (Carroll, Kepler), 6 RHB, and 4 SHB -- and the SHB group hits from the left side vs May."
2026-07-18,web,platoon_opponent_annotation,bound,2,SPLIT_DIRECTION,7,,,,,,,Carroll's 2025 .267/.354/.575 vs RHP (24 HR in 443 PA) is the loudest slug line in the lineup and syncs with his career .538 SLG vs May.
2026-07-18,web,platoon_opponent_annotation,bound,3,BVP_HISTORY,5,,,,,,,Perdomo's 2025 .378 OBP vs RHP in 501 PA (68 BB / 68 K) is the on-base engine.
2026-07-18,web,platoon_opponent_annotation,bound,4,MAGNITUDE,5,,,,,,,"Marte's 2025 line vs RHP (.286/.375/.516, 19 HR) is elite production from the switch side."
2026-07-18,web,platoon_opponent_annotation,bound,5,SPLIT_DIRECTION,5,,,,,,,Right side against May is thinner: Arenado .217 with limited walk rate; Gurriel .229 with a low .272 OBP; Tawa .169 in 143 PA.
2026-07-18,web,platoon_opponent_annotation,bound,6,STAT_VALUE,4,,,,,,,"Moreno's 2025 .287/.353/.445 is the strongest RHB line, and he starts behind the plate."
2026-07-18,web,pitcher_platoon_annotation,bound,0,SPLIT_DIRECTION,4,S000,STAT_VALUE,a,career vs LHB,pitcher_platoon + lineup bats,"""split to worry about"" one-sided relation leg","May's career .852 OPS vs LHB (.495 SLG, 15 HR in 334 PA) is his split to worry about, and Arizona's lineup projects with Carroll and Kepler from the left plus four switch-hitters batting left vs May."
2026-07-18,web,pitcher_platoon_annotation,bound,1,SPLIT_DIRECTION,1,,,,,,,That's effectively 6 LHB looks in a lineup where he already carries the higher slug.
2026-07-18,web,pitcher_platoon_annotation,bound,2,SPLIT_DIRECTION,1,,,,,,,"Vs RHB he is a different pitcher -- .711 OPS, half the HR rate."
2026-07-18,web,pitcher_platoon_annotation,bound,3,ROSTER_FACT,0,,,,,,,"Moreno, Gurriel, Arenado, and McCann are the RHB with the least profile advantage."
2026-07-18,web,pitcher_platoon_annotation,bound,4,SPLIT_DIRECTION,4,,,,,,,"Pfaadt's career splits invert the usual RHP pattern: he is tougher on LHB (.324 OBP, .775 OPS) than on RHB (.322 OBP but .811 OPS with more SLG)."
2026-07-18,web,pitcher_platoon_annotation,bound,5,SPLIT_DIRECTION,3,,,,,,,"The Cardinals' 3 RHB -- Herrera, Walker, Winn -- face the slightly friendlier side of the split, but Walker's own 2025 .200 vs RHP is the counterweight."
2026-07-18,web,pitcher_home_away_annotation,bound,0,PREDICTION,0,,,,,,,"Today's game is at Chase Field -- May pitching away, Pfaadt pitching home."
2026-07-18,web,pitcher_home_away_annotation,bound,1,FRAMING_VOICE,0,,,,,,,Both splits pull in the same direction against the Cardinals.
2026-07-18,web,pitcher_home_away_annotation,bound,2,STAT_VALUE,4,,,,,,,May's career away line is 6.28 ERA in 57.1 IP (12 HR); at home he is a 3.24 ERA pitcher.
2026-07-18,web,pitcher_home_away_annotation,bound,3,STAT_VALUE,6,,,,,,,"Pfaadt's home ERA is 2.96 in 97.1 IP with only 4 HR allowed -- his away ERA (7.60, 22 HR in 79.1 IP) is a different pitcher."
2026-07-18,web,pitcher_home_away_annotation,bound,4,FRAMING_VOICE,0,,,,,,,This is Pfaadt's park.
2026-07-18,web,tto_splits_annotation,bound,0,STAT_VALUE,3,,,,,,,May's 2025 baseline shows a sharp cliff between the first pass through the order (.652 OPS) and the second pass (.878).
2026-07-18,web,tto_splits_annotation,bound,1,STAT_VALUE,1,,,,,,,The third pass stays elevated at .882 OPS.
2026-07-18,web,tto_splits_annotation,bound,2,SPLIT_DIRECTION,1,,,,,,,Innings 4-6 are the danger zone -- and that lines up with his road split.
2026-07-18,web,tto_splits_annotation,bound,3,PREDICTION,0,,,,,,,The Cardinals need him to escape TTO1 with the game still close and then decide quickly whether to let him face the top of the order a third time.
2026-07-18,web,tto_splits_annotation,bound,4,STAT_VALUE,6,,,,,,,"Pfaadt runs an inverted TTO shape: his AVG stays flat across all three passes (.282/.277/.276), but SLG explodes in the third pass to .547 with 11 HR in 182 PA."
2026-07-18,web,tto_splits_annotation,bound,5,STAT_VALUE,2,,,,,,,The first and second passes are unusually strong for a mid-rotation starter (.788 and .749 OPS).
2026-07-18,web,tto_splits_annotation,bound,6,MAGNITUDE,0,,,,,,,"If the Cardinals get the top of the order to a third look, that is where the innings open up."
2026-07-18,web,inherited_runners_annotation,bound,0,MAGNITUDE,1,,,,,,,League average strand rate: ~68-72%.
2026-07-18,web,inherited_runners_annotation,bound,1,MAGNITUDE,2,,,,,,,O'Brien (70.0%) sits at the top of that band; Leahy (62.1%) is just below.
2026-07-18,web,inherited_runners_annotation,bound,2,STAT_VALUE,2,,,,,,,"Svanson (50.0%) and Graceffo (54.5%) are meaningfully under -- if either enters with runners on, the run expectancy jumps."
2026-07-18,web,inherited_runners_annotation,bound,3,STAT_VALUE,3,,,,,,,"McGreevy's 100% is a 3-inherited-runner sample and threw 6.1 IP yesterday, so he is unavailable early."
2026-07-18,web,inherited_runners_annotation,bound,4,FRAMING_VOICE,0,S058,PREDICTION,c,-,-,,The Cardinals want O'Brien or Leahy in the leverage spots.
2026-07-18,web,batted_ball_annotation,bound,0,STAT_VALUE,5,,,,,,,"May and Pfaadt are near-mirror 2025 profiles (44.1% GB / 26.6% LD for May, 43.9% GB / 29.0% LD for Pfaadt) -- both are moderate ground-ball starters."
2026-07-18,web,batted_ball_annotation,bound,1,GAME_STATE,3,,,,,,,"Arizona's lineup damages line drives: Marte .702, Perdomo .684, Carroll .681."
2026-07-18,web,batted_ball_annotation,bound,2,MAGNITUDE,2,,,,,,,"That is the shape of every Arizona threat -- ground balls muted (.209-.253 range), fly balls suppressed at Chase's outfield, and line drives at elite conversion."
2026-07-18,web,batted_ball_annotation,bound,3,GAME_EVENT,1,,,,,,,May's LD% allowed (26.6%) is right at the level where those hitters connect.
2026-07-18,web,battery_annotation,bound,0,STAT_VALUE,7,,,,,,,"The catchers above reflect May's Dodgers tenure through 2024 -- his career battery data is dominated by Smith (11 G, 4.98 ERA in 56.0 IP) and Rushing (6 G, 3.89 ERA in 34.2 IP)."
2026-07-18,web,battery_annotation,bound,1,STAT_VALUE,1,,,,,,,"Tonight's scheduled catcher is Jimmy Crooks, who has 0 IP with May in this dataset -- a fresh battery."
2026-07-18,web,battery_annotation,bound,2,PREDICTION,0,,,,,,,"That is a signal in itself: unfamiliar pop-time calibration, signal sequencing on the fly, and a new tempo for how May attacks Perdomo's patience and Carroll's line-drive spray."
2026-07-18,web,battery_annotation,bound,3,PREDICTION,0,,,,,,,Look for early mistake-call sequences in the first pass through the order.
2026-07-18,web,baserunning_content,bound,0,STAT_VALUE,3,,,,,,,"Carroll -- 32 SB, 6 CS, 84.2% success rate."
2026-07-18,web,baserunning_content,bound,1,PREDICTION,0,,,,,,,The single-most active baserunning threat in either lineup and the profile Crooks is meeting for the first time as May's battery partner.
2026-07-18,web,baserunning_content,bound,2,GAME_EVENT,0,,,,,,,"Carroll walked once yesterday and homered; if he singles today, second base is in play immediately."
2026-07-18,web,baserunning_content,bound,3,STAT_VALUE,3,S032,STAT_VALUE,a,slot-bound career,baserunning,arithmetic consistent,"Perdomo -- 27 SB, 6 CS, 81.8% success rate."
2026-07-18,web,baserunning_content,bound,4,FRAMING_VOICE,0,,,,,,,Elite success rate on a high-volume runner.
2026-07-18,web,baserunning_content,bound,5,STAT_VALUE,2,S002,STAT_VALUE,a,2025,batter_kbb,prediction leg,"Combined with a 13.1% BB% (2025), his OBP profile makes him a late-innings running threat."
2026-07-18,web,baserunning_content,bound,6,STAT_VALUE,3,S019,MAGNITUDE,b,career,baserunning,"""~70% break-even"" constant not in payload",Gurriel (71.4%) and Marte (66.7%) are the secondary threats -- Marte's rate is below the ~70% break-even and Gurriel's is right at it.
2026-07-18,web,baserunning_content,bound,7,PREDICTION,0,S045,PREDICTION,c,-,-,,"They will run selectively, not aggressively."
2026-07-18,web,baserunning_content,bound,8,GAME_EVENT,2,,,,,,,"Arenado and Kepler each 3-for-3 (100%) in small samples -- opportunistic, not volume runners."
2026-07-18,web,defense_annotation,bound,0,STAT_VALUE,4,S008,STAT_VALUE,a,2026,defense + batted_ball,prediction leg,"Winn at SS anchors the infield (.994 fld%, 64 DP in 129 G) -- with May working the ground and both starters near 44% GB, Winn will see volume."
2026-07-18,web,defense_annotation,bound,1,GAME_STATE,2,,,,,,,"Walker in RF (.981, 4 E) is the corner with the roughest fielding line among the projected starters."
2026-07-18,web,defense_annotation,bound,2,STAT_VALUE,2,,,,,,,Church starts in CF today with an 18-game sample at that spot (1.000 fld%).
2026-07-18,web,defense_annotation,bound,3,GAME_STATE,3,,,,,,,"Burleson's primary 2025 fielding sample is at 1B (50 G, .990), and he is starting there today."
2026-07-18,web,head_to_head_content,free,0,SPLIT_DIRECTION_BARE,0,,,,,,,Chase Field plays as a neutral-to-slightly-hitter-leaning venue historically (roof state and pull-side dimensions matter game-to-game).
2026-07-18,web,head_to_head_content,free,1,BVP_HISTORY,8,,,,,,,"Recent head-to-head has been dead even: 3-3 in 2025, 3-3 in 2024, 3-3 in 2023, and 5-2 STL in 2022."
2026-07-18,web,head_to_head_content,free,2,GAME_EVENT,2,,,,,,,Yesterday's 5-4 win opened the series with STL up 1-0.
2026-07-18,web,batter_kbb_stl_note,bound,0,GAME_STATE,4,,,,,,,"Cardinals lineup swing-and-miss (2025 K%): Walker 31.8% is the extreme, Crooks 37.0% and Church 27.7% in smaller samples reinforce the tail."
2026-07-18,web,batter_kbb_stl_note,bound,1,STAT_VALUE,1,,,,,,,Burleson (14.5%) is the contact hitter.
2026-07-18,web,batter_kbb_stl_note,bound,2,STAT_VALUE,2,,,,,,,"Pfaadt's 2025 K% is 19.2 -- Walker, Crooks, and Church are the three most likely swing-and-miss touchpoints in the order."
2026-07-18,web,batter_kbb_annotation,bound,0,FRAMING_VOICE,0,,,,,,,Arizona plate discipline is bimodal.
2026-07-18,web,batter_kbb_annotation,bound,1,STAT_VALUE,3,,,,,,,"Perdomo (11.5% K%, 13.1% BB%) and Arenado (11.2% K%) are the low-K anchors -- May's out-pitch rarely finishes them cleanly."
2026-07-18,web,batter_kbb_annotation,bound,2,STAT_VALUE,1,,,,,,,Marte at 14.9% K% is a third contact bat.
2026-07-18,web,batter_kbb_annotation,bound,3,STAT_VALUE,2,,,,,,,Tawa (28.4%) and Barrosa (28.6%) are the two exploitable K signals for May's out-pitch profile.
2026-07-18,web,batter_kbb_annotation,bound,4,STAT_VALUE,1,,,,,,,Carroll at 23.8% K% is the slug-heavy strikeout.
2026-07-18,web,batter_batted_ball_profile_stl_note,bound,0,STAT_VALUE,4,,,,,,,Herrera's 2025 GB profile (52.6%) meets Pfaadt's 55.2% 2026-to-date GB tendency -- expect ground-ball at-bats.
2026-07-18,web,batter_batted_ball_profile_stl_note,bound,1,STAT_VALUE,1,,,,,,,Church (67.6% GB) has the most extreme ground-ball tendency in the lineup.
2026-07-18,web,batter_batted_ball_profile_stl_note,bound,2,STAT_VALUE,4,,,,,,,"Nootbaar (39.1% GB, 35.4% FB) and Winn (39.6% GB, 34.0% FB) are the most balanced batted-ball profiles -- most likely to lift for damage."
2026-07-18,web,batter_batted_ball_profile_annotation,bound,0,STAT_VALUE,6,,,,,,,"Perdomo (27.5% LD), Gurriel (26.4%), Carroll (24.7%) all hit line drives at rates that cross-reference with their high LD-batted-ball AVGs (.684, .570, .681 respectively)."
2026-07-18,web,batter_batted_ball_profile_annotation,bound,1,STAT_VALUE,1,,,,,,,Moreno's 29.3% LD is the highest sustainable line-drive rate in the group.
2026-07-18,web,batter_batted_ball_profile_annotation,bound,2,STAT_VALUE,2,,,,,,,May allows a 26.6% 2025 LD -- exactly the meeting point where this Arizona lineup finds hits.
2026-07-18,web,pitcher_kbb_annotation,bound,0,MAGNITUDE,9,,,,,,,"Pfaadt: 2026 to date 4.70 ERA, 41 K / 18 BB, 7.8% BB%. 2025 baseline: 19.2% K%, 4.8% BB%, K/BB 3.97 -- elite control."
2026-07-18,web,pitcher_kbb_annotation,bound,1,SPLIT_DIRECTION,9,,,,,,,"May: 2026 to date 4.55 ERA, 89 K / 28 BB, 7.2% BB%. 2025 baseline: 21.1% K%, 9.6% BB%, K/BB 2.20 -- more strikeouts but a walk profile twice Pfaadt's."
2026-07-18,web,pitcher_kbb_annotation,bound,2,PREDICTION,0,,,,,,,"If the Cardinals want free passes, May issues them at more than twice Pfaadt's rate."
2026-07-18,web,key_matchups,free,0,SPLIT_DIRECTION,8,S015,BVP_HISTORY,a,career,bvp,arithmetic consistent (9 AB + 2 BB = 11 PA),"Masyn Winn vs Brandon Pfaadt. 11 PA career, 3-for-9 with 1 HR, 2 BB, 3 K -- .333/.455/.667."
2026-07-18,web,key_matchups,free,1,GAME_STATE,0,,,,,,,The only positive BvP profile in the Cardinals lineup.
2026-07-18,web,key_matchups,free,2,SPLIT_DIRECTION,4,,,,,,,"Winn's 2025 baseline vs RHP is .251/.309/.368, so this matchup runs meaningfully above that."
2026-07-18,web,key_matchups,free,3,BVP_HISTORY,2,,,,,,,"Pfaadt is more permissive against RHB (.291 AVG allowed, .811 OPS), and Winn's history against him runs the same way."
2026-07-18,web,key_matchups,free,4,SPLIT_DIRECTION,7,,,,,,,"Corbin Carroll vs Dustin May. 14 PA career, 3-for-13 with 1 BB, 2 K -- .231/.286/.538."
2026-07-18,web,key_matchups,free,5,FRAMING_VOICE,0,,,,,,,No HR yet but the SLG says the extra-base contact is there.
2026-07-18,web,key_matchups,free,6,SPLIT_DIRECTION,10,,,,,,,"Carroll's 2025 vs RHP is .267/.354/.575 (24 HR in 443 PA), his 2025 LD AVG is .681, and he stole a base yesterday among 32 SB at 84.2%."
2026-07-18,web,key_matchups,free,7,SPLIT_DIRECTION,2,,,,,,,May is worse vs LHB (.852 career OPS) and worse on the road (6.28 ERA away).
2026-07-18,web,key_matchups,free,8,FRAMING_VOICE,0,,,,,,,All four vectors line up on Carroll.
2026-07-18,web,key_matchups,free,9,FRAMING_VOICE,0,,,,,,,JJ Wetherholt leading off.
2026-07-18,web,key_matchups,free,10,STAT_VALUE,3,,,,,,,No BvP history against Pfaadt (rookie sample). 2026 RISP AVG .322 (.898 OPS).
2026-07-18,web,key_matchups,free,11,FRAMING_VOICE,0,,,,,,,Homered in T5 yesterday.
2026-07-18,web,key_matchups,free,12,BVP_HISTORY,3,,,,,,,Pfaadt's TTO1 line is .282/.330/.458 -- his softest OBP pass -- and Wetherholt gets first look.
2026-07-18,web,key_matchups,free,13,MAGNITUDE,4,,,,,,,"If Wetherholt draws a walk or gets on with contact, the top of the order threads into a Pfaadt second pass. -- May away vs May home: 6.28 ERA in 57.1 IP away, 3.24 in 75.0 IP at home."
2026-07-18,web,key_matchups,free,14,STAT_VALUE,3,,,,,,,Chase Field is a road start. -- Pfaadt TTO3 crack: .547 SLG allowed on the third pass with 11 HR in 182 PA.
2026-07-18,web,key_matchups,free,15,TREND,3,,,,,,,"Getting Pfaadt to a third look at the top of the order is the cleanest scoring window. -- Cardinals lineup discipline: Nootbaar 11.0% BB%, Herrera 9.6%, Burleson 7.2%."
2026-07-18,web,key_matchups,free,16,STAT_VALUE,2,,,,,,,Pfaadt's 2025 walk rate is 4.8% -- take-the-walk swings will rarely convert.
2026-07-18,web,key_matchups,free,17,SPLIT_DIRECTION,4,,,,,,,"Cardinals will need contact damage rather than free passes. -- Bullpen fork: O'Brien 70.0% strand, McGreevy 100% (3 IR, small sample), Leahy 62.1%."
2026-07-18,web,key_matchups,free,18,MAGNITUDE,3,,,,,,,Svanson 50.0% and Graceffo 54.5% are meaningfully under league average (~68-72%).
2026-07-18,web,key_matchups,free,19,STAT_VALUE,6,,,,,,,"Which arm inherits with runners on decides innings 6-8. -- Perdomo the walk pump: 2025 BB% 13.1 (94 BB in 720 PA), 11.5% K%."
2026-07-18,web,key_matchups,free,20,STAT_VALUE,1,,,,,,,Perdomo drew 2 BB yesterday against Cardinals pitching.
2026-07-18,web,key_matchups,free,21,BVP_HISTORY,1,,,,,,,He is 1-for-9 vs May but reaches by not swinging.
2026-07-18,web,quick_reference,free,0,STAT_VALUE,1,,,,,,,How has Masyn Winn performed against Brandon Pfaadt in their career? 2.
2026-07-18,web,quick_reference,free,1,STAT_VALUE,1,,,,,,,How has Dustin May fared against Corbin Carroll in their career? 3.
2026-07-18,web,quick_reference,free,2,STAT_VALUE,1,,,,,,,How has Ketel Marte performed against Dustin May in their career? 4.
2026-07-18,web,quick_reference,free,3,STAT_VALUE,2,,,,,,,What are Dustin May's third-time-through-the-order splits in 2025? 5.
2026-07-18,web,quick_reference,free,4,SPLIT_DIRECTION,2,,,,,,,What are Corbin Carroll's splits vs RHP in 2025? 6.
2026-07-18,web,quick_reference,free,5,STAT_VALUE,2,,,,,,,How often does Riley O'Brien strand inherited runners in 2025? 7.
2026-07-18,web,quick_reference,free,6,STAT_VALUE,1,,,,,,,What is the home run park factor at Chase Field in 2025?
2026-07-24,email,report_card_recap,free,0,STAT_VALUE,2,,,,,,,"Cardinals 6, Diamondbacks 10."
2026-07-24,email,report_card_recap,free,1,STAT_VALUE,4,,,,,,,"STL grabbed a 2-0 lead in the first on a Walker RBI double and a Nootbaar RBI single, then watched Arizona flip the game with 4 runs in innings 4-5 -- headlined by Tyler Locklear's 2-run home run in the 4th off McGreevy."
2026-07-24,email,report_card_recap,free,2,STAT_VALUE,1,S072,GAME_EVENT,a,yesterday,plays,,"A 5-run Arizona 8th against Svanson and Graceffo (Locklear, Arenado, Moreno RBI singles; Carroll sac fly) put it out of reach."
2026-07-24,email,report_card_recap,free,3,STAT_VALUE,3,,,,,,,"The Cardinals rallied for 4 in the 9th -- Torres 2-RBI single, Nootbaar 2-RBI single -- but came up short."
2026-07-24,email,report_card_recap,free,4,GAME_EVENT,2,,,,,,,Alec Burleson went 3-for-5; Nootbaar drove in 3.
2026-07-24,email,prediction_grades_commentary,free,0,STAT_VALUE,3,,,,,,,CORRECT -- Pfaadt 2+ earned runs: Pfaadt allowed 2 ER in 6.0 IP.
2026-07-24,email,prediction_grades_commentary,free,1,STAT_VALUE,3,,,,,,,Threshold: 2+. 2 >= 2.
2026-07-24,email,prediction_grades_commentary,free,2,STAT_VALUE,4,,,,,,,"WRONG -- Cardinals 8+ strikeouts: Cardinals batters combined for 2 K total (Church 1, Velazquez 1)."
2026-07-24,email,prediction_grades_commentary,free,3,GAME_EVENT,5,,,,,,,"Threshold: 8+. 2 WRONG -- Carroll 2+ reaches: Carroll went 1-for-5, 0 BB."
2026-07-24,email,prediction_grades_commentary,free,4,STAT_VALUE,3,S017,GAME_EVENT,a,yesterday,box_score,prediction-grade arithmetic,Reaches: 1 H + 0 BB = 1.
2026-07-24,email,prediction_grades_commentary,free,5,STAT_VALUE,2,,,,,,,CORRECT -- McGreevy 5+ innings: McGreevy threw 6.1 IP.
2026-07-24,email,prediction_grades_commentary,free,6,STAT_VALUE,3,,,,,,,Threshold: 5.0+. 6.1 >= 5.0.
2026-07-24,email,prediction_grades_commentary,free,7,GAME_EVENT,2,,,,,,,CORRECT -- Cardinals 2+ runs: Cardinals scored 6 runs.
2026-07-24,email,prediction_grades_commentary,free,8,STAT_VALUE,3,,,,,,,Threshold: 2+. 6 >= 2.
2026-07-24,email,prediction_grades_commentary,free,9,STAT_VALUE,3,,,,,,,Hit rate: 3/5 (60%)
2026-07-24,email,bottom_line_content,free,0,PREDICTION,0,,,,,,,Edge: Dustin May's home split is the statistical argument tonight.
2026-07-24,email,bottom_line_content,free,1,SPLIT_DIRECTION,4,,,,,,,He carries a 3.24 ERA at Busch Stadium (75.0 IP) vs 6.28 on the road (57.1 IP).
2026-07-24,email,bottom_line_content,free,2,MAGNITUDE,2,,,,,,,"The Cardinals are hosting a Reds team that ranks 5th in the NL Central, and May's home context -- against a Lowder with a 5.75 ERA and 1.64 WHIP -- is the clearest edge in this matchup."
2026-07-24,email,bottom_line_content,free,3,STAT_VALUE,4,,,,,,,"Threat: Eugenio Suarez is 3-for-6 (.500 AVG, 1.000 SLG, 1 HR) in the career BvP sample against May."
2026-07-24,email,bottom_line_content,free,4,STAT_VALUE,4,S061,BVP_HISTORY,b,unstated (career vs May),bvp,"email free slot, scope word absent; arithmetic consistent","Nathaniel Lowe is 2-for-6 (.333 AVG, .833 SLG, 1 HR)."
2026-07-24,email,bottom_line_content,free,5,PREDICTION,0,,,,,,,"Small samples, but both have hit May with power."
2026-07-24,email,bottom_line_content,free,6,SPLIT_DIRECTION,4,,,,,,,"Lowe also benefits from May's weaker 2025 LHB split -- .261 AVG, .852 OPS allowed vs left-handed bats (334 PA)."
2026-07-24,email,bottom_line_content,free,7,PREDICTION,0,,,,,,,Watch: May's second pass through the order is where this game gets decided.
2026-07-24,email,bottom_line_content,free,8,STAT_VALUE,2,,,,,,,His 2025 TTO1 OPS allowed is .652 -- he is effective early.
2026-07-24,email,bottom_line_content,free,9,STAT_VALUE,3,,,,,,,His TTO2 OPS jumps to .878 with 9 HR in 220 PA.
2026-07-24,email,bottom_line_content,free,10,STAT_VALUE,1,,,,,,,"If the Reds make contact into innings 4-6, the Cardinals' bullpen fork becomes the critical decision."
2026-07-24,email,key_matchups_prose,free,0,STAT_VALUE,5,,,,,,,"Burleson hit .296 with a .478 SLG against RHP in 2025 (419 PA, 15 HR)."
2026-07-24,email,key_matchups_prose,free,1,STAT_VALUE,3,,,,,,,Rhett Lowder has a 5.75 ERA and 1.64 WHIP through 14 starts.
2026-07-24,email,key_matchups_prose,free,2,GAME_STATE,1,,,,,,,Burleson batting 3rd in a 6-LHB lineup against a struggling right-hander is the Cardinals' primary offensive path tonight.
2026-07-24,email,key_matchups_prose,free,3,PREDICTION,0,S082,FRAMING_VOICE,c,-,-,heading fragment,Nathaniel Lowe vs May.
2026-07-24,email,key_matchups_prose,free,4,STAT_VALUE,4,,,,,,,"Lowe is 2-for-6 (.333 AVG, .833 SLG, 1 HR) in the career BvP against May."
2026-07-24,email,key_matchups_prose,free,5,SPLIT_DIRECTION,4,,,,,,,"As a LHB, Lowe faces May's weaker 2025 platoon side -- .261 AVG, .852 OPS allowed to left-handed bats (334 PA)."
2026-07-24,email,key_matchups_prose,free,6,SPLIT_DIRECTION_BARE,0,,,,,,,His combination of career BvP history and platoon advantage makes him the Reds' most dangerous hitter in this matchup.
2026-07-24,email,key_matchups_prose,free,7,PREDICTION,0,,,,,,,Eugenio Suarez vs May.
2026-07-24,email,key_matchups_prose,free,8,BVP_HISTORY,4,S080,BVP_HISTORY,a,career,bvp,arithmetic consistent,"Suarez is 3-for-6 (.500 AVG, 1.000 SLG, 1 HR) career against May."
2026-07-24,email,key_matchups_prose,free,9,SPLIT_DIRECTION,5,,,,,,,"His 2025 line vs RHP is .252 AVG, .552 SLG, 36 HR in 473 PA."
2026-07-24,email,key_matchups_prose,free,10,SPLIT_DIRECTION,2,,,,,,,"He is a RHB facing May's better split (.711 OPS allowed to RHBs in 2025), but the career BvP overrides the platoon calculation in this specific matchup."
2026-07-24,email,watchlist_prose,free,0,PREDICTION,0,S033,FRAMING_VOICE,c,-,-,heading fragment,-- Crooks-May fresh battery.
2026-07-24,email,watchlist_prose,free,1,ABSENCE,0,,,,,,,The catchers in May's historical data reflect his prior tenure -- none are on the Cardinals' active roster.
2026-07-24,email,watchlist_prose,free,2,STAT_VALUE,1,,,,,,,"Tonight's catcher, Jimmy Crooks, has 0 career innings paired with May in our sample -- a fresh battery."
2026-07-24,email,watchlist_prose,free,3,PREDICTION,0,S006,PREDICTION,c,-,-,+ heading fragment,Watch for early pitch-selection calibration and pop-time sequencing in the first pass through the order.  -- Reds baserunning vs Crooks.
2026-07-24,email,watchlist_prose,free,4,STAT_VALUE,6,,,,,,,"Dane Myers (18 SB, 78.3% success), TJ Friedl (12 SB, 80.0% success), and Ke'Bryan Hayes (12 SB, 80.0% success) are all active running threats."
2026-07-24,email,watchlist_prose,free,5,FRAMING_VOICE,0,,,,,,,Crooks is catching in only his 14th game.
2026-07-24,email,watchlist_prose,free,6,SPLIT_DIRECTION,1,,,,,,,An unfamiliar pop time is a live advantage for Cincinnati's baserunners tonight.  -- Svanson IR strand rate: 50.0%.
2026-07-24,email,watchlist_prose,free,7,MAGNITUDE,4,,,,,,,"Matt Svanson's 2025 inherited runner strand rate (50.0%, 26 IR) sits well below the league-average range of ~68-72%."
2026-07-24,email,watchlist_prose,free,8,STAT_VALUE,2,,,,,,,He allowed 3 ER in 0.2 IP yesterday while inheriting runners.
2026-07-24,email,watchlist_prose,free,9,STAT_VALUE,1,,,,,,,"If he enters mid-inning with the game close, that 50.0% strand rate is the Cardinals' most exploitable bullpen vulnerability.  -- Walker K rate."
2026-07-24,email,watchlist_prose,free,10,SPLIT_DIRECTION,3,,,,,,,Jordan Walker carries a 31.8% 2025 K rate vs RHP (396 PA) -- the highest in the Cardinals projected lineup.
2026-07-24,email,watchlist_prose,free,11,STAT_VALUE,1,,,,,,,Lowder's 18.2% K rate shows he challenges hitters.
2026-07-24,email,watchlist_prose,free,12,STAT_VALUE,2,,,,,,,Walker is either a strikeout or a hard-contact threat in this matchup; his 31.8% K rate is the ceiling risk in the lineup's 4-hole.
2026-07-24,web,season_context_starters,free,0,STAT_VALUE,9,,,,,,,"Dustin May (R). 2026 to date: 5-7, 4.78 ERA, 98.0 IP, 95 K, 32 BB, 1.32 WHIP, 19 GS, 7 HR allowed."
2026-07-24,web,season_context_starters,free,1,STAT_VALUE,8,,,,,,,"GB% 47.5%, K% 22.9%, BB% 7.7%. 2025 baseline: 21.1% K, 9.6% BB, 2.20 K/BB ratio (132.1 IP)."
2026-07-24,web,season_context_starters,free,2,SPLIT_DIRECTION,5,,,,,,,The defining feature of May's 2026 profile is the home/away split: 3.24 ERA at Busch Stadium (75.0 IP) vs 6.28 on the road (57.1 IP).
2026-07-24,web,season_context_starters,free,3,SPLIT_DIRECTION,0,,,,,,,Tonight's home start is his favorable context.
2026-07-24,web,season_context_starters,free,4,STAT_VALUE,9,,,,,,,"Rhett Lowder (R). 2026 to date: 3-7, 5.75 ERA, 72.0 IP, 61 K, 35 BB, 1.64 WHIP, 14 GS, 9 HR allowed."
2026-07-24,web,season_context_starters,free,5,STAT_VALUE,3,,,,,,,"GB% 48.0%, K% 18.2%, BB% 10.4%."
2026-07-24,web,season_context_starters,free,6,STAT_VALUE,2,,,,,,,"His 10.4% BB rate is elevated -- he struggles with command in stretches -- and the Cardinals project 6 LHBs in tonight's lineup, a group capable of working counts against a right-hander with walk trouble."
2026-07-24,web,season_context_injuries,free,0,GAME_STATE,2,,,,,,,Roster flag: Nolan Gorman (3B) appears in the Cardinals' projected lineup (from 2026-07-23) but does not appear on today's active roster.
2026-07-24,web,season_context_injuries,free,1,ROSTER_FACT,0,,,,,,,Blaze Jordan (3B) is confirmed on the active roster and is available but is not projected in the starting lineup.
2026-07-24,web,season_context_injuries,free,2,ROSTER_FACT,1,,,,,,,Confirm the 3B alignment at first pitch -- the projection may not reflect a roster transaction completed after July 23.
2026-07-24,web,season_context_injuries,free,3,ROSTER_FACT,0,S021,ABSENCE,a,today,injuries,,No additional injury or roster-move data is available for today's Cardinals-Reds game beyond the roster status noted above.
2026-07-24,web,season_context_injuries,free,4,ABSENCE,1,,,,,,,The Reds' lineup has not been confirmed; all 13 position players listed above are from the active roster pool.
2026-07-24,web,bvp_cardinals_vs_starter_annotation,bound,0,FRAMING_VOICE,0,,,,,,,Thin career BvP across the board.
2026-07-24,web,bvp_cardinals_vs_starter_annotation,bound,1,STAT_VALUE,1,,,,,,,"Lars Nootbaar, Alec Burleson, and Jordan Walker each have 2 PA against Lowder -- all hitless."
2026-07-24,web,bvp_cardinals_vs_starter_annotation,bound,2,STAT_VALUE,1,S086,ABSENCE,a,career,bvp,,These 2-PA samples carry no statistical weight.
2026-07-24,web,bvp_cardinals_vs_starter_annotation,bound,3,ABSENCE,0,,,,,,,"JJ Wetherholt, Iván Herrera, Masyn Winn, Jimmy Crooks, Nolan Gorman, and Nathan Church have no career BvP history against Lowder in our sample."
2026-07-24,web,bvp_cardinals_vs_starter_annotation,bound,4,FRAMING_VOICE,0,,,,,,,"The Cardinals are going in essentially blind on Lowder -- this is a profile matchup, not a history matchup."
2026-07-24,web,bvp_cardinals_vs_starter_annotation,bound,5,BVP_HISTORY,0,,,,,,,"Bench note: No bench BvP history vs Lowder in our career sample (Jordan, Torres, Fermin, Velazquez, Pages -- no rows)."
2026-07-24,web,bvp_opponent_vs_starter_annotation,bound,0,STAT_VALUE,8,,,,,,,"Two Reds batters have meaningful career BvP history against May: Eugenio Suárez (3-for-6, .500 AVG, 1.000 SLG, 1 HR) and Nathaniel Lowe (2-for-6, .333 AVG, .833 SLG, 1 HR)."
2026-07-24,web,bvp_opponent_vs_starter_annotation,bound,1,STAT_VALUE,1,,,,,,,"Both samples are small at 6 PA each, but both show power against May."
2026-07-24,web,bvp_opponent_vs_starter_annotation,bound,2,STAT_VALUE,6,,,,,,,"JJ Bleday has 5 PA against May (.000 AVG, .400 OBP -- 1 BB, 2 K) and Jose Trevino is 0-for-3."
2026-07-24,web,bvp_opponent_vs_starter_annotation,bound,3,ABSENCE,0,,,,,,,"Myers, Arroyo, De La Cruz, Hayes, Marte, Stewart, Steer, Friedl, and Stephenson have no career BvP rows against May in our sample."
2026-07-24,web,bvp_opponent_vs_starter_annotation,bound,4,STAT_VALUE,3,,,,,,,"Danger bat threshold: Neither Suárez nor Lowe reaches 10 PA, so neither clears the formal danger bat threshold (10 PA and .400 AVG)."
2026-07-24,web,bvp_opponent_vs_starter_annotation,bound,5,FRAMING_VOICE,0,,,,,,,"The BvP signal is real but directional -- treat as a tendency, not a definitive pattern."
2026-07-24,web,bvp_opponent_vs_starter_annotation,bound,6,BVP_HISTORY,0,,,,,,,Bench note: No significant bench BvP history against May in our career sample (roster-only opponent lineup; data covers the players listed above).
2026-07-24,web,platoon_cardinals_annotation,bound,0,SPLIT_DIRECTION,1,,,,,,,"Tonight's Cardinals face Lowder (R), making the 2025 vs-RHP sample directly applicable to the full projected lineup."
2026-07-24,web,platoon_cardinals_annotation,bound,1,SPLIT_DIRECTION,2,,,,,,,"The handedness summary shows 6 LHB (Wetherholt, Burleson, Nootbaar, Crooks, Gorman, Church) vs 3 RHB (Herrera, Walker, Winn)."
2026-07-24,web,platoon_cardinals_annotation,bound,2,ABSENCE,1,,,,,,,JJ Wetherholt and Nolan Gorman have no 2025 vs-RHP sample on file.
2026-07-24,web,platoon_cardinals_annotation,bound,3,MAGNITUDE,5,,,,,,,"Alec Burleson leads this group with a .296 AVG and .478 SLG vs RHP in 2025 (419 PA, 15 HR) -- the most established track record at a meaningful sample size."
2026-07-24,web,platoon_cardinals_annotation,bound,4,STAT_VALUE,6,,,,,,,"Lars Nootbaar (.249 AVG, .394 SLG, 403 PA) and Iván Herrera (.268 AVG, .399 SLG, 328 PA) round out the reliable producers."
2026-07-24,web,platoon_cardinals_annotation,bound,5,BVP_HISTORY,3,S093,STAT_VALUE,a,slot-bound,platoon_cardinals,"same 289-PA line labelled ""career"" on 08-01 (A076) — label ambiguity class",Jordan Walker is the concern: .200 AVG and .263 OBP vs RHP in 289 PA.
2026-07-24,web,platoon_cardinals_annotation,bound,6,SPLIT_DIRECTION,4,,,,,,,"Nathan Church (.114 AVG, 51 PA) and Jimmy Crooks (.108 AVG, 38 PA) are both below-average contact performers vs RHP, though both samples are limited."
2026-07-24,web,platoon_opponent_annotation,bound,0,ROSTER_FACT,3,,,,,,,"The Reds roster pool contains 8 RHB, 3 LHB, and 2 SHB."
2026-07-24,web,platoon_opponent_annotation,bound,1,SPLIT_DIRECTION,3,,,,,,,"Against May (R), the three left-handed bats (TJ Friedl, Nathaniel Lowe, JJ Bleday) carry the platoon advantage -- May's 2025 LHB OPS allowed is .852 vs .711 against RHBs."
2026-07-24,web,platoon_opponent_annotation,bound,2,ROSTER_FACT,0,,,,,,,"Edwin Arroyo and Elly De La Cruz (switch-hitters) would bat from the left side vs a right-handed starter, adding to the LHB exposure."
2026-07-24,web,platoon_opponent_annotation,bound,3,BVP_HISTORY,6,S046,STAT_VALUE,a,2025,platoon_opponent + kbb,rank within pool,"TJ Friedl (.268 AVG, .378 OBP, .394 SLG vs RHP in 487 PA) is the most established LHB in the pool with a 11.8% BB rate in 2025."
2026-07-24,web,platoon_opponent_annotation,bound,4,STAT_VALUE,5,,,,,,,"Nathaniel Lowe (.252 AVG, .333 OBP, .429 SLG, 438 PA, 16 HR) brings legitimate power to the LHB platoon spot."
2026-07-24,web,platoon_opponent_annotation,bound,5,SPLIT_DIRECTION,3,,,,,,,JJ Bleday is the outlier LHB at .180 AVG and a 26.5% K rate vs RHP (271 PA).
2026-07-24,web,platoon_opponent_annotation,bound,6,BVP_HISTORY,5,S022,STAT_VALUE,a,slot-bound 2025,platoon_opponent,rank within table,"On the RHB side, Eugenio Suárez leads the power profile: .252 AVG, .552 SLG, 36 HR vs RHP in 473 PA (29.8% K%)."
2026-07-24,web,platoon_opponent_annotation,bound,7,STAT_VALUE,5,S062,STAT_VALUE,a,slot-bound,platoon_opponent,"""dangerous"" bare leg","Noelvi Marte (.275 AVG, .516 SLG, 13 HR in 256 PA) is a dangerous contact-power combination despite a 4.4% BB rate."
2026-07-24,web,platoon_opponent_annotation,bound,8,SPLIT_DIRECTION,7,,,,,,,"Jose Trevino (.255 AVG, .288 OBP in 223 PA) and Ke'Bryan Hayes (.242 AVG, .319 SLG in 449 PA) are lower-ceiling RHBs in the 2025 sample."
2026-07-24,web,platoon_opponent_annotation,bound,9,STAT_VALUE,1,,,,,,,Sal Stewart's 51 PA is too limited to weight heavily.
2026-07-24,web,pitcher_platoon_annotation,bound,0,SPLIT_DIRECTION,1,,,,,,,May's 2025 platoon data shows a clear directional split.
2026-07-24,web,pitcher_platoon_annotation,bound,1,SPLIT_DIRECTION,3,,,,,,,"Against RHBs (250 PA), he allows a .711 OPS with 6 HR -- his more favorable matchup."
2026-07-24,web,pitcher_platoon_annotation,bound,2,SPLIT_DIRECTION,3,,,,,,,"Against LHBs (334 PA), the line rises to a .852 OPS with 15 HR -- his more vulnerable side."
2026-07-24,web,pitcher_platoon_annotation,bound,3,SPLIT_DIRECTION,1,,,,,,,"Tonight's Reds roster pool is RHB-heavy (8 RHB) but brings three LHBs (TJ Friedl, Nathaniel Lowe, JJ Bleday) and two switch-hitters (Edwin Arroyo, Elly De La Cruz) who will bat from the left side against a right-handed starter."
2026-07-24,web,pitcher_platoon_annotation,bound,4,ROSTER_FACT,0,,,,,,,"May is well-positioned against the RHB core, but the LHB exposure is real and Lowe is the primary concern."
2026-07-24,web,pitcher_home_away_annotation,bound,0,PREDICTION,0,,,,,,,Tonight's game is at Busch Stadium -- May is pitching at home.
2026-07-24,web,pitcher_home_away_annotation,bound,1,SPLIT_DIRECTION,10,,,,,,,"His home ERA (3.24, 75.0 IP, 326 BF, 9 HR, 73 K) is a substantially better context than his road ERA (6.28, 57.1 IP, 258 BF, 12 HR, 50 K)."
2026-07-24,web,pitcher_home_away_annotation,bound,2,SPLIT_DIRECTION,2,,,,,,,The home/road gap -- 3.24 at Busch Stadium vs 6.28 on the road -- is the most favorable structural element in May's profile for tonight.
2026-07-24,web,pitcher_home_away_annotation,bound,3,PREDICTION,0,,,,,,,His home context is where May keeps the ball in the park and sequences effectively.
2026-07-24,web,tto_splits_annotation,bound,0,SPLIT_DIRECTION,1,,,,,,,May's 2025 TTO splits show a clear first-pass advantage that dissolves in subsequent passes.
2026-07-24,web,tto_splits_annotation,bound,1,STAT_VALUE,4,,,,,,,"In the first pass through the order (TTO1), he holds opponents to a .226 AVG and .652 OPS in 227 PA (5 HR)."
2026-07-24,web,tto_splits_annotation,bound,2,PREDICTION,0,,,,,,,Hitters seeing May for the first time struggle to do damage.
2026-07-24,web,tto_splits_annotation,bound,3,STAT_VALUE,4,,,,,,,"In the second pass through the order (TTO2), the line jumps to .290 AVG and .878 OPS in 220 PA (9 HR)."
2026-07-24,web,tto_splits_annotation,bound,4,SPLIT_DIRECTION,4,,,,,,,"The .652 TTO1 OPS vs .878 TTO2 OPS is the critical pattern in tonight's game -- May is effective through roughly innings 1-3, and exposure builds in innings 4-6."
2026-07-24,web,tto_splits_annotation,bound,5,STAT_VALUE,1,,,,,,,Nine HR in 220 TTO2 PA is not a quality-start profile.
2026-07-24,web,tto_splits_annotation,bound,6,STAT_VALUE,4,S013,STAT_VALUE,a,slot-bound,tto table,"TTO2 figure absent for the ""holds near"" leg","In the third pass through the order (TTO3), the line holds near the TTO2 level: .263 AVG, .882 OPS in 137 PA (7 HR)."
2026-07-24,web,tto_splits_annotation,bound,7,PREDICTION,0,,,,,,,Hitters seeing May a third time are as dangerous as the second pass.
2026-07-24,web,tto_splits_annotation,bound,8,PREDICTION,0,,,,,,,The implication for tonight: getting May through the first pass is the Cardinals' best-case scenario.
2026-07-24,web,tto_splits_annotation,bound,9,TREND,0,,,,,,,"When the bullpen enters in the TTO2 window, the reliever's inherited-runner strand rate becomes the deciding variable."
2026-07-24,web,inherited_runners_annotation,bound,0,STAT_VALUE,1,,,,,,,The Cardinals' 2025 inherited runner strand rates show a wide spread.
2026-07-24,web,inherited_runners_annotation,bound,1,STAT_VALUE,3,S014,MAGNITUDE,a,2026,inherited_runners + league avg,"""~68-72% range"" is an invented band around a real benchmark",Riley O'Brien leads at 70.0% (10 IR) -- above the league-average range of ~68-72%.
2026-07-24,web,inherited_runners_annotation,bound,2,MAGNITUDE,2,,,,,,,Kyle Leahy is at 62.1% (29 IR) -- below league average but with the largest sample of the group.
2026-07-24,web,inherited_runners_annotation,bound,3,STAT_VALUE,2,,,,,,,Michael McGreevy's 100.0% strand rate is a 3-IR sample and should not be over-weighted.
2026-07-24,web,inherited_runners_annotation,bound,4,MAGNITUDE,4,,,,,,,"Gordon Graceffo (54.5%, 11 IR) and Matt Svanson (50.0%, 26 IR) are the most concerning entries -- both well below the league-average range."
2026-07-24,web,inherited_runners_annotation,bound,5,STAT_VALUE,2,,,,,,,Svanson's 50.0% strand rate is the lowest in the group with a substantial sample (26 IR).
2026-07-24,web,inherited_runners_annotation,bound,6,STAT_VALUE,2,,,,,,,He allowed 3 ER in 0.2 IP yesterday while inheriting runners.
2026-07-24,web,inherited_runners_annotation,bound,7,STAT_VALUE,1,,,,,,,"If Svanson enters mid-inning with the game close tonight, his 50.0% strand rate is the Cardinals' most exploitable bullpen vulnerability."
2026-07-24,web,batted_ball_annotation,bound,0,STAT_VALUE,4,,,,,,,May's 2025 batted-ball profile shows a 44.1% GB rate (372 BIP) -- a ground-ball-leaning pitcher who also allows a 26.6% line-drive rate.
2026-07-24,web,batted_ball_annotation,bound,1,STAT_VALUE,2,,,,,,,His 2026 to-date GB% (47.5%) is comparable.
2026-07-24,web,batted_ball_annotation,bound,2,GAME_STATE,1,,,,,,,The Reds' career hitter batted ball data shows line drives are the most dangerous contact type across the lineup -- every Reds hitter in the sample hits above .550 on line drives.
2026-07-24,web,batted_ball_annotation,bound,3,PREDICTION,0,,,,,,,"For May, keeping the Reds off line drives is the primary contact-management task."
2026-07-24,web,batted_ball_annotation,bound,4,STAT_VALUE,4,,,,,,,"Dane Myers (.702 LD AVG, 57 AB on lines) and Noelvi Marte (.704 LD AVG, 54 AB on lines) are the most line-drive dependent hitters in the sample."
2026-07-24,web,batted_ball_annotation,bound,5,MAGNITUDE,2,,,,,,,"Both hit grounders in the mid-.200s and fly balls well below .100 -- for them, the only good outcome is a line drive."
2026-07-24,web,batted_ball_annotation,bound,6,STAT_VALUE,4,,,,,,,May's ability to induce ground balls against Myers (45.9% GB in 2025) and Marte (48.8% GB in 2025) would suppress their ceiling.
2026-07-24,web,batted_ball_annotation,bound,7,SPLIT_DIRECTION,5,,,,,,,"On the fly-ball risk side: Eugenio Suárez (41.4% FB in 2025, .552 SLG vs RHP) and JJ Bleday (41.1% FB in 2025) both elevate balls at a high rate."
2026-07-24,web,batted_ball_annotation,bound,8,STAT_VALUE,1,,,,,,,May's 28.2% FB allowed rate means a fly-ball-heavy matchup can produce extra-base damage from Suárez in particular.
2026-07-24,web,battery_annotation,bound,0,TREND,11,,,,,,,"The catchers shown above -- Will Smith (11 G, 56.0 IP, 4.98 ERA), Dalton Rushing (6 G, 34.2 IP, 3.89 ERA), Carlos Narváez (4 G, 21.0 IP, 4.71 ERA), Austin Barnes (2 G), Connor Wong (2 G) -- reflect May's prior tenure; Smith and Rushing are recognizable Dodgers catchers from May's Los Angeles years before he joined the Cardinals."
2026-07-24,web,battery_annotation,bound,1,ABSENCE,0,,,,,,,None of these catchers are on the Cardinals' active roster today.
2026-07-24,web,battery_annotation,bound,2,ROSTER_FACT,0,S092,ROSTER_FACT,a,tonight,lineups,,"Tonight's scheduled catcher is Jimmy Crooks (batting 7th per the projected lineup, confirmed at position C in today's lineup data)."
2026-07-24,web,battery_annotation,bound,3,STAT_VALUE,1,,,,,,,Crooks has 0 career innings paired with May in our sample -- a fresh battery.
2026-07-24,web,battery_annotation,bound,4,PREDICTION,0,,,,,,,That is a signal in itself: watch for early pitch-selection calibration sequences in the first pass through the order as Crooks and May establish their in-game signal library.
2026-07-24,web,battery_annotation,bound,5,STAT_VALUE,2,,,,,,,"Rushing's 3.89 ERA in 34.2 IP represents May's strongest historical pairing, but that context is Dodger-era and does not translate to tonight's setup."
2026-07-24,web,battery_annotation,bound,6,GAME_STATE,1,,,,,,,"Catcher consistency check: The lineup data confirms Crooks (position ""C"", order 7) as tonight's starting catcher."
2026-07-24,web,battery_annotation,bound,7,FRAMING_VOICE,0,,,,,,,This matches the annotation above -- no discrepancy.
2026-07-24,web,baserunning_content,bound,0,PREDICTION,0,,,,,,,The Reds present an active baserunning threat against tonight's projected battery of Dustin May and Jimmy Crooks.
2026-07-24,web,baserunning_content,bound,1,MAGNITUDE,3,,,,,,,Dane Myers leads the active roster pool with 18 SB (78.3% success rate in 2025).
2026-07-24,web,baserunning_content,bound,2,STAT_VALUE,2,,,,,,,TJ Friedl and Ke'Bryan Hayes each have 12 SB (80.0% success rate).
2026-07-24,web,baserunning_content,bound,3,STAT_VALUE,2,S007,STAT_VALUE,a,slot-bound career,baserunning,,Noelvi Marte has 10 SB (76.9% success rate).
2026-07-24,web,baserunning_content,bound,4,STAT_VALUE,4,,,,,,,"Spencer Steer is the most efficient base stealer in the sample at 87.5% (7 SB, 1 CS in 2025)."
2026-07-24,web,baserunning_content,bound,5,STAT_VALUE,2,,,,,,,Eugenio Suárez has 4 SB (80.0% success rate).
2026-07-24,web,baserunning_content,bound,6,STAT_VALUE,2,,,,,,,Nathaniel Lowe has 1 SB (100.0%).
2026-07-24,web,baserunning_content,bound,7,STAT_VALUE,3,,,,,,,"JJ Bleday is the outlier at 33.3% (1 SB, 2 CS) -- a negative runner on the basepaths."
2026-07-24,web,baserunning_content,bound,8,STAT_VALUE,1,,,,,,,League-average success rate is approximately 68-72%.
2026-07-24,web,baserunning_content,bound,9,FRAMING_VOICE,0,,,,,,,"Myers, Friedl, Hayes, Marte, Steer, Suárez, and Lowe all exceed that threshold."
2026-07-24,web,baserunning_content,bound,10,ABSENCE,0,,,,,,,"The Cardinals' catcher situation -- Jimmy Crooks in his 14th game behind the plate, paired with a pitcher he has never caught before -- may give the Reds a pop-time advantage, particularly for Myers and Friedl if they reach base early in the game."
2026-07-24,web,defense_annotation,bound,0,MAGNITUDE,3,S081,MAGNITUDE,b,2026,defense,"""among the best at the position"" — no league SS comparator in payload","Masyn Winn anchors the infield at SS with a .994 fielding percentage in 129 games -- minimal errors and 64 double plays in his primary sample, among the best at the position."
2026-07-24,web,defense_annotation,bound,1,STAT_VALUE,3,,,,,,,"At 1B tonight, Alec Burleson shows a .990 fld% in 50 games with 27 DP -- a reliable corner who can turn the double play off May's ground-ball tendency."
2026-07-24,web,defense_annotation,bound,2,ROSTER_FACT,0,,,,,,,The outfield is solid on the corners.
2026-07-24,web,defense_annotation,bound,3,STAT_VALUE,2,,,,,,,Lars Nootbaar is errorless in 107 LF games (1.000 fld%) -- the cleanest defensive data point in the Cardinals sample.
2026-07-24,web,defense_annotation,bound,4,STAT_VALUE,3,,,,,,,Jordan Walker at RF has 4 errors in 108 games (.981 fld%).
2026-07-24,web,defense_annotation,bound,5,GAME_EVENT,5,S042,STAT_VALUE,a,2026,defense,,"Nathan Church at CF -- tonight's starter at center per the projected lineup -- is clean in 18 CF games (1.000 fld%), though his 0.833 fld% in 7 RF games with 1 error is a small-sample concern at a different position."
2026-07-24,web,defense_annotation,bound,6,ROSTER_FACT,2,,,,,,,"At catcher, Jimmy Crooks is listed at 1.000 fld% in 14 games (no errors)."
2026-07-24,web,defense_annotation,bound,7,GAME_STATE,3,,,,,,,"Note that Iván Herrera also appears in the catching sample (14 G, 1 E, .989 fld%) -- tonight's starting catcher per the projected lineup is Crooks (batting 7th, position ""C"")."
2026-07-24,web,defense_annotation,bound,8,GAME_STATE,0,,,,,,,"Position assignments for tonight per the lineup card: Crooks (C), Burleson (1B), Winn (SS), Nootbaar (LF), Walker (RF), Church (CF)."
2026-07-24,web,defense_annotation,bound,9,GAME_STATE,0,,,,,,,"The defense table reflects career/season fielding samples; position assignments here are sourced from the lineup, not the defense sample."
2026-07-24,web,head_to_head_content,free,0,BVP_HISTORY,8,,,,,,,"Cardinals vs Reds recent head-to-head record: 7-6 in 2025, 6-7 in 2024, 7-6 in 2023, 12-7 in 2022."
2026-07-24,web,head_to_head_content,free,1,GAME_STATE,0,,,,,,,The series has been relatively even over the past three seasons.
2026-07-24,web,head_to_head_content,free,2,GAME_STATE,1,,,,,,,Tonight opens a 3-game home set for the Cardinals at Busch Stadium.
2026-07-24,web,head_to_head_content,free,3,ROSTER_FACT,0,,,,,,,No numeric park factor for Busch Stadium is available in today's data -- treat this as a neutral-to-pitcher-leaning venue context based on Busch Stadium's historically spacious outfield dimensions.
2026-07-24,web,head_to_head_content,free,4,MAGNITUDE,2,,,,,,,The Cardinals' 7-6 record vs Cincinnati in 2025 is the most relevant directional context for this series.
2026-07-24,web,batter_kbb_stl_note,bound,0,SPLIT_DIRECTION,3,,,,,,,Jordan Walker's 31.8% 2025 K rate vs RHP (396 PA) is the highest in the projected Cardinals lineup -- a significant swing-and-miss concern against any strike-throwing starter.
2026-07-24,web,batter_kbb_stl_note,bound,1,MAGNITUDE,4,,,,,,,"Nathan Church (27.7% K, 65 PA) and Jimmy Crooks (37.0% K, 46 PA) compound the bottom-of-the-order strikeout risk, though both have small samples."
2026-07-24,web,batter_kbb_stl_note,bound,2,MAGNITUDE,1,,,,,,,"League average K rate is 22.2%; Walker, Church, and Crooks all exceed it materially."
2026-07-24,web,batter_kbb_stl_note,bound,3,MAGNITUDE,2,,,,,,,"Alec Burleson (14.5% K, 544 PA) is the lineup's contact anchor, well below the league average."
2026-07-24,web,batter_kbb_stl_note,bound,4,STAT_VALUE,3,,,,,,,"Lars Nootbaar (20.4% K, 11.0% BB in 583 PA) profiles as the most disciplined table-setter in the group."
2026-07-24,web,batter_kbb_stl_note,bound,5,ABSENCE,1,S025,ABSENCE,a,2025,batter_kbb,,JJ Wetherholt and Nolan Gorman have no 2025 K%/BB% data on file.
2026-07-24,web,batter_kbb_annotation,bound,0,STAT_VALUE,1,,,,,,,The Reds present an interesting 2025 K% profile for May.
2026-07-24,web,batter_kbb_annotation,bound,1,STAT_VALUE,2,,,,,,,Tyler Stephenson leads at 33.9% K (342 PA) -- the highest in the Reds' pool and an automatic strikeout risk.
2026-07-24,web,batter_kbb_annotation,bound,2,STAT_VALUE,4,,,,,,,"Eugenio Suárez (29.8% K, 657 PA) and JJ Bleday (26.5% K, 344 PA) are elevated strikeout threats against a competent RHP."
2026-07-24,web,batter_kbb_annotation,bound,3,STAT_VALUE,3,,,,,,,"Nathaniel Lowe (26.1% K, 609 PA) also falls above the league-average K rate of 22.2%, despite being the most dangerous BvP hitter in the sample."
2026-07-24,web,batter_kbb_annotation,bound,4,SPLIT_DIRECTION,4,,,,,,,"In contrast, Jose Trevino (12.9% K, 302 PA) and TJ Friedl (16.8% K, 685 PA) are the best contact profiles in the Reds' pool -- May will need pitch execution to retire them without walks or hard contact."
2026-07-24,web,batter_kbb_annotation,bound,5,MAGNITUDE,3,,,,,,,On the BB side: TJ Friedl leads at 11.8% BB (685 PA) -- above the league average of 8.9%.
2026-07-24,web,batter_kbb_annotation,bound,6,STAT_VALUE,4,,,,,,,"Nathaniel Lowe (10.2% BB, 609 PA) and JJ Bleday (10.5% BB, 344 PA) also show above-average walk rates, meaning they will draw balls out of the zone and extend at-bats."
2026-07-24,web,batter_kbb_annotation,bound,7,STAT_VALUE,4,,,,,,,"Noelvi Marte (4.4% BB, 360 PA) and Jose Trevino (5.0% BB, 302 PA) are below-average walkers -- they will swing early, and May can get them to put balls in play if his command is working."
2026-07-24,web,batter_batted_ball_profile_stl_note,bound,0,STAT_VALUE,3,,,,,,,Iván Herrera profiles as the highest-ground-ball hitter in the Cardinals 2025 sample at 52.6% GB (285 BIP).
2026-07-24,web,batter_batted_ball_profile_stl_note,bound,1,ABSENCE,2,,,,,,,Nathan Church is extreme at 67.6% GB (37 BIP) -- but with a very small sample.
2026-07-24,web,batter_batted_ball_profile_stl_note,bound,2,STAT_VALUE,4,,,,,,,"Jordan Walker (48.9% GB, 231 BIP) and Alec Burleson (42.0% GB, 398 BIP) are moderate ground-ball hitters."
2026-07-24,web,batter_batted_ball_profile_stl_note,bound,3,SPLIT_DIRECTION,3,,,,,,,"Masyn Winn (39.6% GB), Lars Nootbaar (39.1% GB), and Jimmy Crooks (37.0% GB) are more balanced."
2026-07-24,web,batter_batted_ball_profile_stl_note,bound,4,STAT_VALUE,2,,,,,,,"Lowder's 48.0% 2026 GB rate suggests ground balls will be a common outcome tonight -- the Cardinals' moderate-GB hitters (Burleson, Nootbaar, Winn) are best positioned to elevate the ball for extra-base contact in this matchup."
2026-07-24,web,batter_batted_ball_profile_annotation,bound,0,STAT_VALUE,14,,,,,,,"May's 2025 batted-ball profile (44.1% GB, 372 BIP) meets a Reds lineup where several hitters profile as consistent ground-ball producers in 2025: Ke'Bryan Hayes (49.5% GB, 410 BIP), Nathaniel Lowe (46.6% GB, 363 BIP), Noelvi Marte (48.8% GB, 240 BIP), Jose Trevino (48.3% GB, 236 BIP), and Dane Myers (45.9% GB, 222 BIP)."
2026-07-24,web,batter_batted_ball_profile_annotation,bound,1,SPLIT_DIRECTION,2,,,,,,,These matchups align May's tendency to induce ground balls with hitters who are comfortable putting the ball on the ground -- a pitcher-favorable outcome when Burleson (.990 fld%) and Winn (.994 fld%) are holding down the infield corners and middle of the diamond.
2026-07-24,web,batter_batted_ball_profile_annotation,bound,2,SPLIT_DIRECTION,5,,,,,,,"Fly-ball hitters present elevated risk for May: Eugenio Suárez (41.4% FB in 2025, .552 SLG vs RHP) and JJ Bleday (41.1% FB in 2025) both elevate balls at a high rate."
2026-07-24,web,batter_batted_ball_profile_annotation,bound,3,SPLIT_DIRECTION,4,,,,,,,"May's 28.2% 2025 FB allowed rate means a fly-ball-heavy contact sequence can produce extra-base damage, and Suárez's 36 HR vs RHP in 2025 confirms the power ceiling when he elevates."
2026-07-24,web,pitcher_kbb_annotation,bound,0,STAT_VALUE,10,,,,,,,"2026 to date: May carries a 22.9% K rate and 7.7% BB rate in 98.0 IP. 2025 baseline: 21.1% K, 9.6% BB, 2.20 K/BB ratio (132.1 IP, 584 BFP)."
2026-07-24,web,pitcher_kbb_annotation,bound,1,MAGNITUDE,2,,,,,,,"His 2025 K/BB ratio of 2.20 places him in the functional zone -- not an elite swing-and-miss arm, but a reasonable command profile when his stuff is working."
2026-07-24,web,pitcher_kbb_annotation,bound,2,STAT_VALUE,4,,,,,,,"His 2026 BB rate (7.7%) is running below the 2025 baseline (9.6%), which is an encouraging signal for tonight's home start against a Reds lineup with several high-strikeout hitters."
2026-07-24,web,pitcher_kbb_annotation,bound,3,GAME_STATE,0,,,,,,,A lower BB rate preserves his ability to work the plate and induce weak contact through the first and second passes through the order.
2026-07-24,web,key_matchups,free,0,SPLIT_DIRECTION_BARE,0,,,,,,,Alec Burleson vs Rhett Lowder.
2026-07-24,web,key_matchups,free,1,SPLIT_DIRECTION,6,,,,,,,"Burleson's 2025 vs-RHP line is .296 AVG, .353 OBP, .478 SLG in 419 PA (15 HR)."
2026-07-24,web,key_matchups,free,2,STAT_VALUE,3,,,,,,,Lowder's 5.75 ERA and 1.64 WHIP through 14 starts indicate he surrenders hard contact at an elevated rate.
2026-07-24,web,key_matchups,free,3,ABSENCE,2,,,,,,,Burleson batting 3rd in a 6-LHB lineup is the Cardinals' best structural advantage tonight -- a disciplined left-handed bat facing a right-hander who has not established command or consistent contact management in 2026.
2026-07-24,web,key_matchups,free,4,PREDICTION,0,,,,,,,Nathaniel Lowe vs Dustin May.
2026-07-24,web,key_matchups,free,5,STAT_VALUE,4,,,,,,,"Lowe is 2-for-6 (.333 AVG, .833 SLG, 1 HR) in the career BvP against May."
2026-07-24,web,key_matchups,free,6,SPLIT_DIRECTION,6,,,,,,,"As a LHB, Lowe faces May's weaker 2025 platoon side: .261 AVG, .357 OBP, .495 SLG, .852 OPS allowed to left-handed bats (334 PA)."
2026-07-24,web,key_matchups,free,7,SPLIT_DIRECTION,6,,,,,,,"Lowe's 2025 vs-RHP line is .252 AVG, .333 OBP, .429 SLG in 438 PA (16 HR)."
2026-07-24,web,key_matchups,free,8,PREDICTION,0,,,,,,,His combination of career BvP history and platoon advantage -- both pointing in the same direction -- makes him the Reds' most dangerous alignment against May tonight.
2026-07-24,web,key_matchups,free,9,PREDICTION,0,,,,,,,Eugenio Suárez vs Dustin May.
2026-07-24,web,key_matchups,free,10,STAT_VALUE,4,,,,,,,"Suárez is 3-for-6 (.500 AVG, 1.000 SLG, 1 HR) in the career BvP against May."
2026-07-24,web,key_matchups,free,11,SPLIT_DIRECTION,6,,,,,,,"His 2025 vs-RHP line is .252 AVG, .313 OBP, .552 SLG in 473 PA (36 HR)."
2026-07-24,web,key_matchups,free,12,SPLIT_DIRECTION,2,,,,,,,"He is a RHB facing May's better 2025 platoon split (.711 OPS allowed to RHBs), but the career BvP pattern -- three hits including a homer in six PA -- represents a specific threat that overrides the platoon calculation."
2026-07-24,web,key_matchups,free,13,STAT_VALUE,2,,,,,,,"His 29.8% 2025 K rate is the counterweight: May has strikeout paths here, but Suárez's power when he makes contact is legitimate."
2026-07-24,web,key_matchups,free,14,PREDICTION,0,S075,FRAMING_VOICE,c,-,-,heading fragment,May's TTO2 window.
2026-07-24,web,key_matchups,free,15,SPLIT_DIRECTION,7,,,,,,,"May's second pass through the order (TTO2) shows a pronounced jump from the first pass: .290 AVG, .878 OPS in 220 PA (9 HR) vs .226 AVG and .652 OPS in TTO1 (227 PA)."
2026-07-24,web,key_matchups,free,16,STAT_VALUE,1,,,,,,,"If the Reds track May's stuff into innings 4-6, the Cardinals bullpen decision becomes critical."
2026-07-24,web,key_matchups,free,17,STAT_VALUE,4,,,,,,,"Kyle Leahy (62.1% IR strand rate, 29 IR) and Riley O'Brien (70.0% IR strand rate, 10 IR) are the most reliable options to bridge to the back end when May exits."
2026-07-24,web,key_matchups,free,18,PREDICTION,0,,,,,,,X-factor: Crooks-May fresh battery.
2026-07-24,web,key_matchups,free,19,ABSENCE,0,S052,ABSENCE,a,career,battery + roster,,None of the catchers in May's battery history data are on the Cardinals' active roster -- his prior pairings reflect his Los Angeles years.
2026-07-24,web,key_matchups,free,20,PREDICTION,0,,,,,,,Tonight is Jimmy Crooks's first career start paired with Dustin May.
2026-07-24,web,key_matchups,free,21,GAME_STATE,0,,,,,,,"Fresh batteries create calibration noise in the first pass through the order: pitch sequencing, framing setup, and pop time to second are all being established in real time."
2026-07-24,web,key_matchups,free,22,STAT_VALUE,3,,,,,,,"The Reds' active running game (Myers 18 SB, Friedl 12 SB, Hayes 12 SB) makes that pop-time calibration immediately consequential."
2026-07-24,web,quick_reference,free,0,STAT_VALUE,1,,,,,,,How has Alec Burleson performed against Rhett Lowder in their career? 2.
2026-07-24,web,quick_reference,free,1,STAT_VALUE,1,,,,,,,How has Eugenio Suárez performed against Dustin May in their career? 3.
2026-07-24,web,quick_reference,free,2,STAT_VALUE,1,,,,,,,How has Nathaniel Lowe performed against Kyle Leahy in their career? 4.
2026-07-24,web,quick_reference,free,3,STAT_VALUE,2,,,,,,,What are Dustin May's third-time-through-the-order splits in 2025? 5.
2026-07-24,web,quick_reference,free,4,SPLIT_DIRECTION,2,,,,,,,What are Nathaniel Lowe's splits vs RHP in 2025? 6.
2026-07-24,web,quick_reference,free,5,STAT_VALUE,2,,,,,,,How often does Kyle Leahy strand inherited runners in 2025? 7.
2026-07-24,web,quick_reference,free,6,STAT_VALUE,1,,,,,,,What is the runs park factor at Busch Stadium in 2025?
2026-07-31,email,report_card_recap,free,0,STAT_VALUE,1,,,,,,,Andre Pallante kept St Louis competitive through 6.1 innings with two earned runs -- a quality start.
2026-07-31,email,report_card_recap,free,1,STAT_VALUE,1,,,,,,,"JJ Wetherholt's seventh-inning solo homer tied it at 2-2, but two runs in the Chicago tenth were too much: Luis Gastelum allowed a Bregman double and a Happ double, and the Cardinals went quietly in their half."
2026-07-31,email,report_card_recap,free,2,GAME_STATE,0,,,,,,,St Louis drops the series three-of-four to Chicago.
2026-07-31,email,retrospective_commentary,free,0,STAT_VALUE,3,,,,,,,"WHAT WORKED: • Pallante: quality start, 6.1 innings, two earned runs -- gave the bullpen every opportunity • Wetherholt went 2-for-5 with his 16th home run, tying the game in the seventh • Torres drove in Nootbaar with an RBI single in the second to give St Louis the early lead • Stanek and O'Brien combined for two scoreless innings in the bridge role WHAT DIDN'T: • Nootbaar's throwing error in the fourth inning allowed Chicago to score without a hit, flipping the lead • Gastelum surrendered two earned runs in the tenth -- the decisive margin • Walker went 1-for-5 with three strikeouts heading into tonight's start against Cease"
2026-07-31,email,bottom_line_content,free,0,GAME_STATE,0,,,,,,,The park shapes everything tonight.
2026-07-31,email,bottom_line_content,free,1,SPLIT_DIRECTION,2,,,,,,,Dylan Cease has posted a 3.19 ERA at Rogers Centre this season versus a 5.47 ERA on the road -- St Louis is walking into the favorable version.
2026-07-31,email,bottom_line_content,free,2,SPLIT_DIRECTION,1,,,,,,,"Kyle Leahy flips the coin: his away ERA (2.68) is his stronger split, meaning both park effects break for Toronto tonight."
2026-07-31,email,bottom_line_content,free,3,ROSTER_FACT,0,,,,,,,Structural edge for St Louis: Leahy pitching in his stronger environment against a Toronto lineup the Cardinals know only from roster projection.
2026-07-31,email,bottom_line_content,free,4,SPLIT_DIRECTION,2,,,,,,,Threat to watch: Six of nine Cardinals starters bat left-handed against a pitcher whose OPS against left-handed batters (.735) runs slightly higher than against righties (.700).
2026-07-31,email,bottom_line_content,free,5,STAT_VALUE,1,,,,,,,Cease's 36.5% strikeout rate this season makes contact difficult regardless of handedness.
2026-07-31,email,bottom_line_content,free,6,TREND,2,,,,,,,Window to exploit: Cease's times-through-order data shows a .602 OPS on the first pass and .802 on the second.
2026-07-31,email,bottom_line_content,free,7,TREND,0,S040,PREDICTION,c,-,-,,"If St Louis can survive the early innings, the fourth through sixth become the primary window."
2026-07-31,email,key_matchups_prose,free,0,SPLIT_DIRECTION,4,,,,,,,"Ivan Herrera vs Dylan Cease  Herrera is 4-for-7 in 8 career PA against Cease (.571 AVG, .857 SLG), making him the Cardinals' best-performing hitter historically against tonight's starter."
2026-07-31,email,key_matchups_prose,free,1,FRAMING_VOICE,0,,,,,,,"The sample is small, but the contact quality is real."
2026-07-31,email,key_matchups_prose,free,2,ROSTER_FACT,0,,,,,,,He bats second and serves as DH tonight.
2026-07-31,email,key_matchups_prose,free,3,SPLIT_DIRECTION,2,,,,,,,Jordan Walker vs Dylan Cease  Walker is 1-for-5 lifetime against Cease (.200) and came into tonight with three consecutive strikeouts against the Cubs.
2026-07-31,email,key_matchups_prose,free,4,SPLIT_DIRECTION,3,,,,,,,"His 2025 K% vs right-handed pitching was 31.8% -- against a starter with a 36.5% strikeout rate this season, plate discipline will define the matchup."
2026-07-31,email,key_matchups_prose,free,5,SPLIT_DIRECTION,6,,,,,,,George Springer vs Kyle Leahy  Springer hit .327/.412/.588 vs right-handed pitching in 2025 and has stolen 18 bases at 94.7% this season.
2026-07-31,email,key_matchups_prose,free,6,FRAMING_VOICE,0,,,,,,,He has one prior plate appearance against Leahy -- a hit.
2026-07-31,email,key_matchups_prose,free,7,PREDICTION,0,,,,,,,"With essentially no scouting history, Leahy will have to establish himself from scratch against one of Toronto's most complete threats."
2026-07-31,email,watchlist_prose,free,0,FRAMING_VOICE,0,,,,,,,Contact rate against Cease.
2026-07-31,email,watchlist_prose,free,1,STAT_VALUE,1,,,,,,,Cease's 36.5% strikeout rate this season is among the stiffest tests the Cardinals will face this road trip.
2026-07-31,email,watchlist_prose,free,2,SPLIT_DIRECTION,4,,,,,,,"Walker (31.8% K% vs RHP, 2025) and Crooks (37.0% K% vs RHP, 2025) are the two most exposed in the order tonight."
2026-07-31,email,watchlist_prose,free,3,FRAMING_VOICE,0,,,,,,,Cease's second pass.
2026-07-31,email,watchlist_prose,free,4,STAT_VALUE,2,,,,,,,"TTO data shows a clear cliff: .602 OPS in the first pass, .802 in the second."
2026-07-31,email,watchlist_prose,free,5,TREND,0,,,,,,,"If St Louis limits damage through the first three innings, the fourth through sixth become the primary window for damage."
2026-07-31,email,watchlist_prose,free,6,ROSTER_FACT,0,,,,,,,Jimmy Crooks starts behind the plate tonight.
2026-07-31,email,watchlist_prose,free,7,TREND,5,,,,,,,"The Leahy-Crooks pairing has produced an 8.53 ERA in 4 prior games and 6.1 innings -- a sharp contrast to the Leahy-Pages pairing (3.05 ERA, 43 games)."
2026-07-31,email,watchlist_prose,free,8,PREDICTION,0,S056,PREDICTION,c,-,-,,Worth watching how the duo establishes a game plan in a road environment.
2026-07-31,email,watchlist_prose,free,9,STAT_VALUE,2,,,,,,,George Springer has stolen 18 bases at 94.7% success rate this season.
2026-07-31,email,watchlist_prose,free,10,PREDICTION,0,,,,,,,"If he reaches base, treating him as a static runner would be a mistake."
2026-07-31,email,trend_watch_prose,free,0,STAT_VALUE,1,,,,,,,Jordan Walker's 2026 season is historically rare.
2026-07-31,email,trend_watch_prose,free,1,MAGNITUDE,7,,,,,,,"His OPS has jumped from .584 in 2025 to .838 in 2026 -- a +.254 swing that ranks p99+ across 16,975 qualifying season pairs in MLB history."
2026-07-31,email,trend_watch_prose,free,2,STAT_VALUE,3,,,,,,,"He has already set career bests in RBI (78, surpassing his previous best of 51 from 2023), home runs, stolen bases, and runs scored."
2026-07-31,email,trend_watch_prose,free,3,TREND,2,,,,,,,"The tension: since July 6, the Cardinals rank 30th in baseball in runs per game (3.32) -- a significant portion of the team's offensive output has funneled through a single bat."
2026-07-31,email,trend_watch_prose,free,4,PREDICTION,0,,,,,,,Dustin May has become a liability.
2026-07-31,email,trend_watch_prose,free,5,TREND,4,,,,,,,"May carried a 4.63 ERA over his first 14 outings this season; over his last seven starts since June 21, that number has risen to 15.64."
2026-07-31,web,web_yesterday_recap,free,0,STAT_VALUE,5,,,,,,,"CHC 4, STL 2 (10 innings) — André Pallante delivered a quality start (6.1 IP, 2 ER) and JJ Wetherholt tied it with his 16th home run in the seventh, but two runs in the Chicago tenth ended St Louis's chances."
2026-07-31,web,web_yesterday_recap,free,1,FRAMING_VOICE,0,,,,,,,"Luis Gastelum entered in extras and allowed a Bregman RBI double and a Happ RBI double, and the Cardinals went quietly in their half."
2026-07-31,web,web_yesterday_recap,free,2,STAT_VALUE,1,S049,GAME_EVENT,a,yesterday,plays,,A Nootbaar throwing error in the fourth inning had gifted Chicago a run to flip the lead after Torres's second-inning RBI single put St Louis ahead 1-0.
2026-07-31,web,web_yesterday_recap,free,3,GAME_EVENT,1,,,,,,,Walker went 1-for-5 with three strikeouts.
2026-07-31,web,web_yesterday_recap,free,4,GAME_STATE,0,,,,,,,Series: St Louis lost three-of-four to Chicago.
2026-07-31,web,season_context_starters,free,0,STAT_VALUE,11,,,,,,,"Kyle Leahy (R, 7-4, 3.55 ERA, 101.1 IP) — 2026 to date: K% 20.4%, BB% 7.9%, GB% 52.0%. 2025 K%: 22.0%, BB%: 7.7%, K/BB: 2.86."
2026-07-31,web,season_context_starters,free,1,SPLIT_DIRECTION,5,,,,,,,"Away ERA 2.68 (43.2 IP) vs Home ERA 4.47 (44.1 IP) in 2026 — pitching away from Busch Stadium tonight, which is his stronger split."
2026-07-31,web,season_context_starters,free,2,STAT_VALUE,11,,,,,,,"Dylan Cease (R, 7-5, 2.46 ERA, 113.1 IP) — 2026 to date: K% 36.5%, BB% 10.5%, GB% 50.0%. 2025 K%: 29.8%, BB%: 9.8%, K/BB: 3.03."
2026-07-31,web,season_context_starters,free,3,SPLIT_DIRECTION,5,,,,,,,"Rogers Centre Home ERA: 3.19 (87.1 IP) vs Away ERA: 5.47 (80.2 IP) in 2026 — pitching at Rogers Centre tonight, dramatically his better split."
2026-07-31,web,season_context_injuries,free,0,ABSENCE,0,,,,,,,No Cardinals injury or roster notes were included in today's report.
2026-07-31,web,season_context_injuries,free,1,GAME_STATE,1,,,,,,,Blue Jays lineup to be set from 13-player active roster pool; Yohel Pozo is not on the active roster.
2026-07-31,web,bvp_cardinals_vs_starter_annotation,bound,0,STAT_VALUE,5,,,,,,,Iván Herrera's 8 PA (.571/.571/.857) is the only footprint in this lineup with any interpretive weight — and even 8 PA demands caution.
2026-07-31,web,bvp_cardinals_vs_starter_annotation,bound,1,TREND,1,,,,,,,"The five remaining starters with prior looks (Nootbaar, Burleson, Walker, Winn) all show 5-6 PA, which is noise."
2026-07-31,web,bvp_cardinals_vs_starter_annotation,bound,2,ABSENCE,0,,,,,,,"Wetherholt, Crooks, Gorman, and Church have no prior exposure to Cease."
2026-07-31,web,bvp_opponent_vs_starter_annotation,bound,0,TREND,1,,,,,,,All five Toronto batters with prior history against Leahy hold exactly 1 PA — meaningless as a predictive signal.
2026-07-31,web,bvp_opponent_vs_starter_annotation,bound,1,FRAMING_VOICE,0,,,,,,,Kirk's homer and Springer's hit both come from single plate appearances.
2026-07-31,web,bvp_opponent_vs_starter_annotation,bound,2,GAME_STATE,0,,,,,,,Tonight's matchup is essentially a clean slate for both sides.
2026-07-31,web,platoon_cardinals_annotation,bound,0,GAME_STATE,0,,,,,,,Six of nine Cardinals starters bat left-handed tonight against a right-handed Cease.
2026-07-31,web,platoon_cardinals_annotation,bound,1,SPLIT_DIRECTION,7,,,,,,,Burleson (.296/.353/.478 vs RHP in 2025) and Nootbaar (.249/.340/.394) lead the left-handed contingent.
2026-07-31,web,platoon_cardinals_annotation,bound,2,SPLIT_DIRECTION,9,,,,,,,"Walker (.200/.263/.291 in 289 PA vs RHP in 2025), Church (.114 in 51 PA), and Crooks (.108 in 38 PA) are the most exposed matchups in the lineup against right-handed pitching."
2026-07-31,web,platoon_cardinals_annotation,bound,3,BVP_HISTORY,5,,,,,,,"Walker's 2026 numbers (.277 AVG, .815 OPS vs RHP in 334 PA) represent a significant improvement over his 2025 split."
2026-07-31,web,platoon_opponent_annotation,bound,0,ROSTER_FACT,2,,,,,,,Toronto projects predominantly right-handed against Leahy (8 of 13 roster batters).
2026-07-31,web,platoon_opponent_annotation,bound,1,SPLIT_DIRECTION,11,,,,,,,Springer (.327/.412/.588 vs RHP in 2025) leads a group that also includes Guerrero (.282/.367/.452) and Schneider (.259/.384/.531 in 99 PA).
2026-07-31,web,platoon_opponent_annotation,bound,2,SPLIT_DIRECTION,3,,,,,,,"Leahy has held right-handed batters to a .589 OPS (2025, 200 PA) — his stronger platoon split — which aligns favorably with Toronto's expected lineup composition."
2026-07-31,web,platoon_opponent_annotation,bound,3,SPLIT_DIRECTION,6,,,,,,,Nathan Lukes (.257/.320/.413 vs RHP in 2025) and Giménez (.221 in 283 PA) are the most manageable left-handed profiles in the pool.
2026-07-31,web,pitcher_platoon_annotation,bound,0,SPLIT_DIRECTION,3,,,,,,,"Cease runs nearly identical numbers against both handedness groups — .735 OPS vs LHB, .700 vs RHB (2025)."
2026-07-31,web,pitcher_platoon_annotation,bound,1,SPLIT_DIRECTION,2,,,,,,,"The Cardinals' 6-of-9 left-handed lineup faces the marginally softer Cease split, though the gap is narrow enough to be secondary noise relative to the park-context story."
2026-07-31,web,pitcher_platoon_annotation,bound,2,SPLIT_DIRECTION,4,,,,,,,Leahy's most pronounced split: .589 OPS against right-handed batters (200 PA) vs .701 against lefties (163 PA).
2026-07-31,web,pitcher_platoon_annotation,bound,3,SPLIT_DIRECTION,1,,,,,,,"With Toronto projecting 8 RHB from the roster pool, Leahy's favorable split applies to the bulk of the opposing lineup."
2026-07-31,web,pitcher_home_away_annotation,bound,0,GAME_STATE,0,,,,,,,Park context is the dominant structural story tonight.
2026-07-31,web,pitcher_home_away_annotation,bound,1,SPLIT_DIRECTION,5,,,,,,,Cease's home/away split in 2026 is among the starkest in the American League: a 3.19 ERA at Rogers Centre (87.1 IP) vs 5.47 on the road (80.2 IP) — a gap of more than two full runs.
2026-07-31,web,pitcher_home_away_annotation,bound,2,SPLIT_DIRECTION_BARE,0,,,,,,,"St Louis is the visiting team, which means facing the favorable version of Cease."
2026-07-31,web,pitcher_home_away_annotation,bound,3,SPLIT_DIRECTION,2,,,,,,,"Leahy inverts the equation: his away ERA (2.68, 43.2 IP) is his stronger split."
2026-07-31,web,pitcher_home_away_annotation,bound,4,GAME_STATE,0,,,,,,,Both park effects run in Toronto's direction tonight.
2026-07-31,web,tto_splits_annotation,bound,0,TREND,6,,,,,,,Cease shows a significant first-to-second-pass cliff: .602 OPS in the first pass (290 PA) jumps to .802 in the second (288 PA) before settling at .790 in the third (144 PA).
2026-07-31,web,tto_splits_annotation,bound,1,PREDICTION,0,,,,,,,The Cardinals' best collective opportunity tonight arrives in the fourth through sixth innings if they can limit damage on the first rotation through the order.
2026-07-31,web,tto_splits_annotation,bound,2,ABSENCE,1,,,,,,,Leahy's second-pass figure (8 PA) is too small to interpret — he has not been tested deep in games as a starter at sufficient volume.
2026-07-31,web,inherited_runners_annotation,bound,0,STAT_VALUE,4,,,,,,,"McGreevy leads Cardinals relievers in inherited-runner strand rate (100.0%, 3 IR) and maintains a 3.57 ERA over 116.0 innings."
2026-07-31,web,inherited_runners_annotation,bound,1,STAT_VALUE,4,,,,,,,"O'Brien has stranded 70.0% of his 10 inherited runners (3.50 ERA, 43.2 IP)."
2026-07-31,web,inherited_runners_annotation,bound,2,STAT_VALUE,4,,,,,,,"Svanson remains the most exposed arm in the group: 50.0% strand rate on 26 IR, 7.27 ERA in 43.1 IP."
2026-07-31,web,inherited_runners_annotation,bound,3,STAT_VALUE,2,,,,,,,Graceffo sits between at 54.5% (11 IR).
2026-07-31,web,inherited_runners_annotation,bound,4,GAME_EVENT,0,,,,,,,"Last night Gastelum entered in extras and allowed two runs — he does not appear in this profile, which covers the full-season picture for the listed arms."
2026-07-31,web,batted_ball_annotation,bound,0,STAT_VALUE,2,,,,,,,Leahy generates grounders at a 44.2% GB rate — above Cease's 38.5%.
2026-07-31,web,batted_ball_annotation,bound,1,STAT_VALUE,4,,,,,,,"Among Toronto batters, Clement (.640 LD AVG), Guerrero (.672 LD AVG), Schneider (.762 LD AVG), and Springer (.694 LD AVG) are at their most dangerous on line drives."
2026-07-31,web,batted_ball_annotation,bound,2,STAT_VALUE,2,,,,,,,Giménez (.161 GB AVG) and Varsho (.188 GB AVG) struggle on grounders — Leahy's groundball tendency works in his favor against those bats.
2026-07-31,web,battery_annotation,bound,0,STAT_VALUE,2,,,,,,,Jimmy Crooks starts behind the plate tonight — his fourth time catching Leahy this season (8.53 ERA in 6.1 IP in those games).
2026-07-31,web,battery_annotation,bound,1,STAT_VALUE,2,,,,,,,"Pedro Pagés is the established primary pairing (43G, 3.05 ERA, 62.0 IP), but is not in tonight's lineup."
2026-07-31,web,battery_annotation,bound,2,STAT_VALUE,1,,,,,,,"Yohel Pozo (2.25 ERA, 13G) is not on the active roster."
2026-07-31,web,battery_annotation,bound,3,GAME_STATE,0,,,,,,,"Tonight's battery is the least experienced of the available pairings, and both left-handed catchers (Crooks and Herrera) show elevated ERA figures in their Leahy games."
2026-07-31,web,baserunning_content,bound,0,STAT_VALUE,9,,,,,,,"PlayerSBAttSucc% George Springer181994.7% Myles Straw121392.3% Andrés Giménez121485.7% Vladimir Guerrero6966.7% Ernie Clement61154.5% Daulton Varsho22100% Toronto's running game is a legitimate concern: Springer (94.7%), Straw (92.3%), and Giménez (85.7%) are all operating at high efficiency on the bases."
2026-07-31,web,baserunning_content,bound,1,STAT_VALUE,1,,,,,,,Clement's 54.5% is the one deterrent in the pool.
2026-07-31,web,baserunning_content,bound,2,GAME_EVENT,1,,,,,,,Crooks has not committed an error at catcher in 14 games this season but has limited experience managing high-volume stolen-base threats.
2026-07-31,web,defense_annotation,bound,0,GAME_EVENT,4,S083,STAT_VALUE,a,2026,defense,,"Winn anchors the Cardinals' defensive profile at shortstop: 129 games, 64 double plays, 3 errors, .994 fielding percentage."
2026-07-31,web,defense_annotation,bound,1,GAME_EVENT,2,,,,,,,Nootbaar in left field has not committed an error at that position in 107 games (1.000).
2026-07-31,web,defense_annotation,bound,2,ROSTER_FACT,1,,,,,,,Crooks shows a clean mark at catcher in 14 games.
2026-07-31,web,defense_annotation,bound,3,GAME_EVENT,0,,,,,,,Nootbaar's throwing error last night came in game action — the seasonal defensive table reflects the snapshot as of the report date.
2026-07-31,web,head_to_head_content,free,0,GAME_EVENT,8,,,,,,,"SeasonSTL WTOR WSeries 202503Lost 0-3 202403Lost 0-3 202321Won 2-1 202222Split 2-2 St Louis has not won a series against Toronto in the last two seasons (0-3 in 2025, 0-3 in 2024)."
2026-07-31,web,head_to_head_content,free,1,GAME_STATE,0,,,,,,,Tonight opens a three-game set at Rogers Centre.
2026-07-31,web,head_to_head_content,free,2,BVP_HISTORY,2,,,,,,,The home/away split context (Cease's 3.19 ERA at Rogers Centre vs 5.47 away) compounds the head-to-head trend — both historical and park factors point toward Toronto.
2026-07-31,web,batter_kbb_stl_note,bound,0,STAT_VALUE,4,,,,,,,Crooks (2025 K%: 37.0%) and Walker (31.8%) are the two most exposed contact profiles in the Cardinals lineup against Cease's 36.5% strikeout rate this season.
2026-07-31,web,batter_kbb_stl_note,bound,1,STAT_VALUE,1,,,,,,,Church (27.7%) adds to the vulnerability.
2026-07-31,web,batter_kbb_stl_note,bound,2,GAME_STATE,2,,,,,,,Burleson (14.5% K%) and Nootbaar (20.4% K%) are the lineup's most reliable contact bats against right-handed pitching.
2026-07-31,web,batter_kbb_stl_note,bound,3,STAT_VALUE,3,,,,,,,Walker's 2026 K% (25.0%) shows improvement over his 2025 mark.
2026-07-31,web,batter_kbb_annotation,bound,0,ROSTER_FACT,3,,,,,,,Clement (2025 K%: 10.4%) and Kirk (11.7%) are Toronto's strongest contact bats against right-handed pitching — both should work deep counts against Leahy.
2026-07-31,web,batter_kbb_annotation,bound,1,MAGNITUDE,1,S029,MAGNITUDE,b,-,batter_kbb,"""elite walk rates"" no BB% figure",Springer (19.2% K%) offers volume contact with elite walk rates.
2026-07-31,web,batter_kbb_annotation,bound,2,STAT_VALUE,4,,,,,,,Varsho (28.4%) and Schneider (26.4%) are the highest-strikeout risks in Toronto's projected lineup; Schneider's 2026 K% (32.6%) has elevated further.
2026-07-31,web,batter_batted_ball_profile_stl_note,bound,0,STAT_VALUE,3,,,,,,,Herrera (52.6% GB) and Church (67.6% GB) play into Leahy's groundball approach (44.2% GB as a pitcher).
2026-07-31,web,batter_batted_ball_profile_stl_note,bound,1,STAT_VALUE,1,,,,,,,Crooks's elevated fly-ball rate (44.4% FB) is worth noting against a groundball-heavy starter.
2026-07-31,web,batter_batted_ball_profile_stl_note,bound,2,STAT_VALUE,2,,,,,,,Walker (48.9% GB) and Burleson (42.0% GB) align similarly with Leahy's tendencies.
2026-07-31,web,batter_batted_ball_profile_stl_note,bound,3,FRAMING_VOICE,0,,,,,,,"Against Cease, Crooks's fly-ball profile becomes a home-run risk given Rogers Centre's dimensions."
2026-07-31,web,batter_batted_ball_profile_annotation,bound,0,STAT_VALUE,2,,,,,,,Varsho (46.3% FB) and Schneider (48.7% FB) are Toronto's most fly-ball-oriented bats against Leahy's groundball approach — power-risk matchups when they lift the ball.
2026-07-31,web,batter_batted_ball_profile_annotation,bound,1,STAT_VALUE,2,,,,,,,Guerrero (50.0% GB) and Kirk (46.7% GB) play directly into Leahy's tendencies.
2026-07-31,web,batter_batted_ball_profile_annotation,bound,2,STAT_VALUE,3,,,,,,,"Springer's balanced profile (41.4% GB, 31.0% FB, 27.6% LD) makes him dangerous across contact types."
2026-07-31,web,pitcher_kbb_annotation,bound,0,SPLIT_DIRECTION,7,,,,,,,"Cease's 2025 K/BB ratio (3.03) runs slightly ahead of Leahy's (2.86), and his 29.8% K rate outpaces Leahy's 22.0% — a gap that has widened further in 2026, where Cease's K rate stands at 36.5% this season."
2026-07-31,web,pitcher_kbb_annotation,bound,1,FRAMING_VOICE,0,,,,,,,Both pitchers show solid command relative to their strikeout rates.
2026-07-31,web,pitcher_kbb_annotation,bound,2,SPLIT_DIRECTION,3,,,,,,,Leahy's lower walk rate (7.7% vs 9.8% for Cease in 2025) is an underrated element of his profile.
2026-07-31,web,key_matchups,free,0,SPLIT_DIRECTION,5,,,,,,,"Iván Herrera vs Dylan Cease (DH, bats R) — Herrera is 4-for-7 in 8 career PA against Cease (.571 AVG, .571 OBP, .857 SLG)."
2026-07-31,web,key_matchups,free,1,ABSENCE,0,,,,,,,"The small sample demands caution, but no other Cardinal has established a meaningful historical track record against tonight's starter."
2026-07-31,web,key_matchups,free,2,ROSTER_FACT,0,,,,,,,Herrera bats second and will see Cease in a prime lineup position.
2026-07-31,web,key_matchups,free,3,SPLIT_DIRECTION,4,,,,,,,"Jordan Walker vs Dylan Cease (RF, bats R) — Walker is 1-for-5 lifetime against Cease (.200/.200/.400) and struck out three times in last night's loss."
2026-07-31,web,key_matchups,free,4,MAGNITUDE,3,S095,STAT_VALUE,a,2025 / this season,batter_kbb + pitcher_kbb,,His 2025 K% vs right-handed pitching stood at 31.8%; Cease's 36.5% strikeout rate this season creates one of the night's most defining at-bat-level tensions.
2026-07-31,web,key_matchups,free,5,STAT_VALUE,1,,,,,,,"Walker's 2026 season has been historically strong overall, but Cease represents a genuine contact challenge."
2026-07-31,web,key_matchups,free,6,SPLIT_DIRECTION,6,,,,,,,"George Springer vs Kyle Leahy (roster: DH, bats R) — Springer hit .327/.412/.588 vs RHP in 2025 and has stolen 18 bases at 94.7% this season."
2026-07-31,web,key_matchups,free,7,TREND,0,,,,,,,He holds one prior PA against Leahy — a hit.
2026-07-31,web,key_matchups,free,8,GAME_STATE,0,,,,,,,"Tonight he is essentially an unknown to Leahy, giving Toronto's most complete threat a clean slate on both sides."
2026-07-31,web,key_matchups,free,9,STAT_VALUE,3,,,,,,,"The Cease TTO cliff (Cardinals, collective) — Cease holds opposing lineups to a .602 OPS on the first pass through the order (290 PA, 2025)."
2026-07-31,web,key_matchups,free,10,STAT_VALUE,2,,,,,,,That jumps to .802 on the second pass (288 PA).
2026-07-31,web,key_matchups,free,11,PREDICTION,0,,,,,,,The Cardinals' best collective opportunity tonight arrives in the fourth through sixth innings if they can limit damage early.
2026-07-31,web,quick_reference,free,0,MAGNITUDE,28,,,,,,,"Game time: 6:07 PM CT — Rogers Centre, Toronto Cardinals SP: Kyle Leahy (R, 7-4, 3.55 ERA, 101.1 IP) — 2026 Away ERA: 2.68 Blue Jays SP: Dylan Cease (R, 7-5, 2.46 ERA, 113.1 IP) — 2026 Home ERA at Rogers Centre: 3.19 Cardinals lineup source: Projected from 2026-07-30 Blue Jays lineup source: Active roster pool (13 players; game lineup TBD) Tonight's battery: Leahy / Crooks (4th time as a pairing in 2026) Series record vs TOR: 0-3 (2025), 0-3 (2024), 2-1 (2023), 2-2 (2022) Series: Game 1 of 3 Primary angle: Park context — Cease's Rogers Centre ERA (3.19) vs road ERA (5.47)"
2026-08-01,email,report_card_recap,free,0,FRAMING_VOICE,0,A000,GAME_EVENT,a,yesterday,box_score/plays,"compound: Leahy 6 IP 1 ER + Walker RBI single 5th; ""every chance"" is voice","Kyle Leahy gave the Cardinals every chance -- six innings, one earned run -- but the offense managed just one run on Walker's fifth-inning RBI single."
2026-08-01,email,report_card_recap,free,1,GAME_EVENT,1,A001,GAME_EVENT,a,yesterday,linescore/plays,2 runs 8th off Strzelecki; final 3-1; opener,"Toronto broke it open in the eighth on a pair of runs off Strzelecki, completing the series opener 3-1."
2026-08-01,email,retrospective_commentary,free,0,STAT_VALUE,5,A002,GAME_EVENT,a,yesterday,box_score,pitching line,"WHAT WORKED: Leahy was sharp -- 6.0 IP, 6 H, 1 ER, 1 BB, 3 K."
2026-08-01,email,retrospective_commentary,free,1,STAT_VALUE,1,A003,GAME_EVENT,a,yesterday,box_score,"2-for-4 + SB; ""only consistent threat"" is voice","Church went 2-for-4 with a stolen base, providing the only consistent offensive threat."
2026-08-01,email,retrospective_commentary,free,2,FRAMING_VOICE,0,A004,GAME_EVENT,a,yesterday,plays,lone run,Walker's RBI single in the fifth was the lone Cardinals run.
2026-08-01,email,retrospective_commentary,free,3,GAME_STATE,0,A005,GAME_EVENT,b,yesterday,linescore,"""went quiet beyond the fifth"" = derived (0 runs after 5th); scope implicit",WHAT DIDN'T: The lineup went quiet beyond the fifth inning.
2026-08-01,email,retrospective_commentary,free,4,STAT_VALUE,4,A006,GAME_EVENT,a,yesterday,box_score/linescore,2 ER 2 BB 1.0 IP 8th; 1-1 -> deficit,"Strzelecki allowed 2 ER on 2 BB in 1.0 IP in the eighth, turning a 1-1 tie into a two-run deficit."
2026-08-01,email,retrospective_commentary,free,5,GAME_EVENT,1,A007,GAME_STATE,a,series/streak,"series_score,streak",L2 + trail 1-0 (correct here; the defect sentence lived in the pre-correction copy),The Cardinals have lost two straight and trail this series 1-0.
2026-08-01,email,bottom_line_content,free,0,ROSTER_FACT,0,A008,ROSTER_FACT,a,today,probable_pitchers,MLB debut,Quinn Mathews makes his major-league debut this afternoon.
2026-08-01,email,bottom_line_content,free,1,GAME_STATE,0,A009,GAME_STATE,a,last two seasons H2H,head_to_head,six straight losses to TOR,The left-hander faces a team the Cardinals have lost six straight to over the last two seasons.
2026-08-01,email,bottom_line_content,free,2,STAT_VALUE,4,A010,STAT_VALUE,a,2025,pitcher_platoon 2025,compound: Gausman vs LHB .193/.586/370 PA + lineup six LHB (roster bats),"Kevin Gausman held left-handed batters to a .193 average and .586 OPS in 370 plate appearances in 2025, and the Cardinals are projected to line up six left-handed bats today."
2026-08-01,email,bottom_line_content,free,3,SPLIT_DIRECTION,4,A011,STAT_VALUE,a,2026 season,"season_2026,platoon_2026","Burleson .803/.942 vs RHP; Walker .835/22 HR; ""most credible"" is voice","Burleson (.803 OPS this season, .942 vs RHP) and Walker (.835 OPS, 22 HR) are the most credible threats to change the equation."
2026-08-01,email,bottom_line_content,free,4,STAT_VALUE,2,A012,STAT_VALUE,a,2025 home,pitcher_home_away 2025,3.76 home ERA; road team = game_state,WATCH: Gausman's home ERA at Rogers Centre was 3.76 in 2025 -- the Cardinals are the road team today.
2026-08-01,email,bottom_line_content,free,5,GAME_STATE,0,A013,SPLIT_DIRECTION,b,implicit (Gausman 2025 splits),pitcher_platoon 2025,BARE direction: no figure in sentence; scope inherited from earlier sentence,"The three-bat right-handed portion of the lineup (Herrera, Walker, Winn) carries the platoon edge."
2026-08-01,email,bottom_line_content,free,6,PREDICTION,0,A014,PREDICTION,c,-,-,conditional judgment,"If the offense is going to find footing this afternoon, it runs through those three."
2026-08-01,email,key_matchups_prose,free,0,SPLIT_DIRECTION,6,A015,STAT_VALUE,a,2025,pitcher_platoon 2025,"value (a); ""pronounced split"" relation has one side only -> relation leg is bare",CARDINALS' SIX LEFT-HANDED BATS vs GAUSMAN  Gausman held LHBs to .193/.247/.339 (.586 OPS) in 370 PA in 2025 -- a pronounced split against the majority of today's Cardinals order.
2026-08-01,email,key_matchups_prose,free,1,FRAMING_VOICE,0,A016,ROSTER_FACT,a,today,roster.bats/lineups,six named LHB,"Wetherholt, Burleson, Nootbaar, Crooks, Gorman, and Church all bat left."
2026-08-01,email,key_matchups_prose,free,2,BVP_HISTORY,3,A017,BVP_HISTORY,a,career + 2026,"bvp,platoon_2026",7 PA .286 career vs Gausman; .942 vs RHP this season,Burleson has a 7-PA career sample against Gausman (.286 AVG) and carries a .942 OPS vs right-handed pitching this season.
2026-08-01,email,key_matchups_prose,free,3,BVP_HISTORY,2,A018,BVP_HISTORY,a,career,bvp,2-for-4,Nootbaar is 2-for-4 (.500) against Gausman in limited career looks.
2026-08-01,email,key_matchups_prose,free,4,ABSENCE,0,A019,ABSENCE,a,career BvP vs threshold,bvp + constant,"danger-bat threshold (pipeline vocab leak, but schematizable)",No Cardinals hitter clears the PA threshold for a full danger-bat designation.
2026-08-01,email,key_matchups_prose,free,5,SPLIT_DIRECTION,5,A020,SPLIT_DIRECTION,b,implicit 2025,pitcher_platoon 2025,"""notably weaker"" vs RHB .664; other side in A015; scope word absent in sentence","Gausman's splits versus right-handers were notably weaker -- .238/.290/.374 (.664 OPS, 405 PA)."
2026-08-01,email,key_matchups_prose,free,6,BVP_HISTORY,2,A021,BVP_HISTORY,a,career; 2026,"bvp,platoon_2026,roster",Walker 3-for-9; Herrera .823 vs LHP (true but irrelevant vs RHP); RHB trio,"Walker (3-for-9 career vs Gausman), Herrera (.823 OPS vs LHP this season), and Winn are the three RHBs in the projected order."
2026-08-01,email,key_matchups_prose,free,7,STAT_VALUE,2,A022,STAT_VALUE,a,2026 season,"season_2026,team table",22 HR / 79 RBI team-leading (rank within team derivable),Walker's 22 HR and team-leading 79 RBI make him the primary power threat among this group.
2026-08-01,email,key_matchups_prose,free,8,SPLIT_DIRECTION,6,A023,STAT_VALUE,b,career (Springer) / unstated,baserunning,"SB counts + success%: scope stated once, not for the other two","TORONTO'S SPEED vs CROOKS  Springer (18 SB, 94.7% career success), Straw (12 SB, 92.3%), and Gimenez (12 SB, 85.7%) represent an active running game."
2026-08-01,email,key_matchups_prose,free,9,STAT_VALUE,1,A024,ROSTER_FACT,a,career,roster/season games,"14 games MLB experience; ""aggressively"" is bare magnitude (team SB rank)",Jimmy Crooks starts behind the plate with 14 games of MLB experience -- an untested combination against a Blue Jays team that has used the basepaths aggressively.
2026-08-01,email,watchlist_prose,free,0,SPLIT_DIRECTION,2,A025,STAT_VALUE,a,2026 season,"platoon_2026,season_2026",.942 vs RHP / .803,"Alec Burleson vs Gausman -- Burleson carries a .942 OPS vs right-handed pitching this season (.803 overall), making him the left-handed bat most likely to buck Gausman's LHB suppression."
2026-08-01,email,watchlist_prose,free,1,STAT_VALUE,2,A026,STAT_VALUE,b,implicit season,season_2026,15 HR 71 RBI; no scope word,His 15 HR and 71 RBI show the power is real.
2026-08-01,email,watchlist_prose,free,2,ABSENCE,0,A027,ABSENCE,a,career,season/history rows empty,debut = no MLB record,"Quinn Mathews' command -- The debut cuts both ways -- no book on him for Toronto, but no big-league track record to lean on either."
2026-08-01,email,watchlist_prose,free,3,PREDICTION,0,A028,PREDICTION,c,-,-,,His walk rate and ability to get through the Blue Jays' right-handed-heavy lineup will define the Cardinals' run prevention.
2026-08-01,email,watchlist_prose,free,4,SPLIT_DIRECTION,4,A029,STAT_VALUE,a,career vs LHP,vs_hand career,.326/.428/.519 in 159 PA,Guerrero Jr vs Mathews -- Vladimir Guerrero Jr has hit .326/.428/.519 in 159 career plate appearances against left-handed pitching -- exactly what Mathews brings.
2026-08-01,email,watchlist_prose,free,5,ABSENCE,0,A030,ABSENCE,a,career BvP,bvp rows empty,no one has faced him,No one in this lineup has faced him before.
2026-08-01,email,watchlist_prose,free,6,GAME_STATE,0,A031,MAGNITUDE,b,team,season_2026 team table,"""primary power threat"" bare comparator; ""won two straight"" = streak (a)",He is the Blue Jays' primary power threat in a lineup that has won two straight.
2026-08-01,email,trend_watch_prose,free,0,FRAMING_VOICE,0,A032,FRAMING_VOICE,c,-,-,,"Riley O'Brien -- the surface holds, the indicators don't."
2026-08-01,email,trend_watch_prose,free,1,TREND,4,A033,TREND,a,last 19 outings vs season,trend_watch P9,window stated,O'Brien's ERA over his last 19 outings (86 BF) sits at 3.93 vs a 3.50 season mark -- not alarming on its own.
2026-08-01,email,trend_watch_prose,free,2,TREND,4,A034,TREND,a,window,trend_watch P9,K% BB% window vs season,"But his strikeout rate has slipped from 24.5% to 22.1% in that window, while his walk rate has climbed from 9.6% to 16.3%."
2026-08-01,email,trend_watch_prose,free,3,FRAMING_VOICE,0,A035,FRAMING_VOICE,c,-,-,interpretation,The results are masking increasing contact and command vulnerability.
2026-08-01,email,trend_watch_prose,free,4,TREND,0,A036,PREDICTION,c,-,-,,Worth watching before the ERA catches up.
2026-08-01,email,trend_watch_prose,free,5,FRAMING_VOICE,0,A037,FRAMING_VOICE,c,-,-,,Matthew Liberatore -- the ERA tells the story.
2026-08-01,email,trend_watch_prose,free,6,TREND,5,A038,TREND,a,last 8 starts vs prior 13,trend_watch P1,,Liberatore has posted an 8.55 ERA over his last 8 starts (since June 13) after a 4.92 ERA across his prior 13.
2026-08-01,email,trend_watch_prose,free,7,FRAMING_VOICE,0,A039,FRAMING_VOICE,c,-,-,"""significant"" without comparator",That's a significant and sustained deterioration over a meaningful sample.
2026-08-01,email,trend_watch_prose,free,8,FRAMING_VOICE,0,A040,FRAMING_VOICE,c,-,-,headline,Kyle Leahy -- sharper in the second half.
2026-08-01,email,trend_watch_prose,free,9,TREND,7,A041,TREND,a,since June 23,trend_watch P1 + box_score,,"Leahy put together another quality start Friday (6.0 IP, 1 ER), consistent with his run since June 23: a 1.11 ERA over his last 7 starts vs a 4.69 ERA in the 14 before."
2026-08-01,email,trend_watch_prose,free,10,TREND,0,A042,TREND,a,season,trend_watch P6,personal season best,Friday also pushed his strikeout total to a new personal season best.
2026-08-01,web,web_yesterday_recap,free,0,STAT_VALUE,5,A043,GAME_EVENT,a,yesterday,box_score,,"Kyle Leahy gave the Cardinals six innings of one-run ball — 6.0 IP, 6 H, 1 ER, 1 BB, 3 K — but Toronto held the offense to a single run."
2026-08-01,web,web_yesterday_recap,free,1,FRAMING_VOICE,0,A044,GAME_EVENT,a,yesterday,plays,,"Jordan Walker's RBI single in the fifth scored Nathan Church, who had reached on a hit and swiped second."
2026-08-01,web,web_yesterday_recap,free,2,STAT_VALUE,3,A045,GAME_EVENT,a,yesterday,plays/box_score,,"The Blue Jays evened it in the sixth on a Kazuma Okamoto double that scored Vladimir Guerrero Jr., then put the game away in the eighth when a Luis Urías single scored George Springer and Daulton Varsho off Peter Strzelecki (1.0 IP, 2 ER, 2 BB)."
2026-08-01,web,web_yesterday_recap,free,3,STAT_VALUE,2,A046,GAME_EVENT,a,yesterday,box_score,,Church finished 2-for-4 with a stolen base; Walker went 1-for-4 with the Cardinals' lone RBI.
2026-08-01,web,web_yesterday_recap,free,4,ROSTER_FACT,0,A047,GAME_EVENT,b,yesterday,box_score,"derived ""only production from those two""",STL's only offensive production came from those two bats.
2026-08-01,web,web_yesterday_recap,free,5,STAT_VALUE,1,A048,TREND,a,last 7 starts,trend_watch P1 / game logs,QS streak,"WHAT WORKED: Leahy logged his seventh straight quality start, his ERA over that stretch now 1.11."
2026-08-01,web,web_yesterday_recap,free,6,GAME_STATE,0,A049,FRAMING_VOICE,c,-,-,,Church continued to provide a spark at the top of the order.
2026-08-01,web,web_yesterday_recap,free,7,FRAMING_VOICE,0,A050,GAME_EVENT,b,yesterday,-,"""no other run-scoring opportunities"" undefined measure",WHAT DIDN'T: The Cardinals managed no other run-scoring opportunities.
2026-08-01,web,web_yesterday_recap,free,8,STAT_VALUE,2,A051,GAME_EVENT,a,yesterday,box_score,,Strzelecki's eighth-inning collapse converted a tied game into a 3-1 deficit in 1.0 IP.
2026-08-01,web,web_yesterday_recap,free,9,GAME_STATE,1,A052,GAME_STATE,a,series/streak,"series_score,streak",,STL falls to L2 and trails the series 1-0 heading into Saturday.
2026-08-01,web,season_context_starters,free,0,ROSTER_FACT,0,A053,ROSTER_FACT,a,today,probable_pitchers,debut,"Quinn Mathews (STL, LHP): Making his major-league debut."
2026-08-01,web,season_context_starters,free,1,ROSTER_FACT,0,A054,ABSENCE,a,career,season rows/retro_id,pipeline vocab leak but schematizable,"He has no MLB career line, which is why no season stats and no BvP history (null retro_id) appear in the dataset — the absence is his debut, not a gap."
2026-08-01,web,season_context_starters,free,2,FRAMING_VOICE,0,A055,ROSTER_FACT,a,-,probable_pitchers.throws,,Throwing hand confirmed left-handed via StatsAPI; the platoon splits below are matched correctly.
2026-08-01,web,season_context_starters,free,3,STAT_VALUE,8,A056,STAT_VALUE,a,2026 (slot-bound),season_2026 pitching,scope inherited from slot binding,"Kevin Gausman (TOR, R, ERA 4.51): 121.2 IP, 123 K, 35 BB, WHIP 1.27, GB% 44.7, K% 23.9, BB% 6.8."
2026-08-01,web,season_context_starters,free,4,GAME_STATE,0,A057,GAME_STATE,a,today,venue/home_away,,Gausman is pitching at home today (Cardinals are visiting Rogers Centre).
2026-08-01,web,season_context_starters,free,5,STAT_VALUE,3,A058,STAT_VALUE,a,2025 home,pitcher_home_away,,His 2025 home ERA was 3.76 in 95.2 IP.
2026-08-01,web,season_context_starters,free,6,STAT_VALUE,6,A059,STAT_VALUE,a,2025,pitcher_platoon + lineup bats,,He held left-handed batters to a .193/.247/.339 line (.586 OPS) in 370 PA last season — the defining matchup context for today's game given the Cardinals' 6-LHB projected order.
2026-08-01,web,season_context_injuries,free,0,TREND,1,A060,ROSTER_FACT,a,last 14 days,transactions/injuries,,Cardinals (STL): No IL moves in the last 14 days.
2026-08-01,web,season_context_injuries,free,1,GAME_STATE,0,A061,ABSENCE,a,today,injuries,,No active injury context to report for today's game.
2026-08-01,web,season_context_injuries,free,2,ROSTER_FACT,3,A062,ROSTER_FACT,a,-,injuries,,"Blue Jays (TOR): Jonatan Clase (10-day IL, LF, plantar fasciitis, effective 7/21)."
2026-08-01,web,season_context_injuries,free,3,ROSTER_FACT,3,A063,ROSTER_FACT,a,-,injuries,,"Addison Barger (60-day IL, RF, right elbow, effective 7/23)."
2026-08-01,web,season_context_injuries,free,4,ROSTER_FACT,3,A064,ROSTER_FACT,a,-,injuries,,"Patrick Corbin (15-day IL, LHP, left teres major, effective 7/22)."
2026-08-01,web,season_context_injuries,free,5,TREND,4,A065,ROSTER_FACT,a,-,transactions,,"Recent activations: Max Scherzer (activated 7/27), Jesús Sánchez (activated 7/31)."
2026-08-01,web,bvp_cardinals_vs_starter_annotation,bound,0,STAT_VALUE,8,A066,BVP_HISTORY,a,career,bvp,,"Four Cardinals have career data against Gausman: Burleson (7 PA, .286), Winn (4 PA, .500), Nootbaar (5 PA, .500), Walker (3 PA, .333)."
2026-08-01,web,bvp_cardinals_vs_starter_annotation,bound,1,ABSENCE,1,A067,ABSENCE,a,career,bvp + floor constant,quoted floor (10 PA) = SCOUT-121.1 class; schematizable as constant,"All four show positive surface results, but no hitter clears the 10-PA floor required for danger-bat designation."
2026-08-01,web,bvp_cardinals_vs_starter_annotation,bound,2,ABSENCE,0,A068,ABSENCE,a,career,bvp,,"JJ Wetherholt, Iván Herrera, Jimmy Crooks, Gorman, and Nathan Church have no career data against Gausman."
2026-08-01,web,bvp_cardinals_vs_starter_annotation,bound,3,FRAMING_VOICE,0,A069,FRAMING_VOICE,c,-,-,caution boilerplate,These numbers provide directional context only — treat with appropriate caution.
2026-08-01,web,bvp_opponent_vs_starter_annotation,bound,0,ABSENCE,0,A070,ABSENCE,a,career,bvp,,Quinn Mathews has no MLB career entering today — this is his debut — so no batter-vs-pitcher history exists for any Blue Jays hitter.
2026-08-01,web,bvp_opponent_vs_starter_annotation,bound,1,FRAMING_VOICE,0,A071,FRAMING_VOICE,c,-,-,,Both sides are approaching this matchup without historical context.
2026-08-01,web,platoon_cardinals_annotation,bound,0,SPLIT_DIRECTION,6,A072,STAT_VALUE,a,career + 2026 vs RHP,platoon tables,,Alec Burleson is the clearest bright spot: a .296/.353/.478 career line vs RHP (419 PA) and a .942 OPS against right-handers in 2026.
2026-08-01,web,platoon_cardinals_annotation,bound,1,GAME_STATE,0,A073,MAGNITUDE,b,team,-,"""best matchup advantage"" bare comparator",He is the Cardinals' best matchup advantage today.
2026-08-01,web,platoon_cardinals_annotation,bound,2,TREND,5,A074,STAT_VALUE,a,2025 vs RHP,platoon 2025,,"Lars Nootbaar's 2025 line vs RHP is respectable (.249/.340/.394), though his 2026 numbers reflect a recent slump (see Trend Watch)."
2026-08-01,web,platoon_cardinals_annotation,bound,3,BVP_HISTORY,5,A075,STAT_VALUE,b,career vs RHP; 2026 vs LHP,platoon tables,SCOPE MISMATCH: vs-LHP figure offered as evidence for vs-RHP,"Iván Herrera's career vs RHP (.268/.343/.399) is solid, backed by a .823 OPS vs LHP in 2026 that suggests he handles non-LHB pitching well."
2026-08-01,web,platoon_cardinals_annotation,bound,4,BVP_HISTORY,8,A076,SPLIT_DIRECTION,a,career vs 2026 vs RHP,platoon tables,"season_change, both figures","Jordan Walker's career vs RHP is notably weak (.200/.263/.291, 94 K in 289 PA), though his 2026 vs-RHP data (.277/.—/.811) paints a more favorable picture."
2026-08-01,web,platoon_cardinals_annotation,bound,5,MAGNITUDE,1,A077,SPLIT_DIRECTION,b,career vs hand,platoon tables,garbled scope parenthetical,The bottom of the order carries real risk: Church and Crooks both show sub-.200 career averages vs the hand matching Gausman (right for RHBs / left for LHBs per their respective splits shown).
2026-08-01,web,platoon_opponent_annotation,bound,0,FRAMING_VOICE,0,A078,ROSTER_FACT,a,-,probable_pitchers.throws,,Note: Mathews' throwing hand is confirmed left-handed; the platoon query matched on L.
2026-08-01,web,platoon_opponent_annotation,bound,1,ROSTER_FACT,0,A079,GAME_STATE,a,table scope,platoon_opponent table,caption-style scope declaration,These splits reflect TOR batters vs LHP.
2026-08-01,web,platoon_opponent_annotation,bound,2,SPLIT_DIRECTION,8,A080,STAT_VALUE,a,2025 (slot-bound),platoon_opponent vs LHP,"""strong production"" magnitude leg is bare","Ernie Clement (.326/.351/.549, 187 PA) and Vladimir Guerrero Jr (.326/.428/.519, 159 PA) both show strong production vs left-handed pitching and represent the Blue Jays' clearest threat spots in the order."
2026-08-01,web,platoon_opponent_annotation,bound,3,TREND,4,A081,STAT_VALUE,a,2025 (slot-bound),platoon_opponent vs LHP,,"Andrés Giménez (.175, 86 PA) and Luis Urías (.183, 68 PA) trend unfavorably in this split but sample sizes limit conclusions."
2026-08-01,web,platoon_opponent_annotation,bound,4,SPLIT_DIRECTION,2,A082,ABSENCE,a,2026,platoon_2026 + 60-PA floor,,The 2026 companion column is SSS for all Toronto batters vs LHP — insufficient plate appearances against confirmed left-handed pitching in the current season to cross the 60-PA floor.
2026-08-01,web,pitcher_platoon_annotation,bound,0,GAME_STATE,0,A083,FRAMING_VOICE,c,-,-,,This is the defining split for today's game.
2026-08-01,web,pitcher_platoon_annotation,bound,1,SPLIT_DIRECTION,6,A084,STAT_VALUE,a,2025,pitcher_platoon,,Gausman held left-handed batters to a .193/.247/.339 (.586 OPS) line in 370 PA in 2025 — a significant suppression of the left side of the plate.
2026-08-01,web,pitcher_platoon_annotation,bound,2,SPLIT_DIRECTION,5,A085,SPLIT_DIRECTION,a,2025 (slot-bound),pitcher_platoon,both sides across adjacent sentences,"Against right-handed batters (.238/.290/.374, .664 OPS, 405 PA), he was meaningfully more hittable."
2026-08-01,web,pitcher_platoon_annotation,bound,3,STAT_VALUE,2,A086,ROSTER_FACT,a,today,lineups + bats,,"The Cardinals project to start 6 LHBs (Wetherholt, Burleson, Nootbaar, Crooks, Gorman, Church) and 3 RHBs (Herrera, Walker, Winn)."
2026-08-01,web,pitcher_platoon_annotation,bound,4,ROSTER_FACT,0,A087,SPLIT_DIRECTION,b,implicit,pitcher_platoon,"BARE direction, no figures",The RHB trio represents the Cardinals' primary path to offensive production against Gausman; the left-handed half of the lineup faces a demonstrable structural disadvantage.
2026-08-01,web,pitcher_home_away_annotation,bound,0,GAME_STATE,0,A088,GAME_STATE,a,today,venue,,Gausman is pitching at home today — the Cardinals are visiting Rogers Centre.
2026-08-01,web,pitcher_home_away_annotation,bound,1,SPLIT_DIRECTION,3,A089,STAT_VALUE,a,2025 home,pitcher_home_away,,The relevant split for this game is his Home row: 3.76 ERA in 95.2 IP in 2025.
2026-08-01,web,pitcher_home_away_annotation,bound,2,SPLIT_DIRECTION,4,A090,SPLIT_DIRECTION,a,2025 home vs away,pitcher_home_away,both figures + HR 14 vs 7,"His home ERA was worse than his away ERA (3.14 in 97.1 IP), partly driven by a higher home HR rate (14 HR at home vs 7 away)."
2026-08-01,web,pitcher_home_away_annotation,bound,3,FRAMING_VOICE,0,A091,MAGNITUDE,c,-,NONE,UNSOURCED park-factor claim (no payload path),"Notably, Rogers Centre plays as a moderate hitter's park."
2026-08-01,web,pitcher_home_away_annotation,bound,4,STAT_VALUE,1,A092,PREDICTION,c,-,-,"""strong baseline"" bare magnitude",The 3.76 ERA is still a strong baseline; the Cardinals should not expect Gausman to be unusually vulnerable simply because of venue.
2026-08-01,web,tto_splits_annotation,bound,0,STAT_VALUE,3,A093,STAT_VALUE,a,2025 (slot-bound),tto table,,"Gausman's times-through-order profile is remarkably consistent — his OPS allowed rises from .608 on the first pass to .636 on the second pass to .642 on the third pass, but the gradient is shallow."
2026-08-01,web,tto_splits_annotation,bound,1,SPLIT_DIRECTION_BARE,0,A094,SPLIT_DIRECTION,b,-,tto table,"""unlike some starters"" comparator unsourced; restated direction","Unlike some starters who fall apart late, Gausman shows only a modest decline as hitters see him more."
2026-08-01,web,tto_splits_annotation,bound,2,PREDICTION,0,A095,PREDICTION,c,-,-,,The Cardinals should not expect a dramatic breakout simply by surviving into the third pass; Gausman remains effective throughout.
2026-08-01,web,tto_splits_annotation,bound,3,STAT_VALUE,3,A096,SPLIT_DIRECTION,a,2025 (slot-bound),tto table SLG,,The modest uptick in SLG (.348 → .354 → .376) across all three TTO rows suggests hitters do make marginal contact-quality gains over time.
2026-08-01,web,inherited_runners_annotation,bound,0,STAT_VALUE,2,A097,ROSTER_FACT,a,2026,role/IR table,,Note: Kyle Leahy's inherited runner data reflects his time as a reliever; he is currently functioning as a starter (6-start rotation role per 2026 context).
2026-08-01,web,inherited_runners_annotation,bound,1,GAME_STATE,0,A098,FRAMING_VOICE,c,-,-,meta,His IR data is retained here for completeness but is not the primary frame for today's game.
2026-08-01,web,inherited_runners_annotation,bound,2,STAT_VALUE,2,A099,STAT_VALUE,a,2026,inherited_runners,rank within table derivable,"Among current relievers likely to see work today, Matt Svanson (50.0% strand rate, 26 IR) is the most concerning IR option — he allows nearly half of inherited runners to score."
2026-08-01,web,inherited_runners_annotation,bound,3,MAGNITUDE,2,A100,MAGNITUDE,a,2026,inherited_runners + league_benchmarks.avg_ir_strand,comparator exists,"Graceffo (54.5%, 11 IR) is similarly below league average."
2026-08-01,web,inherited_runners_annotation,bound,4,TREND,2,A101,STAT_VALUE,a,2026,inherited_runners,,"Riley O'Brien (70.0%, 10 IR) is the best strand-rate option available, though his recent Trend Watch indicators (K% declining, BB% rising) add a caveat."
2026-08-01,web,inherited_runners_annotation,bound,5,STAT_VALUE,2,A102,ABSENCE,a,2026,inherited_runners,small-sample caveat,McGreevy's 100.0% strand rate comes from only 3 inherited runners and carries little predictive weight.
2026-08-01,web,inherited_runners_annotation,bound,6,STAT_VALUE,3,A103,ABSENCE,a,2026,IR table + 20-IP floor,,Strzelecki did not clear the 20-IP 2026 floor (3.0 IP) and is excluded from this table.
2026-08-01,web,batted_ball_annotation,bound,0,STAT_VALUE,4,A104,MAGNITUDE,a,2025,batted_ball + league_benchmarks.avg_gb_pct,"LIKELY INVERTED: 38.0% GB called ""above-average"" vs 47.0 league avg","Gausman's 2025 batted ball profile (38.0% GB, 34.3% FB, 26.7% LD) shows a moderate ground ball tendency — he generates grounders at an above-average clip but is not a true ground ball specialist."
2026-08-01,web,batted_ball_annotation,bound,1,SPLIT_DIRECTION,2,A105,SPLIT_DIRECTION,a,2025 vs 2026,batted_ball,season_change both figures,"His 2026 season GB% is 44.7%, suggesting he has leaned more heavily into ground ball outcomes this year."
2026-08-01,web,batted_ball_annotation,bound,2,STAT_VALUE,3,A106,STAT_VALUE,a,slot-bound,batter batted_ball,"""could find themselves"" prediction leg","Cardinals hitters who make a lot of ground balls (Church 67.6%, Herrera 52.6%, Walker 48.9%) could find themselves rolling weak grounders against Gausman's movement."
2026-08-01,web,batted_ball_annotation,bound,3,SPLIT_DIRECTION,3,A107,STAT_VALUE,a,slot-bound,batter batted_ball,"""low across the board"" bare magnitude leg","On the Toronto side, line drive averages dominate for most Blue Jays hitters (Guerrero Jr .672 LD AVG, Schneider .762 LD AVG, Springer .694 LD AVG), while fly ball averages are low across the board — a profile that should limit extra-base damage if Mathews induces contact in the air."
2026-08-01,web,battery_annotation,bound,0,STAT_VALUE,4,A108,ROSTER_FACT,a,2026,lineups/catcher,,"Today's starting catcher is Jimmy Crooks (batting order 7, bats L, 14 G in 2026, .559 OPS)."
2026-08-01,web,battery_annotation,bound,1,ROSTER_FACT,0,A109,ABSENCE,a,career,battery,,"Mathews is making his major-league debut, so no historical battery pairing data exists."
2026-08-01,web,battery_annotation,bound,2,GAME_STATE,0,A110,FRAMING_VOICE,c,-,-,restates A109,This is a fresh combination with no retrievable track record.
2026-08-01,web,battery_annotation,bound,3,ROSTER_FACT,1,A111,ROSTER_FACT,a,2026,catcher games,prediction leg,Crooks' 14 games of MLB catching experience makes him a limited reference point against a Toronto lineup that will test him on the bases (see Section 2I).
2026-08-01,web,baserunning_content,bound,0,STAT_VALUE,9,A112,STAT_VALUE,a,career,baserunning table,table text glued into slot,"Toronto Speed Threats (Career) PlayerCareer SBCareer ATTSuccess%2026 Context George Springer181994.7%Active Myles Straw121392.3%Active Andrés Giménez121485.7%Active Vladimir Guerrero6966.7%Active Ernie Clement61154.5%Active Toronto has three active high-efficiency base stealers: Springer (94.7%), Straw (92.3%), and Giménez (85.7%)."
2026-08-01,web,baserunning_content,bound,1,GAME_STATE,0,A113,PREDICTION,c,-,-,,All three can be expected to run when the opportunity presents.
2026-08-01,web,baserunning_content,bound,2,STAT_VALUE,2,A114,MAGNITUDE,b,career,baserunning,"""negative-value"" needs break-even constant not in payload",Guerrero (66.7%) and Clement (54.5%) are negative-value runners who should not steal freely.
2026-08-01,web,baserunning_content,bound,3,ROSTER_FACT,1,A115,PREDICTION,c,-,-,,Jimmy Crooks' 14 games of catching experience makes the Cardinals' battery combination potentially vulnerable to an aggressive Toronto running game.
2026-08-01,web,baserunning_content,bound,4,FRAMING_VOICE,0,A116,PREDICTION,c,-,-,,Mathews' delivery time and Crooks' throw-down proficiency are the key variables to monitor from the first inning.
2026-08-01,web,defense_annotation,bound,0,MAGNITUDE,3,A117,STAT_VALUE,a,2026,defense + trend_watch P18,"""elite"" backed by franchise-pace comparator","Masyn Winn at shortstop (129 G, 64 DP, .994 Fld%) anchors what has been an elite defensive unit — the Cardinals are pacing near the franchise best fielding percentage mark this season."
2026-08-01,web,defense_annotation,bound,1,ROSTER_FACT,4,A118,STAT_VALUE,a,2026,defense,,"Lars Nootbaar (LF, 107 G, 1.000 Fld%) and Nathan Church (CF, 18 G, 1.000 Fld%) are both clean in the outfield corners and center field respectively."
2026-08-01,web,defense_annotation,bound,2,STAT_VALUE,2,A119,STAT_VALUE,a,2026,defense,,"Walker in RF (108 G, .981 Fld%) has four errors but remains a solid presence."
2026-08-01,web,defense_annotation,bound,3,ROSTER_FACT,2,A120,STAT_VALUE,a,2026,defense,,"Crooks at catcher (14 G, 1.000 Fld%) has made no errors in his limited experience, though the sample is small."
2026-08-01,web,defense_annotation,bound,4,GAME_EVENT,3,A121,STAT_VALUE,a,2026,defense,,"Church's RF secondary role (7 G, .833 Fld%, 1 error) is a caution flag if defensive alignment shifts."
2026-08-01,web,head_to_head_content,free,0,FRAMING_VOICE,0,A122,GAME_STATE,c,-,NONE,"UNSOURCED park facts (dome, turf)","Rogers Centre — Toronto, Ontario Rogers Centre is a domed stadium with artificial turf."
2026-08-01,web,head_to_head_content,free,1,FRAMING_VOICE,0,A123,MAGNITUDE,c,-,NONE,UNSOURCED park characterization,The playing surface and park dimensions tend to favor contact hitters and support base running.
2026-08-01,web,head_to_head_content,free,2,FRAMING_VOICE,0,A124,FRAMING_VOICE,c,-,NONE,UNSOURCED,The ball carries reasonably well in the climate-controlled environment.
2026-08-01,web,head_to_head_content,free,3,GAME_STATE,0,A125,GAME_STATE,a,today,venue,,The Cardinals are playing as the road team today.
2026-08-01,web,head_to_head_content,free,4,BVP_HISTORY,9,A126,GAME_STATE,a,2024-2025,head_to_head table,,"Cardinals vs Blue Jays — Recent Head-to-Head SeasonSTL WTOR WSTL-TORNote 2025030-3Swept 2024030-3Swept 2023212-1-- 2022222-2-- The Cardinals have gone 0-6 against Toronto over the last two seasons (0-3 in 2025, 0-3 in 2024)."
2026-08-01,web,head_to_head_content,free,5,GAME_EVENT,3,A127,GAME_STATE,a,2024-2026,head_to_head + yesterday,,Friday's loss extended that run to 0-7 over the combined 2024–2026 period against the Blue Jays.
2026-08-01,web,head_to_head_content,free,6,STAT_VALUE,1,A128,GAME_STATE,a,-,head_to_head table,,The last time the Cardinals beat Toronto was 2023.
2026-08-01,web,head_to_head_content,free,7,GAME_STATE,0,A129,FRAMING_VOICE,c,-,-,,Breaking this streak in the context of this three-game series is one of the narrative frames for today's afternoon game.
2026-08-01,web,batter_kbb_stl_note,bound,0,STAT_VALUE,2,A130,STAT_VALUE,a,2025,pitcher_kbb,prediction leg,"Against a pitcher with Gausman's strikeout profile (24.4% K in 2025), the Cardinals' high-strikeout hitters face compounding risk."
2026-08-01,web,batter_kbb_stl_note,bound,1,STAT_VALUE,7,A131,STAT_VALUE,a,career + 2026,batter_kbb,,Jimmy Crooks carries a 37.0% career K rate (31.6% in 2026); Jordan Walker's career K% is 31.8% (25.2% in 2026); Nathan Church is at 27.7% career.
2026-08-01,web,batter_kbb_stl_note,bound,2,MAGNITUDE,0,A132,PREDICTION,c,-,-,,The bottom third of the Cardinals order could accumulate significant strikeout totals against Gausman's arsenal.
2026-08-01,web,batter_kbb_stl_note,bound,3,SPLIT_DIRECTION,3,A133,STAT_VALUE,a,career + 2026,batter_kbb,rank within order derivable,"Burleson (14.5% career K, 15.8% in 2026) is the best contact bat in the projected order and offers the clearest contrast to this vulnerability."
2026-08-01,web,batter_kbb_stl_note,bound,4,STAT_VALUE,4,A134,STAT_VALUE,a,career + 2026,batter_kbb,"pronoun error ""her"" (voice defect)","Nootbaar's walk rate (11.0% career, 13.8% in 2026) gives her the highest on-base floor against Gausman's 6.5% BB rate."
2026-08-01,web,batter_kbb_annotation,bound,0,STAT_VALUE,6,A135,STAT_VALUE,a,slot-bound,batter_kbb,,"The Blue Jays' hardest contact bats to strike out are Guerrero Jr (13.8% K, 680 PA), Clement (10.4% K, 588 PA), and Kirk (11.7% K, 506 PA) — all consistent contact hitters who rarely give away at-bats."
2026-08-01,web,batter_kbb_annotation,bound,1,STAT_VALUE,4,A136,STAT_VALUE,a,career + 2026,batter_kbb,,"Varsho (28.4% K) and Schneider (26.4% K career, 33.1% in 2026) are the Blue Jays' most strikeout-prone hitters and could be exploited if Mathews can locate."
2026-08-01,web,batter_kbb_annotation,bound,2,MAGNITUDE,0,A137,SPLIT_DIRECTION,b,-,batter_kbb,"lineup-vs-lineup, no figures",The Toronto lineup is more balanced in terms of strikeout risk than the Cardinals — the Blue Jays' top of the order is difficult to put away.
2026-08-01,web,batter_batted_ball_profile_stl_note,bound,0,STAT_VALUE,4,A138,STAT_VALUE,a,slot-bound + 2026,batted_ball,,"Nathan Church is an extreme ground ball hitter (67.6% GB, 37 BIP) — against Gausman's 44.7% ground ball rate in 2026, Church could generate a lot of weak contact."
2026-08-01,web,batter_batted_ball_profile_stl_note,bound,1,STAT_VALUE,2,A139,STAT_VALUE,a,slot-bound,batted_ball,,Iván Herrera (52.6% GB) and Jordan Walker (48.9% GB) also skew toward ground balls.
2026-08-01,web,batter_batted_ball_profile_stl_note,bound,2,SPLIT_DIRECTION,2,A140,STAT_VALUE,a,slot-bound,batted_ball,,Nootbaar (35.4% FB) and Burleson (33.4% FB) have more elevated fly ball profiles and the power to do damage when they connect.
2026-08-01,web,batter_batted_ball_profile_stl_note,bound,3,STAT_VALUE,2,A141,STAT_VALUE,a,slot-bound,batted_ball,,Crooks' 44.4% fly ball rate (27 BIP) is notable but the sample is extremely small.
2026-08-01,web,batter_batted_ball_profile_annotation,bound,0,STAT_VALUE,2,A142,STAT_VALUE,a,slot-bound,batted_ball,,"Vladimir Guerrero Jr is a heavy ground ball hitter (50.0% GB, 472 BIP) — a profile that matches up well against ground ball pitchers but limits his power to gaps and pulled balls."
2026-08-01,web,batter_batted_ball_profile_annotation,bound,1,STAT_VALUE,2,A143,STAT_VALUE,a,slot-bound,batted_ball,,Daulton Varsho (46.3% FB) and Davis Schneider (48.7% FB) are significant fly ball hitters who can be beaten by keeping the ball down.
2026-08-01,web,batter_batted_ball_profile_annotation,bound,2,GAME_STATE,2,A144,MAGNITUDE,a,slot-bound,batted_ball,rank within lineup derivable,Clement (28.7% LD) and Springer (27.6% LD) have the best line drive rates in the lineup — both are hard to get out cleanly when they're locked in.
2026-08-01,web,batter_batted_ball_profile_annotation,bound,3,PREDICTION,0,A145,PREDICTION,c,-,-,,"If Mathews can generate weak ground ball contact, Toronto's profile could work in his favor."
2026-08-01,web,pitcher_kbb_annotation,bound,0,MAGNITUDE,5,A146,MAGNITUDE,b,2025,pitcher_kbb + league_benchmarks,"""elite"" adjective without rank band","Gausman's 2025 command profile is elite: 24.4% strikeout rate, 6.5% walk rate, 3.78 K/BB ratio across 193.0 IP."
2026-08-01,web,pitcher_kbb_annotation,bound,1,ROSTER_FACT,0,A147,PREDICTION,c,-,-,,He misses bats without giving away free passes — the Cardinals should not expect to work deep counts for many walks.
2026-08-01,web,pitcher_kbb_annotation,bound,2,GAME_STATE,1,A148,STAT_VALUE,a,career,batter_kbb,count derivable,"For a Cardinals lineup with three hitters carrying career K rates above 27%, this is a challenging profile to attack."
2026-08-01,web,pitcher_kbb_annotation,bound,3,STAT_VALUE,2,A149,STAT_VALUE,a,career,batter_kbb,,Burleson's low K rate (14.5%) and Nootbaar's walk rate (11.0%) are the best tools for wearing Gausman down.
2026-08-01,web,pitcher_kbb_annotation,bound,4,ROSTER_FACT,0,A150,ABSENCE,a,-,pitcher_kbb,,Quinn Mathews' K%/BB% data does not exist yet — today is his major-league debut.
2026-08-01,web,key_matchups,free,0,SPLIT_DIRECTION,1,A151,FRAMING_VOICE,c,-,-,,PRIMARY: Gausman's platoon edge vs a 6-LHB Cardinals order This is the structural story of today's game.
2026-08-01,web,key_matchups,free,1,STAT_VALUE,4,A152,STAT_VALUE,a,2025,pitcher_platoon,,Gausman held left-handed batters to a .193 AVG and .586 OPS in 370 plate appearances in 2025 — a pronounced suppression against the majority of the Cardinals' projected lineup.
2026-08-01,web,key_matchups,free,2,FRAMING_VOICE,0,A153,ROSTER_FACT,a,today,lineups + bats,,"Wetherholt, Burleson, Nootbaar, Crooks, Gorman, and Church all bat left."
2026-08-01,web,key_matchups,free,3,ROSTER_FACT,0,A154,SPLIT_DIRECTION,b,implicit,pitcher_platoon,BARE direction,"The three right-handed bats (Iván Herrera, Jordan Walker, Masyn Winn) carry the platoon advantage and represent the Cardinals' primary path to runs."
2026-08-01,web,key_matchups,free,4,FRAMING_VOICE,0,A155,MAGNITUDE,b,team,-,"""most credible threat"" bare",Alec Burleson is the most credible threat against Gausman among the left-handed hitters.
2026-08-01,web,key_matchups,free,5,BVP_HISTORY,5,A156,STAT_VALUE,a,2026 + career,platoon tables,,"His 2026 OPS vs right-handed pitching is .942, and his career vs-RHP line (.296/.353/.478) gives him a legitimate track record."
2026-08-01,web,key_matchups,free,6,BVP_HISTORY,2,A157,BVP_HISTORY,a,career,bvp,,His 7-PA career sample vs Gausman (.286 AVG) is small but directionally positive.
2026-08-01,web,key_matchups,free,7,SPLIT_DIRECTION,2,A158,STAT_VALUE,a,career/2025,batter_kbb + pitcher_kbb,,He's also the best contact bat in the order (14.5% career K rate) — a meaningful edge against Gausman's 24.4% K rate.
2026-08-01,web,key_matchups,free,8,STAT_VALUE,4,A159,STAT_VALUE,a,2026,season_2026,,"Jordan Walker (.835 OPS, 22 HR, 79 RBI in 2026) is the team's primary power source."
2026-08-01,web,key_matchups,free,9,BVP_HISTORY,4,A160,SPLIT_DIRECTION,b,career vs 2026,platoon tables,2026 figure absent in sentence,"His career vs-RHP line is weak (.200/.263/.291), but his 2026 numbers show he's outperforming that baseline."
2026-08-01,web,key_matchups,free,10,GAME_EVENT,0,A161,GAME_EVENT,a,yesterday,plays,,He drove in Friday's only Cardinals run with an RBI single.
2026-08-01,web,key_matchups,free,11,GAME_STATE,0,A162,PREDICTION,c,-,-,,"The bottom of the order (Crooks, Gorman, Church) faces a steep challenge."
2026-08-01,web,key_matchups,free,12,GAME_EVENT,3,A163,STAT_VALUE,b,2026,batter_kbb,Church clause vague,Crooks has a 31.6% K rate in 2026; Church goes 2-for-4 one night and then struggles in other matchups.
2026-08-01,web,key_matchups,free,13,ROSTER_FACT,0,A164,FRAMING_VOICE,c,-,-,,Gausman's ability to suppress the six left-handed bats in this order is the central variable.
2026-08-01,web,key_matchups,free,14,SPLIT_DIRECTION,6,A165,STAT_VALUE,b,unstated (career),baserunning,"free slot, scope word absent","SECONDARY: Toronto's running game vs Crooks and Mathews Springer (18 SB, 94.7%), Straw (12 SB, 92.3%), and Giménez (12 SB, 85.7%) are active base stealers."
2026-08-01,web,key_matchups,free,15,ROSTER_FACT,1,A166,ROSTER_FACT,a,2026,catcher games,,Jimmy Crooks is behind the plate with 14 games of MLB experience.
2026-08-01,web,key_matchups,free,16,PREDICTION,0,A167,PREDICTION,c,-,-,,"This matchup will be tested early — if Toronto establishes that Crooks and Mathews are exploitable, the Blue Jays will run freely all afternoon."
2026-08-01,web,key_matchups,free,17,SPLIT_DIRECTION,3,A168,STAT_VALUE,a,2026 + career,platoon_2026 + bvp,,"Alec Burleson vs Gausman — Best LHB matchup for STL; .942 OPS vs RHP in 2026, 7-PA sample against Gausman."
2026-08-01,web,key_matchups,free,18,FRAMING_VOICE,0,A169,MAGNITUDE,b,-,batter_kbb,"""tough to strike out"" no figures",Quinn Mathews' first-pass command — Guerrero Jr and Clement are both tough to strike out.
2026-08-01,web,key_matchups,free,19,GAME_STATE,0,A170,PREDICTION,c,-,-,,Early command issues compound against a lineup with active base runners.
2026-08-01,web,key_matchups,free,20,STAT_VALUE,4,A171,TREND,a,last 86 BF,trend_watch P9,,Riley O'Brien in high-leverage relief — His surface ERA (3.50) masks a deteriorating K/BB profile (BB% 9.6% → 16.3% over last 86 BF).
2026-08-01,web,key_matchups,free,21,PREDICTION,0,A172,PREDICTION,c,-,-,,Worth monitoring if he enters with runners on.
2026-08-01,web,key_matchups,free,22,SPLIT_DIRECTION,3,A173,SPLIT_DIRECTION,a,2025,pitcher_home_away HR,,Gausman's home HR rate — 14 HR allowed at Rogers Centre in 2025 vs 7 on the road.
2026-08-01,web,key_matchups,free,23,PREDICTION,0,A174,PREDICTION,c,-,-,dome claim unsourced,The dome can carry fly balls; Walker's power could find a gap.
2026-08-01,web,key_matchups,free,24,FRAMING_VOICE,0,A175,FRAMING_VOICE,c,-,-,headline,Riley O'Brien — hidden decline.
2026-08-01,web,key_matchups,free,25,TREND,4,A176,TREND,a,last 19 outings,trend_watch P9,,"Over his last 19 outings (86 BF), O'Brien's ERA sits at 3.93 vs his season mark of 3.50 — the gap is modest on the surface."
2026-08-01,web,key_matchups,free,26,STAT_VALUE,4,A177,TREND,a,window,trend_watch P9,,"But his strikeout rate has dropped from 24.5% to 22.1%, while his walk rate has climbed from 9.6% to 16.3%."
2026-08-01,web,key_matchups,free,27,FRAMING_VOICE,0,A178,FRAMING_VOICE,c,-,-,,The underlying indicators are diverging from the results.
2026-08-01,web,key_matchups,free,28,PREDICTION,0,A179,PREDICTION,c,-,-,,"If he enters today with inherited runners, those walk numbers matter."
2026-08-01,web,key_matchups,free,29,TREND,5,A180,TREND,a,last 8 starts,trend_watch P1,,Matthew Liberatore — sustained collapse. 8.55 ERA over his last 8 starts (since June 13) vs a 4.92 ERA in the 13 before.
2026-08-01,web,key_matchups,free,30,SPLIT_DIRECTION_BARE,0,A181,FRAMING_VOICE,c,-,-,,"A meaningful sample, a significant gap."
2026-08-01,web,key_matchups,free,31,TREND,5,A182,TREND,a,last 7 starts,trend_watch P1,,Kyle Leahy — best run of the year. 1.11 ERA over his last 7 starts (since June 23) vs 4.69 ERA in the 14 before.
2026-08-01,web,key_matchups,free,32,FRAMING_VOICE,0,A183,GAME_EVENT,b,yesterday,game log,"""extended the run"" derived",Friday extended the run.
2026-08-01,web,key_matchups,free,33,TREND,3,A184,TREND,a,season vs 2025,trend_watch P6,,"He also reached a new personal season best in strikeouts (91, surpassing his 80 from 2025)."
2026-08-01,web,quick_reference,free,0,SPLIT_DIRECTION,6,A185,STAT_VALUE,a,2025,pitcher_platoon,,"Gausman vs LHBs (2025): .193/.247/.339, .586 OPS (370 PA)."
2026-08-01,web,quick_reference,free,1,GAME_STATE,1,A186,ROSTER_FACT,a,today,lineups,,"Today's Cardinals LHBs: Wetherholt, Burleson, Nootbaar, Crooks, Gorman, Church. 2."
2026-08-01,web,quick_reference,free,2,SPLIT_DIRECTION,6,A187,STAT_VALUE,a,2025,pitcher_platoon,,"Gausman vs RHBs (2025): .238/.290/.374, .664 OPS (405 PA)."
2026-08-01,web,quick_reference,free,3,GAME_STATE,1,A188,ROSTER_FACT,a,today,lineups,,"Today's Cardinals RHBs: Herrera, Walker, Winn. 3."
2026-08-01,web,quick_reference,free,4,STAT_VALUE,4,A189,STAT_VALUE,a,2025,pitcher_home_away,,"Gausman home ERA (2025): 3.76 (95.2 IP, 14 HR)."
2026-08-01,web,quick_reference,free,5,GAME_STATE,1,A190,GAME_STATE,a,today,venue,,Cardinals are the road team today. 4.
2026-08-01,web,quick_reference,free,6,STAT_VALUE,4,A191,STAT_VALUE,b,unstated,tto table,"summary slot, no season word","Gausman TTO splits: TTO1 .608 OPS, TTO2 .636 OPS, TTO3 .642 OPS — shallow gradient, effective through the order. 5."
2026-08-01,web,quick_reference,free,7,SPLIT_DIRECTION,8,A192,BVP_HISTORY,a,career,bvp,,"Cardinals BvP vs Gausman: Burleson 7 PA (.286), Winn 4 PA (.500), Nootbaar 5 PA (.500), Walker 3 PA (.333)."
2026-08-01,web,quick_reference,free,8,ABSENCE,1,A193,ABSENCE,a,career,bvp + floor,,"All small sample, no danger bat. 6."
2026-08-01,web,quick_reference,free,9,STAT_VALUE,3,A194,STAT_VALUE,b,unstated (career),baserunning,,"TOR speed threats: Springer 94.7% SB success, Straw 92.3%, Giménez 85.7%."
2026-08-01,web,quick_reference,free,10,STAT_VALUE,2,A195,ROSTER_FACT,a,2026,catcher,,Crooks starts at C (14 G experience). 7.
2026-08-01,web,quick_reference,free,11,STAT_VALUE,5,A196,ROSTER_FACT,a,2026,lineups/catcher,,"Cardinals starting catcher: Jimmy Crooks (order 7, bats L, .559 OPS, 95 PA in 2026). 8."
2026-08-01,web,quick_reference,free,12,STAT_VALUE,4,A197,STAT_VALUE,a,2025,pitcher_kbb,,"Gausman K%/BB% (2025): 24.4% K, 6.5% BB, 3.78 K/BB."
2026-08-01,web,quick_reference,free,13,STAT_VALUE,5,A198,STAT_VALUE,a,2026,batter_kbb,,"Cardinals K risks: Crooks 31.6%, Walker 25.2%, Church 20.7% (all 2026). 9."
2026-08-01,web,quick_reference,free,14,MAGNITUDE,6,A199,GAME_STATE,a,2024-2025,head_to_head,,"Cardinals record vs TOR last 2 seasons: 0-6 (0-3 in 2025, 0-3 in 2024)."
2026-08-01,web,quick_reference,free,15,GAME_STATE,2,A200,GAME_STATE,a,series,series_score,,Series currently TOR leads 1-0. 10.
2026-08-01,web,quick_reference,free,16,ROSTER_FACT,0,A201,ABSENCE,a,-,pitcher rows,,Mathews data: Making his MLB debut — no ERA or BvP data exists yet.
2026-08-01,web,quick_reference,free,17,ROSTER_FACT,1,A202,ROSTER_FACT,a,-,throws,,Throws left (confirmed via StatsAPI). 11.
2026-08-01,web,quick_reference,free,18,TREND,3,A203,TREND,a,last 86 BF,trend_watch P9,,Trend Watch — O'Brien (hidden decline): BB% 9.6% → 16.3% over last 86 BF.
2026-08-01,web,quick_reference,free,19,STAT_VALUE,1,A204,PREDICTION,c,-,-,,Use with caution in inherited-runner spots. 12.
2026-08-01,web,quick_reference,free,20,MAGNITUDE,2,A205,MAGNITUDE,a,2026,inherited_runners + league avg,prediction leg,Svanson IR strand rate: 50.0% (26 IR) — below league average; avoid in high-leverage inherited-runner situations.
2026-08-08,email,report_card_recap,free,0,STAT_VALUE,3,,,,,,,"Kyle Leahy dealt 5.0 innings with 8 strikeouts and no walks, and Ivan Herrera's solo home run -- his 13th of the season -- gave the Cardinals the decisive third run in a 3-2 win last night."
2026-08-08,email,report_card_recap,free,1,STAT_VALUE,1,,,,,,,The bullpen threw 4.0 scoreless innings to close it out.
2026-08-08,email,retrospective_commentary,free,0,STAT_VALUE,7,,,,,,,"What Worked: • Ivan Herrera's solo home run in the 3rd (his 13th) extended the lead to 3-1 and held as the decisive run. • Kyle Leahy: 5.0 IP, 0 BB, 8 K -- struck out 8 and walked none despite surrendering 8 hits. • The bullpen (Bruihl, Ferguson, Stanek, O'Brien) combined for 4.0 scoreless innings to close the game."
2026-08-08,email,retrospective_commentary,free,1,STAT_VALUE,3,,,,,,,"What Didn't: • Both Colorado runs came on Troy Johnston groundout RBIs -- TJ Rumfield scored both times on infield contact in the 2nd and 4th innings. • Cardinals left-handed bats Wetherholt, Burleson, and Church went a combined 0-for-8 with no extra-base hits. • Leahy's 8 hits allowed in 5.0 IP kept the game within reach; Colorado consistently made contact."
2026-08-08,email,bottom_line_content,free,0,SPLIT_DIRECTION,2,,,,,,,EDGE: Kyle Freeland arrives tonight with an 8.29 ERA in 51.0 road innings this season.
2026-08-08,email,bottom_line_content,free,1,SPLIT_DIRECTION,8,,,,,,,"His 2026 line against right-handed hitters -- .926 OPS in 357 batters faced -- aligns directly with the Cardinals' strongest weapons: Ivan Herrera (2-for-6 with 1 HR in career plate appearances vs Freeland), Jordan Walker (.913 OPS vs left-handed pitchers in 2026, 123 plate appearances), and Masyn Winn."
2026-08-08,email,bottom_line_content,free,2,TREND,4,,,,,,,Freeland's first pass through opposing orders in 2026 has also been extreme (.958 OPS in 181 batters faced) -- the Cardinals' best window is innings 1-3.
2026-08-08,email,bottom_line_content,free,3,GAME_STATE,0,,,,,,,THREAT: Matthew Liberatore's third-pass profile is tonight's primary risk.
2026-08-08,email,bottom_line_content,free,4,BVP_HISTORY,3,,,,,,,"Opposing hitters have posted a 1.089 OPS against him in the third pass through the order in 2026 (85 batters faced, above the analytical floor)."
2026-08-08,email,bottom_line_content,free,5,STAT_VALUE,2,,,,,,,His first two passes are solid (.772 and .755 OPS).
2026-08-08,email,bottom_line_content,free,6,TREND,4,,,,,,,"Colorado carries enough patient hitters -- Julien (14.1% walk rate in 2026), Karros (12.1%), Johnston (8.3%) -- to extend at-bats and push Liberatore toward his third-pass window."
2026-08-08,email,bottom_line_content,free,7,PREDICTION,0,,,,,,,WATCH: Jordan Walker vs Kyle Freeland.
2026-08-08,email,bottom_line_content,free,8,MAGNITUDE,2,,,,,,,"Walker's .913 OPS vs left-handed pitchers in 2026 leads the Cardinals lineup in platoon advantage against tonight's starter, and Freeland's weakness runs the same direction."
2026-08-08,email,bottom_line_content,free,9,ROSTER_FACT,0,,,,,,,Walker bats 4th.
2026-08-08,email,key_matchups_prose,free,0,SPLIT_DIRECTION,4,,,,,,,"Jordan Walker vs Kyle Freeland Career line: 2-for-8 (.286, 1 walk) in 8 plate appearances against Freeland -- a thin book behind the matchup that decides the most tonight."
2026-08-08,email,key_matchups_prose,free,1,BVP_HISTORY,0,,,,,,,The platoon advantage is season-long and real; the head-to-head history barely exists.
2026-08-08,email,key_matchups_prose,free,2,GAME_STATE,1,,,,,,,Walker bats 4th tonight. 2.
2026-08-08,email,key_matchups_prose,free,3,SPLIT_DIRECTION,2,,,,,,,Ivan Herrera vs Kyle Freeland Herrera is 2-for-6 with 1 HR in career plate appearances against Freeland -- the only Cardinal in tonight's projected lineup who has taken him deep.
2026-08-08,email,key_matchups_prose,free,4,SPLIT_DIRECTION,3,,,,,,,"His 2026 OPS vs left-handed pitchers is .790 (154 PA), second among Cardinals right-handed bats."
2026-08-08,email,key_matchups_prose,free,5,ROSTER_FACT,1,,,,,,,Herrera bats 2nd. 3.
2026-08-08,email,key_matchups_prose,free,6,SPLIT_DIRECTION,3,,,,,,,Colorado lineup vs Liberatore's third pass Liberatore has allowed a 1.089 OPS in his third pass through opposing lineups in 2026 (85 batters faced).
2026-08-08,email,key_matchups_prose,free,7,STAT_VALUE,4,,,,,,,"His first-pass (.772 OPS, 198 BF) and second-pass (.755 OPS, 193 BF) are both solid."
2026-08-08,email,key_matchups_prose,free,8,STAT_VALUE,7,,,,,,,"Colorado's lineup has several patient bats -- Julien (14.1% walk rate in 2026, 276 PA), Karros (12.1%, 380 PA), Johnston (8.3%, 360 PA) -- who can extend at-bats."
2026-08-08,email,key_matchups_prose,free,9,TREND,1,,,,,,,"If Liberatore approaches 80 pitches, the third-pass risk window opens."
2026-08-08,email,watchlist_prose,free,0,SPLIT_DIRECTION,2,,,,,,,Winn vs the left-hander: Masyn Winn's career BvP against Kyle Freeland is 1-for-6 (.167) -- the weakest line among the three Cardinals right-handed bats in the projected lineup.
2026-08-08,email,watchlist_prose,free,1,SPLIT_DIRECTION,3,,,,,,,His 2026 OPS vs left-handed pitching is .735 (111 PA).
2026-08-08,email,watchlist_prose,free,2,ROSTER_FACT,0,,,,,,,"Watch whether Winn can reverse the career pattern tonight batting 6th, where his at-bats may come with runners on base late in Freeland's outing."
2026-08-08,email,watchlist_prose,free,3,SPLIT_DIRECTION,3,,,,,,,The new battery: Jimmy Crooks is the scheduled catcher tonight but has caught only 2 of Liberatore's 2026 starts (compared to Pedro Pages's 15).
2026-08-08,email,watchlist_prose,free,4,FRAMING_VOICE,0,,,,,,,The battery has limited shared game time.
2026-08-08,email,watchlist_prose,free,5,SPLIT_DIRECTION,0,,,,,,,Watch for any early-count rhythm differences as this less-familiar pairing works through its first innings together.
2026-08-08,email,watchlist_prose,free,6,STAT_VALUE,4,,,,,,,"Colorado's running game: Jordan Beck (19 stolen bases, 70.4% success) and Tyler Freeman (18 SB, 66.7%) are Colorado's primary baserunning threats."
2026-08-08,email,watchlist_prose,free,7,ABSENCE,1,,,,,,,With Crooks catching -- no 2026 caught-stealing data available in tonight's dataset -- watch how the Cardinals manage these runners if Beck or Freeman reaches base.
2026-08-08,email,trend_watch_prose,free,0,FRAMING_VOICE,0,,,,,,,The Cardinals' offense has been among the worst in baseball for three weeks.
2026-08-08,email,trend_watch_prose,free,1,TREND,4,,,,,,,"Since July 20, St Louis ranks 29th of 30 teams in runs scored per game at 3.22 (through August 7) -- a stretch covering nearly a fifth of the season."
2026-08-08,email,trend_watch_prose,free,2,PREDICTION,0,,,,,,,Tonight the schedule hands them the softest road starter they will see for a while.
2026-08-08,email,trend_watch_prose,free,3,GAME_EVENT,4,,,,,,,"A quieter oddity sits in the infield behind Liberatore: only 39.1% of the Cardinals' double plays up the middle this season have started at shortstop, against a 55.2% norm across 763 modern team-seasons (z = -2.2)."
2026-08-08,email,trend_watch_prose,free,4,SPLIT_DIRECTION_BARE,0,,,,,,,Their double plays have been running through second base far more often than a typical club's.
2026-08-08,email,trend_watch_prose,free,5,PREDICTION,0,,,,,,,"With Wetherholt at second and Winn at short behind a left-hander tonight, it is worth watching which side of the bag the ball keeps finding."
2026-08-08,web,web_yesterday_recap,free,0,STAT_VALUE,4,,,,,,,"The Cardinals won Game 1, 3-2, on Kyle Leahy's 5.0-inning, 8-strikeout, zero-walk performance."
2026-08-08,web,web_yesterday_recap,free,1,FRAMING_VOICE,0,,,,,,,Iván Herrera provided the decisive third run with a solo home run -- his 13th of the season -- in the third inning.
2026-08-08,web,web_yesterday_recap,free,2,STAT_VALUE,1,,,,,,,"Four Cardinals relievers (Bruihl, Ferguson, Stanek, O'Brien) combined for 4.0 scoreless innings to close it out."
2026-08-08,web,web_yesterday_recap,free,3,GAME_EVENT,1,,,,,,,The win puts the Cardinals up 1-0 in this three-game series and extends their winning streak to two games.
2026-08-08,web,season_context_starters,free,0,STAT_VALUE,9,,,,,,,"Matthew Liberatore (Cardinals) Liberatore enters Game 2 at 5-8, 4.97 ERA in 22 starts, covering 108.2 innings (107 K, 41 BB, 1.49 WHIP, 19 HR)."
2026-08-08,web,season_context_starters,free,1,SPLIT_DIRECTION,4,,,,,,,"He pitches at home tonight, where he holds a 4.80 ERA in 54.1 innings -- modestly better than his 5.13 ERA in 54.1 road innings."
2026-08-08,web,season_context_starters,free,2,STAT_VALUE,3,,,,,,,His season has been defined by a pronounced third-pass vulnerability in 2026 (see section 2E); otherwise his first and second passes have been manageable at .772 and .755 OPS allowed.
2026-08-08,web,season_context_starters,free,3,STAT_VALUE,8,,,,,,,"Kyle Freeland (Rockies) Freeland is 3-10, 6.81 ERA across 20 starts and 108.1 innings (93 K, 23 BB, 1.49 WHIP, 21 HR)."
2026-08-08,web,season_context_starters,free,4,SPLIT_DIRECTION,5,,,,,,,The defining feature of his 2026 is a severe road/home split: a 5.49 ERA in 57.1 innings at Coors Field versus an 8.29 ERA in 51.0 road innings.
2026-08-08,web,season_context_starters,free,5,GAME_STATE,0,,,,,,,He pitches away tonight.
2026-08-08,web,season_context_starters,free,6,STAT_VALUE,3,,,,,,,His first pass through opposing orders in 2026 has also been extreme (.958 OPS allowed in 181 batters faced) -- he has been most hittable early in games on the road.
2026-08-08,web,season_context_injuries,free,0,GAME_STATE,2,,,,,,,Lineup note: Tonight's projected lineup is based on the 2026-08-07 game card.
2026-08-08,web,season_context_injuries,free,1,GAME_STATE,1,,,,,,,"Two players in the projection -- Nootbaar (LF, batting 5th) and Gorman (3B, batting 8th) -- do not appear in the current active-roster section of tonight's Phase 1 data."
2026-08-08,web,season_context_injuries,free,2,TREND,1,,,,,,,Nootbaar was traded in early August 2026; his presence in the projected lineup reflects a stale prior-day projection artifact.
2026-08-08,web,season_context_injuries,free,3,TREND,1,,,,,,,"No IL transactions are recorded for the Cardinals in the last 14 days, and no operator note clarifies Gorman's status."
2026-08-08,web,season_context_injuries,free,4,FRAMING_VOICE,0,,,,,,,"Both players' stat columns show ""--"" throughout this report."
2026-08-08,web,season_context_injuries,free,5,GAME_STATE,0,,,,,,,Verify the official lineup card before game time.
2026-08-08,web,season_context_injuries,free,6,ABSENCE,1,,,,,,,No Cardinals IL transactions in the last 14 days.
2026-08-08,web,season_context_injuries,free,7,TREND,2,,,,,,,Colorado reports 2 IL transactions in the last 14 days (details not specified in tonight's data).
2026-08-08,web,bvp_cardinals_vs_starter_annotation,bound,0,MAGNITUDE,4,,,,,,,Four Cardinals have career plate appearances against Kyle Freeland: Iván Herrera leads the group with a home run in 6 career PAs (.333/.333/.833).
2026-08-08,web,bvp_cardinals_vs_starter_annotation,bound,1,GAME_EVENT,3,,,,,,,Jordan Walker is 2-for-7 (.286) with a walk in 8 PAs.
2026-08-08,web,bvp_cardinals_vs_starter_annotation,bound,2,GAME_EVENT,3,,,,,,,Masyn Winn is 1-for-6 (.167); Alec Burleson is 0-for-3.
2026-08-08,web,bvp_cardinals_vs_starter_annotation,bound,3,ABSENCE,0,,,,,,,"Wetherholt, Nootbaar, Crooks, Gorman, and Church have no career data against Freeland."
2026-08-08,web,bvp_cardinals_vs_starter_annotation,bound,4,ABSENCE,1,,,,,,,All samples are below the threshold where BvP carries predictive weight; the 2026 season-long platoon splits (2C and 2D) are the stronger signal for tonight's matchup.
2026-08-08,web,bvp_opponent_vs_starter_annotation,bound,0,STAT_VALUE,1,,,,,,,"Seven Colorado batters have career plate appearances against Matthew Liberatore, all in limited samples (max 4 PA)."
2026-08-08,web,bvp_opponent_vs_starter_annotation,bound,1,GAME_EVENT,2,,,,,,,Ezequiel Tovar is 2-for-4 (.500).
2026-08-08,web,bvp_opponent_vs_starter_annotation,bound,2,STAT_VALUE,2,,,,,,,Hunter Goodman has 1 HR in 2 PAs -- the only Rockies batter in this dataset with a home run against Liberatore.
2026-08-08,web,bvp_opponent_vs_starter_annotation,bound,3,GAME_EVENT,2,S096,BVP_HISTORY,a,slot-bound career,bvp,,Willi Castro is 1-for-3 (.333) with a walk.
2026-08-08,web,bvp_opponent_vs_starter_annotation,bound,4,GAME_STATE,1,,,,,,,No individual sample is large enough to carry predictive weight; Liberatore's 2026 season-long splits (sections 2C and 2D) lead for all Colorado batters facing him tonight.
2026-08-08,web,platoon_cardinals_annotation,bound,0,FRAMING_VOICE,0,,,,,,,Freeland is left-handed.
2026-08-08,web,platoon_cardinals_annotation,bound,1,SPLIT_DIRECTION,3,,,,,,,"The three right-handed Cardinals bats -- Iván Herrera (R), Jordan Walker (R), and Masyn Winn (R) -- face Freeland's worst split: a .926 OPS allowed vs right-handed hitters in 2026 (357 BF)."
2026-08-08,web,platoon_cardinals_annotation,bound,2,MAGNITUDE,4,,,,,,,"Walker leads the three with a .913 OPS vs left-handed pitching in 2026 (123 PA, above the 60-PA floor)."
2026-08-08,web,platoon_cardinals_annotation,bound,3,SPLIT_DIRECTION,3,,,,,,,Herrera holds a .790 OPS vs LHP in 2026 (154 PA).
2026-08-08,web,platoon_cardinals_annotation,bound,4,SPLIT_DIRECTION,3,,,,,,,"Among the left-handed Cardinals bats facing Freeland's same side, Alec Burleson's 2026 vs-LHP mark (.527 OPS in 145 PA) is notable: he has struggled consistently against same-side pitching this season."
2026-08-08,web,platoon_cardinals_annotation,bound,5,GAME_STATE,0,,,,,,,Nootbaar and Gorman have no available platoon data in tonight's dataset.
2026-08-08,web,platoon_opponent_annotation,bound,0,FRAMING_VOICE,0,,,,,,,Liberatore is left-handed.
2026-08-08,web,platoon_opponent_annotation,bound,1,FRAMING_VOICE,0,,,,,,,The table above shows Colorado batters' performance against left-handed pitching.
2026-08-08,web,platoon_opponent_annotation,bound,2,SPLIT_DIRECTION,3,,,,,,,"Two names stand out: Hunter Goodman (R) has posted a .882 OPS vs LHP in 2026 (141 PA, above floor) -- the highest sustained threat among Colorado's right-handed bats facing Liberatore tonight."
2026-08-08,web,platoon_opponent_annotation,bound,3,SPLIT_DIRECTION,3,,,,,,,Jake McCarthy (L) has posted a .904 OPS vs LHP in 2026 (98 PA) -- an unusually strong mark for a same-side matchup that makes him a situational threat despite the conventional platoon disadvantage.
2026-08-08,web,platoon_opponent_annotation,bound,4,BVP_HISTORY,5,,,,,,,"Liberatore's 2026 platoon split runs counter to the LHP norm: left-handed hitters have posted a .862 OPS against him (115 BF) versus .805 for right-handers (361 BF), meaning same-side matchups offer him less shelter than they would for most left-handed pitchers."
2026-08-08,web,pitcher_platoon_annotation,bound,0,SPLIT_DIRECTION,1,,,,,,,Kyle Freeland (LHP): His 2026 platoon split is the most actionable number on either pitcher tonight.
2026-08-08,web,pitcher_platoon_annotation,bound,1,BVP_HISTORY,4,,,,,,,"Right-handed hitters have posted a .926 OPS against him in 357 batters faced (above floor), versus .751 OPS for left-handed hitters (129 BF)."
2026-08-08,web,pitcher_platoon_annotation,bound,2,SPLIT_DIRECTION,5,,,,,,,His 2025 baseline confirms the same pattern: .821 OPS vs RHB (562 PA) vs .700 vs LHB (147 PA).
2026-08-08,web,pitcher_platoon_annotation,bound,3,ROSTER_FACT,0,,,,,,,"The Cardinals' three right-handed bats -- Herrera, Walker, and Winn -- align with his worst split both this season and historically."
2026-08-08,web,pitcher_platoon_annotation,bound,4,SPLIT_DIRECTION,1,,,,,,,Matthew Liberatore (LHP): His 2026 platoon split runs in the opposite direction from the LHP norm.
2026-08-08,web,pitcher_platoon_annotation,bound,5,BVP_HISTORY,4,,,,,,,"Left-handed hitters have posted a .862 OPS against him (115 BF, above floor), modestly above the .805 OPS from right-handers (361 BF)."
2026-08-08,web,pitcher_platoon_annotation,bound,6,SPLIT_DIRECTION,5,S063,SPLIT_DIRECTION,a,2025,pitcher_platoon,both figures,His 2025 baseline mirrors this: .758 vs LHB (133 PA) vs .730 vs RHB (515 PA).
2026-08-08,web,pitcher_platoon_annotation,bound,7,ROSTER_FACT,0,,,,,,,"Colorado's left-handed bats (Moniak, Julien, McCarthy, Johnston, Rumfield) carry the marginal platoon advantage, though the gap is narrow enough that it is not a decisive edge."
2026-08-08,web,pitcher_home_away_annotation,bound,0,SPLIT_DIRECTION,5,,,,,,,Kyle Freeland holds a pronounced venue split in 2026: a 5.49 ERA in 57.1 innings at Coors Field versus an 8.29 ERA in 51.0 road innings.
2026-08-08,web,pitcher_home_away_annotation,bound,1,GAME_STATE,0,,,,,,,He pitches away tonight.
2026-08-08,web,pitcher_home_away_annotation,bound,2,SPLIT_DIRECTION,4,,,,,,,"His 2025 road ERA was 4.17 (90.2 IP), so the 2026 road collapse is a current-season development rather than a career pattern -- but it is tonight's reality."
2026-08-08,web,pitcher_home_away_annotation,bound,3,SPLIT_DIRECTION_BARE,0,,,,,,,Busch Stadium is the unfavorable side of his split.
2026-08-08,web,pitcher_home_away_annotation,bound,4,SPLIT_DIRECTION,5,,,,,,,Matthew Liberatore shows a modest home advantage: 4.80 ERA in 54.1 home innings versus 5.13 ERA in 54.1 road innings in 2026.
2026-08-08,web,pitcher_home_away_annotation,bound,5,SPLIT_DIRECTION,5,,,,,,,His 2025 home ERA was 3.69 (75.2 IP) vs 4.03 away (76.0 IP) -- a consistent small home edge.
2026-08-08,web,pitcher_home_away_annotation,bound,6,GAME_STATE,0,,,,,,,"He pitches at Busch Stadium tonight, the favorable side of his split."
2026-08-08,web,tto_splits_annotation,bound,0,STAT_VALUE,1,,,,,,,Liberatore -- third-pass watch: His 2026 times-through-order profile shows a sharp escalation in the third pass.
2026-08-08,web,tto_splits_annotation,bound,1,STAT_VALUE,2,,,,,,,First pass: .772 OPS (198 BF).
2026-08-08,web,tto_splits_annotation,bound,2,STAT_VALUE,2,,,,,,,Second pass: .755 OPS (193 BF).
2026-08-08,web,tto_splits_annotation,bound,3,STAT_VALUE,3,S071,STAT_VALUE,a,2025 (slot),tto table + 60-BF floor,quoted floor,Third pass: 1.089 OPS (85 BF) -- above the 60-BF analytical floor.
2026-08-08,web,tto_splits_annotation,bound,4,SPLIT_DIRECTION,2,,,,,,,"The magnitude of the jump and the 85-BF sample make this a credible 2026 pattern, not noise."
2026-08-08,web,tto_splits_annotation,bound,5,STAT_VALUE,5,,,,,,,"His 2025 profile was flat by comparison (first pass .657 / second pass .871 / third pass .641), so this is a 2026-specific vulnerability."
2026-08-08,web,tto_splits_annotation,bound,6,TREND,1,,,,,,,"The third-pass risk window typically opens around the 80-pitch mark, depending on when Colorado's lineup re-cycles through the top of its order."
2026-08-08,web,tto_splits_annotation,bound,7,STAT_VALUE,3,,,,,,,Freeland -- early-innings vulnerability: Freeland's 2026 first-pass OPS allowed is .958 in 181 batters faced -- his worst pass through the order.
2026-08-08,web,tto_splits_annotation,bound,8,STAT_VALUE,4,,,,,,,"His second pass improves (.886 OPS, 180 BF) and his third pass is his best (.754 OPS, 125 BF)."
2026-08-08,web,tto_splits_annotation,bound,9,SPLIT_DIRECTION_BARE,0,,,,,,,This is the inverse of most pitchers: Freeland becomes harder to hit as the game progresses.
2026-08-08,web,tto_splits_annotation,bound,10,STAT_VALUE,3,,,,,,,"His 2025 first-pass OPS was .880 (273 PA), confirming this as a consistent early-count vulnerability."
2026-08-08,web,tto_splits_annotation,bound,11,TREND,1,S073,SPLIT_DIRECTION,b,-,tto table,"""highest-percentage window"" derived, no figures",The Cardinals' highest-percentage window against Freeland is innings 1-3.
2026-08-08,web,inherited_runners_annotation,bound,0,MAGNITUDE,3,,,,,,,The Cardinals' 2026 inherited-runner strand rates: Riley O'Brien leads the tracked group at 70.0% (10 IR).
2026-08-08,web,inherited_runners_annotation,bound,1,STAT_VALUE,3,,,,,,,"Kyle Leahy is at 62.1% (29 IR) -- amber territory, below the 70-75% league-average range."
2026-08-08,web,inherited_runners_annotation,bound,2,STAT_VALUE,2,,,,,,,"Gordon Graceffo trails at 54.5% (11 IR) -- the concern end of the group, with nearly half of inherited runners converting to runs."
2026-08-08,web,inherited_runners_annotation,bound,3,ABSENCE,2,,,,,,,Michael McGreevy shows 100.0% but with only 3 inherited runners; too small a sample to project.
2026-08-08,web,inherited_runners_annotation,bound,4,PREDICTION,0,,,,,,,"If Liberatore departs with runners on base tonight, O'Brien is the most reliable option for limiting additional scoring."
2026-08-08,web,batted_ball_annotation,bound,0,SPLIT_DIRECTION,9,,,,,,,"Kyle Freeland's 2025 batted-ball profile (42.4% GB, 27.4% FB, 29.1% LD in 519 BIP) and Matthew Liberatore's (39.1% GB, 31.3% FB, 27.6% LD in 463 BIP) are broadly similar -- both are contact-management pitchers rather than swing-and-miss specialists."
2026-08-08,web,batted_ball_annotation,bound,1,STAT_VALUE,1,,,,,,,"Freeland's elevated line-drive rate (29.1%) is consistent with his ERA; when opposing hitters make contact, they often make quality contact."
2026-08-08,web,batted_ball_annotation,bound,2,STAT_VALUE,2,,,,,,,"Against Freeland, Cardinals batters who tend toward ground balls (Iván Herrera 52.6% GB, Nathan Church 67.6% GB) may be limited to infield contact."
2026-08-08,web,batted_ball_annotation,bound,3,STAT_VALUE,3,,,,,,,"Among Colorado hitters, Tyler Freeman (.695 LD AVG in 2025) and Kyle Karros (.696 LD AVG) post the highest line-drive averages in the dataset -- both are capable of hard contact when they do make it."
2026-08-08,web,battery_annotation,bound,0,STAT_VALUE,4,,,,,,,"Matthew Liberatore has paired most often with Pedro Pagés in 2026 (15 games, 3.93 ERA in 75.2 IP together)."
2026-08-08,web,battery_annotation,bound,1,ROSTER_FACT,0,,,,,,,Tonight's scheduled catcher is Jimmy Crooks (batting 7th per the projected lineup); Pagés does not appear in tonight's lineup.
2026-08-08,web,battery_annotation,bound,2,MAGNITUDE,4,,,,,,,Crooks has caught 2 of Liberatore's 2026 starts (2.45 ERA in 11.0 IP -- a small but clean record together).
2026-08-08,web,battery_annotation,bound,3,FRAMING_VOICE,0,,,,,,,The Crooks-Liberatore battery has limited shared game time relative to the Pagés pairing.
2026-08-08,web,battery_annotation,bound,4,STAT_VALUE,3,,,,,,,"Note: Yohel Pozo appears in the battery table above (12 games, 4.10 ERA in 63.2 IP) but is not on the Cardinals' current active-roster list."
2026-08-08,web,battery_annotation,bound,5,PREDICTION,0,,,,,,,His entries reflect a prior-period pairing and should not be interpreted as representing current availability.
2026-08-08,web,baserunning_content,bound,0,STAT_VALUE,12,,,,,,,"RunnerSBSB% Jordan Beck1970.4% Tyler Freeman1866.7% Willi Castro1071.4% Mickey Moniak975.0% Jake McCarthy6100.0% Ezequiel Tovar562.5% Troy Johnston250.0% Hunter Goodman133.3% Colorado's running game centers on two high-volume stealers: Jordan Beck (19 SB, 70.4% success) and Tyler Freeman (18 SB, 66.7%)."
2026-08-08,web,baserunning_content,bound,1,PREDICTION,0,S077,MAGNITUDE,b,-,baserunning,"""risk threshold"" undefined",Both are above the risk threshold where an aggressive Cardinals battery needs to be deliberate.
2026-08-08,web,baserunning_content,bound,2,GAME_EVENT,2,,,,,,,Jake McCarthy is a perfect 6-for-6 in 2026 -- a small sample but worth noting if he reaches base in a high-leverage spot.
2026-08-08,web,baserunning_content,bound,3,STAT_VALUE,4,,,,,,,"Jimmy Crooks starts at catcher tonight (14 games in 2026, 1.000 fielding percentage); no 2026 caught-stealing data is available in tonight's dataset."
2026-08-08,web,defense_annotation,bound,0,GAME_EVENT,4,,,,,,,Masyn Winn anchors the infield defense: 129 games at shortstop in 2026 with a .994 fielding percentage and 64 double plays.
2026-08-08,web,defense_annotation,bound,1,STAT_VALUE,2,,,,,,,Nathan Church is errorless in 18 games in center field (1.000 FP).
2026-08-08,web,defense_annotation,bound,2,TREND,4,,,,,,,"Note: Iván Herrera's catcher and left-field samples (C: 14 G, .989 FP; LF: 4 G, 1.000 FP) reflect prior starts at those positions -- tonight Herrera starts as the designated hitter, not behind the plate."
2026-08-08,web,defense_annotation,bound,3,GAME_STATE,4,,,,,,,"Jimmy Crooks is tonight's catcher (14 G at C, 1.000 FP, 0 errors in 2026)."
2026-08-08,web,head_to_head_content,free,0,TREND,8,,,,,,,"SeasonSTL WCOL WSeries 202524COL 202443STL 202333Even 202242STL Recent season-by-season record vs Colorado: STL went 2-4 in 2025, 4-3 in 2024, 3-3 in 2023, and 4-2 in 2022."
2026-08-08,web,head_to_head_content,free,1,GAME_STATE,3,,,,,,,"This 2026 series opened with the Cardinals winning Game 1, 3-2, last night."
2026-08-08,web,head_to_head_content,free,2,GAME_STATE,1,,,,,,,The Cardinals lead the series 1-0.
2026-08-08,web,head_to_head_content,free,3,GAME_EVENT,1,,,,,,,A win tonight would clinch the series ahead of Sunday's Game 3.
2026-08-08,web,batter_kbb_stl_note,bound,0,SPLIT_DIRECTION,6,,,,,,,"Cardinals note: Jimmy Crooks (37.0% K in 2025; 32.7% in 2026, 110 PA near the 120-PA floor) is the highest strikeout risk in tonight's projected lineup -- facing a left-hander in a same-side matchup amplifies that exposure."
2026-08-08,web,batter_kbb_stl_note,bound,1,TREND,6,S016,SPLIT_DIRECTION,a,2025 vs 2026,batter_kbb,season_change both figures,"Jordan Walker's 2026 strikeout rate (24.8%, 479 PA) shows meaningful improvement over his 2025 baseline (31.8%), a positive trend through 116 team games."
2026-08-08,web,batter_kbb_annotation,bound,0,MAGNITUDE,5,,,,,,,"Alec Burleson leads the Cardinals lineup in contact quality: 14.5% strikeout rate in 2025 (15.8% in 2026, 486 PA)."
2026-08-08,web,batter_kbb_annotation,bound,1,STAT_VALUE,3,,,,,,,"Iván Herrera leads in walk rate: 10.4% in 2026 (511 PA, above the floor)."
2026-08-08,web,batter_kbb_annotation,bound,2,STAT_VALUE,3,,,,,,,"Among Colorado, Tyler Freeman is the hardest to strike out (11.9% K rate in both 2025 and 2026 -- remarkably consistent)."
2026-08-08,web,batter_kbb_annotation,bound,3,STAT_VALUE,3,,,,,,,"Edouard Julien leads Colorado in walk rate (14.1% in 2026, 276 PA), consistent with his patient approach; he can extend at-bats and contribute to Liberatore's pitch count."
2026-08-08,web,batter_kbb_annotation,bound,4,STAT_VALUE,5,,,,,,,Kyle Karros has improved his walk rate to 12.1% in 2026 (380 PA) after a 9.6% 2025 mark -- another pitch-count threat.
2026-08-08,web,batter_batted_ball_profile_stl_note,bound,0,STAT_VALUE,4,,,,,,,"Cardinals note (2025 baselines): Nathan Church is the most extreme ground-ball hitter in tonight's lineup (67.6% GB in 2025, 37 BIP)."
2026-08-08,web,batter_batted_ball_profile_stl_note,bound,1,STAT_VALUE,2,,,,,,,"Iván Herrera also skews ground-ball heavy (52.6% GB, 285 BIP)."
2026-08-08,web,batter_batted_ball_profile_stl_note,bound,2,ABSENCE,2,,,,,,,"Jimmy Crooks leans fly-ball (44.4% FB, 27 BIP -- small sample)."
2026-08-08,web,batter_batted_ball_profile_stl_note,bound,3,STAT_VALUE,2,,,,,,,Burleson (24.6% LD) and Winn (26.3% LD) post the best line-drive rates in the tracked Cardinals sample.
2026-08-08,web,batter_batted_ball_profile_annotation,bound,0,SPLIT_DIRECTION,7,,,,,,,"Freeland's 2025 batted-ball profile (42.4% GB, 27.4% FB, 29.1% LD) and Liberatore's (39.1% GB, 31.3% FB, 27.6% LD) are broadly similar -- both lean toward contact management over strikeouts."
2026-08-08,web,batter_batted_ball_profile_annotation,bound,1,STAT_VALUE,3,,,,,,,"Among Colorado hitters, Tyler Freeman (.695 LD AVG in 2025) and Kyle Karros (.696 LD AVG) post the highest line-drive averages in the dataset -- both are capable of hard, damaging contact when they do make it."
2026-08-08,web,batter_batted_ball_profile_annotation,bound,2,MAGNITUDE,2,,,,,,,Ezequiel Tovar's 33.7% line-drive rate (252 BIP) is notable for a hitter batting at the top of the Rockies order.
2026-08-08,web,batter_batted_ball_profile_annotation,bound,3,STAT_VALUE,2,,,,,,,Troy Johnston also shows a high line-drive rate (34.6% in 81 BIP).
2026-08-08,web,batter_batted_ball_profile_annotation,bound,4,SPLIT_DIRECTION,1,,,,,,,"Against Liberatore's 39.1% ground-ball rate, none of Colorado's hitters have extreme double-play profiles; the ground-ball matchup is less decisive than in other games."
2026-08-08,web,pitcher_kbb_annotation,bound,0,STAT_VALUE,10,,,,,,,"Kyle Freeland (2025 baseline: 17.5% K, 5.4% BB, 3.26 K/BB in 162.2 IP) and Matthew Liberatore (18.8% K, 6.2% BB, 3.05 K/BB in 151.2 IP) post similar 2025 strikeout and walk profiles -- neither is a high-strikeout arm by modern standards."
2026-08-08,web,pitcher_kbb_annotation,bound,1,SPLIT_DIRECTION,4,,,,,,,"Freeland's lower walk rate (5.4%) means he rarely gives free passes, but his 2026 contact quality against right-handed hitters (.926 OPS in 357 BF) makes those walks he does issue especially costly by extending innings."
2026-08-08,web,pitcher_kbb_annotation,bound,2,TREND,7,,,,,,,"Liberatore's modestly higher walk rate (6.2%) combined with his 2026 third-pass vulnerability (1.089 OPS in 85 BF) means Colorado's patient batters -- Julien (14.1% BB rate in 2026), Karros (12.1%) -- can directly accelerate his pitch count toward the third-pass risk window."
2026-08-08,web,pitcher_kbb_annotation,bound,3,GAME_EVENT,2,,,,,,,These are 2025 baselines; 2026 inning totals may support updated rates.
2026-08-08,web,key_matchups,free,0,BVP_HISTORY,3,,,,,,,Tonight's Edge: Right-Handed Bats vs Kyle Freeland Jordan Walker vs Kyle Freeland: Career head-to-head: Walker is 2-for-8 (.286) with a walk in 8 plate appearances against Freeland -- a thin book behind the matchup that decides the most tonight.
2026-08-08,web,key_matchups,free,1,BVP_HISTORY,0,,,,,,,The platoon advantage is season-long and real; the head-to-head history barely exists.
2026-08-08,web,key_matchups,free,2,ROSTER_FACT,0,,,,,,,Walker bats 4th tonight.
2026-08-08,web,key_matchups,free,3,SPLIT_DIRECTION,2,,,,,,,Iván Herrera vs Kyle Freeland: Herrera is 2-for-6 with 1 HR against Freeland in career plate appearances -- the only Cardinal in tonight's projected lineup who has taken him deep.
2026-08-08,web,key_matchups,free,4,SPLIT_DIRECTION,3,,,,,,,"His 2026 OPS vs left-handed pitchers is .790 (154 PA), second among Cardinals right-handed bats."
2026-08-08,web,key_matchups,free,5,ROSTER_FACT,0,,,,,,,Herrera bats 2nd.
2026-08-08,web,key_matchups,free,6,SPLIT_DIRECTION,3,,,,,,,"Colorado lineup vs Liberatore's third pass: Liberatore has allowed a 1.089 OPS in the third pass through opposing lineups in 2026 (85 BF, above the analytical floor)."
2026-08-08,web,key_matchups,free,7,STAT_VALUE,4,,,,,,,"His first-pass (.772 OPS, 198 BF) and second-pass (.755 OPS, 193 BF) profiles are solid."
2026-08-08,web,key_matchups,free,8,TREND,7,,,,,,,"Colorado's lineup carries above-average patience: Edouard Julien (14.1% walk rate in 2026, 276 PA), Kyle Karros (12.1%, 380 PA), and Troy Johnston (8.3%, 360 PA) can work deep counts and push Liberatore toward his third-pass window."
2026-08-08,web,key_matchups,free,9,SPLIT_DIRECTION,3,,,,,,,Early innings opportunity vs Freeland: Freeland's 2026 first-pass OPS allowed is .958 (181 BF) -- his worst of the three passes.
2026-08-08,web,key_matchups,free,10,STAT_VALUE,2,,,,,,,"He improves as games progress (.886 in second pass, .754 in third pass)."
2026-08-08,web,key_matchups,free,11,TREND,1,,,,,,,The Cardinals' highest-percentage window against Freeland is innings 1-3 before he settles.
2026-08-08,web,key_matchups,free,12,TREND,3,S024,STAT_VALUE,a,2026,batter_kbb,prediction leg,"Batters who can extend the count early -- Herrera (10.4% walk rate in 2026), Masyn Winn (9.3%) -- create conditions for damage before Freeland finds his second-pass rhythm."
2026-08-08,web,key_matchups,free,13,SPLIT_DIRECTION,2,,,,,,,Masyn Winn vs Freeland: Winn's career BvP against Freeland is 1-for-6 (.167) -- the weakest line among the three Cardinals right-handed bats in the projected lineup.
2026-08-08,web,key_matchups,free,14,SPLIT_DIRECTION,3,,,,,,,"His 2026 OPS vs left-handed pitching is .735 (111 PA, above the analytical floor)."
2026-08-08,web,key_matchups,free,15,MAGNITUDE,0,,,,,,,"Watch whether Winn can improve on that career record batting 6th, where his at-bats may come with runners on base in Freeland's middle innings."
2026-08-08,web,key_matchups,free,16,SPLIT_DIRECTION,3,,,,,,,The new battery: Jimmy Crooks is the scheduled catcher tonight but has caught only 2 of Liberatore's 2026 starts (compared to Pedro Pagés's 15).
2026-08-08,web,key_matchups,free,17,FRAMING_VOICE,0,,,,,,,The battery has limited shared game time relative to the primary Pagés pairing.
2026-08-08,web,key_matchups,free,18,SPLIT_DIRECTION,0,,,,,,,Watch for any early-count pattern differences as this less-familiar combination works through the first two innings.
2026-08-08,web,key_matchups,free,19,STAT_VALUE,4,,,,,,,"Colorado's running game: Jordan Beck (19 SB, 70.4% success) and Tyler Freeman (18 SB, 66.7%) are Colorado's primary stolen-base threats."
2026-08-08,web,key_matchups,free,20,ABSENCE,1,,,,,,,With Crooks catching -- no 2026 caught-stealing data available in tonight's dataset -- watch how the Cardinals manage these runners if Beck or Freeman reaches base in a close game.
2026-08-08,web,quick_reference,free,0,GAME_STATE,0,,,,,,,Q: Which Cardinals match up best against Kyle Freeland tonight?
2026-08-08,web,quick_reference,free,1,SPLIT_DIRECTION,3,,,,,,,"The three right-handed bats -- Iván Herrera (R), Jordan Walker (R), and Masyn Winn (R) -- face Freeland's worst 2026 split (.926 OPS allowed vs RHB in 357 BF)."
2026-08-08,web,quick_reference,free,2,SPLIT_DIRECTION,3,,,,,,,Walker leads with a .913 OPS vs LHP in 2026 (123 PA).
2026-08-08,web,quick_reference,free,3,STAT_VALUE,1,,,,,,,Herrera has 1 career HR against Freeland.
2026-08-08,web,quick_reference,free,4,GAME_STATE,0,,,,,,,Q: What is Matthew Liberatore's main risk factor tonight?
2026-08-08,web,quick_reference,free,5,STAT_VALUE,3,,,,,,,His 2026 third-pass profile: 1.089 OPS in 85 BF.
2026-08-08,web,quick_reference,free,6,TREND,1,,,,,,,"The risk window opens around pitch 80-85, when Colorado batters reach their third look at him."
2026-08-08,web,quick_reference,free,7,STAT_VALUE,2,,,,,,,His first two passes (.772 and .755 OPS) are manageable; the third is the sharp escalation point.
2026-08-08,web,quick_reference,free,8,STAT_VALUE,1,,,,,,,Q: How does Freeland pitch away from home in 2026?
2026-08-08,web,quick_reference,free,9,SPLIT_DIRECTION,4,,,,,,,"An 8.29 ERA in 51.0 road innings, versus 5.49 ERA in 57.1 home innings at Coors Field."
2026-08-08,web,quick_reference,free,10,GAME_STATE,0,,,,,,,He pitches away tonight at Busch Stadium.
2026-08-08,web,quick_reference,free,11,STAT_VALUE,3,,,,,,,"His 2025 road ERA was 4.17 (90.2 IP), so the current-season road collapse is not a career-long pattern."
2026-08-08,web,quick_reference,free,12,FRAMING_VOICE,0,S060,FRAMING_VOICE,c,-,-,question header,Q: Who are Colorado's main baserunning threats?
2026-08-08,web,quick_reference,free,13,STAT_VALUE,4,S012,STAT_VALUE,b,unstated,baserunning,"quick_reference free slot, no scope word","Jordan Beck (19 SB, 70.4%) and Tyler Freeman (18 SB, 66.7%) are the high-volume stealers."
2026-08-08,web,quick_reference,free,14,STAT_VALUE,2,,,,,,,Jake McCarthy is perfect in 6 attempts in 2026.
2026-08-08,web,quick_reference,free,15,ABSENCE,1,,,,,,,Catcher Jimmy Crooks has no 2026 caught-stealing sample available in tonight's data.
2026-08-08,web,quick_reference,free,16,FRAMING_VOICE,0,,,,,,,Q: Where does the Cardinals' offense stand as a team?
2026-08-08,web,quick_reference,free,17,TREND,3,,,,,,,"Since July 20, the Cardinals rank 29th of 30 teams in runs scored per game (3.22)."
2026-08-08,web,quick_reference,free,18,GAME_STATE,0,S028,GAME_STATE,a,today,streak,,The team is on a two-game winning streak entering tonight.
2026-08-08,web,quick_reference,free,19,PREDICTION,0,,,,,,,Jordan Walker has been the offense's primary engine -- see Trend Watch for details.
2026-08-08,web,quick_reference,free,20,FRAMING_VOICE,0,S090,FRAMING_VOICE,c,-,-,question header,Q: What is the Cardinals' bullpen inherited-runner situation?
2026-08-08,web,quick_reference,free,21,STAT_VALUE,2,,,,,,,Gordon Graceffo has the lowest strand rate among tracked Cardinals relievers: 54.5% (11 IR).
2026-08-08,web,quick_reference,free,22,STAT_VALUE,2,,,,,,,Riley O'Brien leads at 70.0% (10 IR).
2026-08-08,web,quick_reference,free,23,STAT_VALUE,2,,,,,,,Kyle Leahy is at 62.1% (29 IR).
2026-08-08,web,quick_reference,free,24,ABSENCE,2,,,,,,,Michael McGreevy is 100.0% in 3 IR -- too small to project.
2026-08-08,web,quick_reference,free,25,PREDICTION,0,,,,,,,O'Brien is the most reliable option if Liberatore departs with runners on base.
2026-08-08,web,quick_reference,free,26,GAME_STATE,0,,,,,,,Q: What does a Cardinals win tonight mean for the series?
2026-08-08,web,quick_reference,free,27,GAME_EVENT,2,,,,,,,A win tonight gives the Cardinals a 2-0 lead and clinches the series ahead of Sunday's Game 3.
2026-08-08,web,quick_reference,free,28,GAME_EVENT,3,,,,,,,"The Cardinals won Game 1 last night, 3-2, and lead the series 1-0."
2026-08-08,web,quick_reference,free,29,TREND,4,,,,,,,Their 2026 record vs Colorado this series: 1-0 (season series was 2-4 in 2025 in prior matchups).
2026-08-15,email,report_card_recap,free,0,MAGNITUDE,2,,,,,,,Holmes held the Cardinals to one hit over 6.2 innings; Soriano entered with two inherited runners and surrendered Seiya Suzuki's three-run home run -- No 21 -- in the bottom of the sixth to account for all three Chicago runs.
2026-08-15,email,report_card_recap,free,1,GAME_EVENT,1,,,,,,,St Louis went scoreless on three hits in the series opener and now trails Chicago 1-0 in the three-game set.
2026-08-15,email,retrospective_commentary,free,0,STAT_VALUE,1,,,,,,,"WHAT WORKED • Liberatore struck out six in 5.1 innings and held Chicago to two hits through the fifth, keeping the Cardinals within striking distance into the late innings. • Strzelecki worked two scoreless innings, preventing additional damage after the decisive sixth."
2026-08-15,email,retrospective_commentary,free,1,PREDICTION,0,,,,,,,"WHAT DIDN'T • The Cardinals managed three hits total against Holmes and the Cubs' bullpen, going scoreless through nine innings with no margin for pitching error. • Soriano could not strand Liberatore's two inherited runners; Suzuki's three-run home run -- his 21st -- ended the scoring and handed Chicago the series lead."
2026-08-15,email,bottom_line_content,free,0,TREND,3,,,,,,,"EDGE -- Boyd's 2026 second-time-through split (.806 OPS, 125 BF) is the Cardinals' most concrete scoring window."
2026-08-15,email,bottom_line_content,free,1,SPLIT_DIRECTION,4,,,,,,,"The three Cardinals right-handers -- Herrera, Walker, and Winn -- draw a Boyd who allows a .720 OPS to right-handed batters this season (244 BF), a materially softer matchup than the version the six left-handers will face (.595 OPS, 85 BF)."
2026-08-15,email,bottom_line_content,free,2,SPLIT_DIRECTION,1,,,,,,,"THREAT -- Six of nine projected Cardinals starters bat left-handed, and Boyd's 2026 platoon split against this hand is pronounced."
2026-08-15,email,bottom_line_content,free,3,ROSTER_FACT,0,S066,SPLIT_DIRECTION,b,implicit,pitcher_platoon,"BARE ""strongest platoon advantage""",The lineup construction means Boyd faces his strongest platoon advantage through the first pass; the Cardinals' path to scoring runs almost entirely through right-handed bats or the middle-inning window.
2026-08-15,email,bottom_line_content,free,4,PREDICTION,0,,,,,,,WATCH -- The fourth through sixth innings.
2026-08-15,email,bottom_line_content,free,5,TREND,3,,,,,,,"Boyd's TTO2 window (.806 OPS, 125 BF) is the Cardinals' clearest opportunity; if St Louis cannot capitalize during the second pass through the order, they are racing against a pitcher who has posted a .595 OPS against the hand that will represent two-thirds of their lineup all day."
2026-08-15,email,key_matchups_prose,free,0,SPLIT_DIRECTION,4,,,,,,,"Cardinals vs Boyd (L, 3.50) Boyd's first-pass split is his sharpest in 2026 (.610 OPS, 126 BF), so the six left-handed Cardinals will face their steepest climb early."
2026-08-15,email,key_matchups_prose,free,1,STAT_VALUE,11,,,,,,,The right-handed trio is the leverage group: Jordan Walker is hitting .292/.385/.531 (.916 OPS) against left-handed pitching in 2026 (130 PA); Iván Herrera is at .254/.390/.410 (.800 OPS) against lefties this season (164 PA).
2026-08-15,email,key_matchups_prose,free,2,SPLIT_DIRECTION,6,,,,,,,"Alec Burleson presents the starkest contrast -- he is hitting .200/.234/.297 (.531 OPS) against left-handers in 2026 (154 PA), making him Boyd's most favorable lineup matchup among the Cardinals' lineup spots that will see the most plate appearances."
2026-08-15,email,key_matchups_prose,free,3,SPLIT_DIRECTION,13,,,,,,,"Cubs vs McGreevy (R, 3.64) McGreevy's primary 2025 vulnerability was left-handed batters (.911 OPS, 190 PA); in 2026 that number has improved to .742 OPS (328 BF), though the gap vs right-handers (.580 OPS vs RHB in 2025, 210 PA; .697 OPS in 2026, 185 BF) has narrowed."
2026-08-15,email,key_matchups_prose,free,4,ROSTER_FACT,0,,,,,,,"The Cubs project three left-handed bats (Busch, Conforto, Crow-Armstrong) in the lineup pool."
2026-08-15,email,key_matchups_prose,free,5,BVP_HISTORY,10,,,,,,,"Pete Crow-Armstrong (.912 OPS, 546 PA) is the primary Cubs threat; in career BvP, Michael Busch is 3-for-8 against McGreevy with 2 home runs (1.250 SLG, 8 PA), and Ian Happ is 4-for-8 (9 PA, .500 AVG, .556 OBP)."
2026-08-15,email,key_matchups_prose,free,6,SPLIT_DIRECTION,4,,,,,,,"McGreevy's 2026 TTO3 split (.812 OPS, 102 BF) is his most vulnerable pass -- a reversal from the improvement-through-order pattern he showed in 2025 -- and the Cubs' patient lineup is built to exploit late-inning exposure."
2026-08-15,email,watchlist_prose,free,0,FRAMING_VOICE,0,,,,,,,The TTO3 door closes fast.
2026-08-15,email,watchlist_prose,free,1,TREND,3,,,,,,,"If the Cardinals cannot score during Boyd's second-time-through window, they run into a pitcher who has posted a .631 OPS in the third pass (78 BF) -- a sharp recovery from the .806 TTO2 exposure."
2026-08-15,email,watchlist_prose,free,2,FRAMING_VOICE,0,,,,,,,The middle-inning window is narrow.
2026-08-15,email,watchlist_prose,free,3,FRAMING_VOICE,0,,,,,,,McGreevy-Crooks battery pairing.
2026-08-15,email,watchlist_prose,free,4,STAT_VALUE,4,,,,,,,McGreevy has a 9.35 ERA in 2 starts with Crooks behind the plate and a 4.24 ERA in 14 starts with Pages.
2026-08-15,email,watchlist_prose,free,5,PREDICTION,0,,,,,,,The small-sample gap is extreme; watch for early command signs from McGreevy in this pairing.
2026-08-15,email,watchlist_prose,free,6,SPLIT_DIRECTION_BARE,0,,,,,,,Cubs running game vs Crooks.
2026-08-15,email,watchlist_prose,free,7,STAT_VALUE,6,,,,,,,"Chicago's baserunners are active: Crow-Armstrong (35 SB, 81.4% success rate), Hoerner (29 SB, 82.9%), Swanson (20 SB, 87.0%)."
2026-08-15,email,watchlist_prose,free,8,STAT_VALUE,4,,,,,,,"Crooks has 1 caught stealing in 13 attempts this season; his throwing rate is withheld (13 attempts, below the 20-attempt minimum for publication)."
2026-08-15,email,watchlist_prose,free,9,FRAMING_VOICE,0,,,,,,,Prospect note (carryover).
2026-08-15,email,watchlist_prose,free,10,STAT_VALUE,1,,,,,,,Joshua Baez is the Cardinals' No 3 prospect.
2026-08-15,email,watchlist_prose,free,11,PREDICTION,0,,,,,,,He was not in the projected lineup for yesterday's game; whether he factors into today's lineup remains unconfirmed as of this report.
2026-08-15,email,trend_watch_prose,free,0,GAME_STATE,0,,,,,,,The bottom of the order is broken.
2026-08-15,email,trend_watch_prose,free,1,STAT_VALUE,9,,,,,,,Since 2026-07-04 -- the point where the Cardinals' run-scoring environment shifted -- the 6-9 lineup slots have posted a .532 OPS (.192 AVG / .263 OBP / .269 SLG) across 561 plate appearances over 37 games.
2026-08-15,email,trend_watch_prose,free,2,TREND,1,,,,,,,That ranks last among all 30 MLB teams in the window.
2026-08-15,email,trend_watch_prose,free,3,PREDICTION,0,,,,,,,"Today, those four lineup spots (Winn, Crooks, Gorman, Church) will be occupied by batters who face Boyd at his most dominant hand -- four left-handers who have not hit in this stretch -- which means the Cardinals are essentially counting on a five-man offense to carry today's game."
2026-08-15,email,trend_watch_prose,free,4,GAME_STATE,1,,,,,,,The standings offer no slack: St Louis is 3.5 games out of a wild-card spot.
2026-08-15,email,trend_watch_prose,free,5,FRAMING_VOICE,0,,,,,,,Wetherholt's power pace.
2026-08-15,email,trend_watch_prose,free,6,TREND,4,,,,,,,"JJ Wetherholt has 16 home runs through 122 team games, a pace that projects to 21 home runs over a full season (milestone: 20)."
2026-08-15,email,trend_watch_prose,free,7,TREND,2,,,,,,,He is also on pace for 102 runs scored -- a 100-run season has historically served as the threshold for a leadoff hitter considered among the league's top offensive contributors.
2026-08-15,email,trend_watch_prose,free,8,MAGNITUDE,1,,,,,,,Both milestones are within reach; whether the Cardinals' struggling bottom third generates enough traffic to keep Wetherholt's run total climbing is the tension worth watching over the final 40 games.
2026-08-15,web,web_yesterday_recap,free,0,MAGNITUDE,2,,,,,,,"Clay Holmes held the Cardinals to one hit in 6.2 innings; Soriano entered with two inherited runners and surrendered Seiya Suzuki's three-run home run — No 21 — in the bottom of the sixth, providing all three Chicago runs."
2026-08-15,web,web_yesterday_recap,free,1,STAT_VALUE,1,,,,,,,"Matthew Liberatore struck out six in 5.1 innings and Strzelecki worked two scoreless frames, but the Cardinals went scoreless on three hits in the series opener."
2026-08-15,web,web_yesterday_recap,free,2,MAGNITUDE,1,,,,,,,Chicago now leads the three-game set 1-0.
2026-08-15,web,season_context_starters,free,0,STAT_VALUE,1,,,,,,,"Michael McGreevy (R, 3.64 ERA) starts for St Louis."
2026-08-15,web,season_context_starters,free,1,STAT_VALUE,8,,,,,,,"McGreevy is a ground-ball pitcher (49.2% GB rate, 307 BIP in 2025) with a command-first profile: 14.5% K rate, 5.0% BB rate, 2.90 K/BB ratio (95.2 IP in 2025)."
2026-08-15,web,season_context_starters,free,2,STAT_VALUE,7,,,,,,,"He pitches away today at Wrigley Field; his 2025 road ERA was 3.55 (188 BF, 45.2 IP), improving to 3.90 ERA in 60.0 IP away in 2026."
2026-08-15,web,season_context_starters,free,3,STAT_VALUE,2,,,,,,,McGreevy has stranded all 3 inherited runners this season (100.0% strand rate).
2026-08-15,web,season_context_starters,free,4,STAT_VALUE,1,,,,,,,"Matt Boyd (L, 3.50 ERA) starts for Chicago at home."
2026-08-15,web,season_context_starters,free,5,SPLIT_DIRECTION,5,,,,,,,Boyd's 2026 season is defined by a pronounced platoon split: .595 OPS against left-handed batters (85 BF) — the hand that will represent six of nine projected Cardinals starters — and .720 OPS against right-handers (244 BF).
2026-08-15,web,season_context_starters,free,6,TREND,4,S044,SPLIT_DIRECTION,a,2026 (slot),tto table,both figures; the 08-15 hedge false-positive sentence,"His second-time-through-the-order split (.806 OPS, 125 BF) is the game's most exploitable window; his first pass (.610 OPS, 126 BF) is his sharpest."
2026-08-15,web,season_context_starters,free,7,STAT_VALUE,4,,,,,,,"Boyd's 2026 home ERA is 4.54 (151 BF, 37.2 IP)."
2026-08-15,web,season_context_injuries,free,0,ABSENCE,0,,,,,,,Cardinals No Cardinals players on the injured list.
2026-08-15,web,season_context_injuries,free,1,STAT_VALUE,2,,,,,,,"Holmes was activated August 8 and started yesterday's series opener, working 6.2 innings (1H, 0R)."
2026-08-15,web,season_context_injuries,free,2,GAME_STATE,0,,,,,,,He is not expected to be available today on standard rest.
2026-08-15,web,season_context_injuries,free,3,ROSTER_FACT,1,,,,,,,Ben Brown (neck strain) remains on the 60-day IL with no activation in this payload.
2026-08-15,web,season_context_injuries,free,4,GAME_EVENT,0,,,,,,,"The Cubs' bullpen options yesterday included Rolison, Zeferjahn, and Webb."
2026-08-15,web,bvp_cardinals_vs_starter_annotation,bound,0,ABSENCE,0,,,,,,,No career BvP data available for Cardinals batters against Matt Boyd heading into today's game.
2026-08-15,web,bvp_cardinals_vs_starter_annotation,bound,1,FRAMING_VOICE,0,,,,,,,Splits analysis (sections 2C and 2D) carries the primary analytical weight for this matchup.
2026-08-15,web,bvp_opponent_vs_starter_annotation,bound,0,STAT_VALUE,2,,,,,,,All samples are 6–9 PA and carry no predictive weight on their own; treat as directional context only.
2026-08-15,web,bvp_opponent_vs_starter_annotation,bound,1,STAT_VALUE,8,,,,,,,"Ian Happ (4-for-8, .500 AVG, .556 OBP, 9 PA) and Michael Busch (3-for-8, 2 HR, 1.250 SLG, 8 PA) are the most notable positive BvP marks."
2026-08-15,web,bvp_opponent_vs_starter_annotation,bound,2,STAT_VALUE,5,,,,,,,"Pete Crow-Armstrong (1-for-7, .143 AVG, 7 PA) is the easiest McGreevy out in career BvP — though his 2026 season performance (.912 OPS overall) makes him a persistent threat by the larger context."
2026-08-15,web,bvp_opponent_vs_starter_annotation,bound,3,STAT_VALUE,4,,,,,,,"Kelly (.375 AVG, 8 PA) and Hoerner (.333 AVG, 7 PA) are positive but similarly limited by sample."
2026-08-15,web,platoon_cardinals_annotation,bound,0,MAGNITUDE,8,,,,,,,"Right-handed bats vs Boyd: Iván Herrera leads the right-handed group in the 2025 baseline (.330/.455/.660, 124 PA vs LHP) with a 2026 companion of .800 OPS (164 PA)."
2026-08-15,web,platoon_cardinals_annotation,bound,1,SPLIT_DIRECTION,8,,,,,,,"Jordan Walker shows the most significant positive shift: his 2025 vs-LHP mark (.255/.318/.347, 107 PA) has climbed to a .916 OPS in 2026 (130 PA) — the strongest right-handed leverage bat against Boyd today."
2026-08-15,web,platoon_cardinals_annotation,bound,2,SPLIT_DIRECTION,8,,,,,,,"Masyn Winn is the more modest option (.255/.313/.349, 163 PA in 2025; .732 OPS in 2026, 117 PA)."
2026-08-15,web,platoon_cardinals_annotation,bound,3,SPLIT_DIRECTION,8,,,,,,,"Left-handed bats vs Boyd: Burleson is the primary concern: .271/.310/.398 against left-handers in 2025 (127 PA), with a 2026 companion of .531 OPS (154 PA) — a meaningful deterioration."
2026-08-15,web,platoon_cardinals_annotation,bound,4,STAT_VALUE,5,,,,,,,"Church (14 PA in 2025) and Crooks (8 PA, 2026 below 60-PA floor) have samples too small to weigh."
2026-08-15,web,platoon_cardinals_annotation,bound,5,FRAMING_VOICE,0,,,,,,,The structural disadvantage of six left-handers facing a dominant left-handed pitcher is the section's most actionable takeaway.
2026-08-15,web,platoon_opponent_annotation,bound,0,SPLIT_DIRECTION,8,,,,,,,"Left-handed threat vs McGreevy: Crow-Armstrong (.271/.315/.523, 459 PA vs RHP in 2025; .909 OPS in 2026, 368 PA) is the most dangerous Cubs bat against right-handed pitching regardless of split."
2026-08-15,web,platoon_opponent_annotation,bound,1,STAT_VALUE,8,,,,,,,Busch brings a 2025 baseline of .272/.356/.554 (497 PA) with a 2026 companion of .746 OPS (386 PA).
2026-08-15,web,platoon_opponent_annotation,bound,2,SPLIT_DIRECTION,8,,,,,,,"Happ (switch, .247/.351/.440 vs RHP in 2025, 481 PA; .817 OPS in 2026, 373 PA) brings above-average patience to his right-side production."
2026-08-15,web,platoon_opponent_annotation,bound,3,SPLIT_DIRECTION,5,,,,,,,"McGreevy's relief: Conforto (.190/.292/.323 vs RHP in 2025, 408 PA) is the softest left-handed Cubs bat against right-handed pitching; he is the most favorable matchup McGreevy can get from the Cubs' left-handed pool."
2026-08-15,web,platoon_opponent_annotation,bound,4,SPLIT_DIRECTION,8,,,,,,,"Swanson (.232/.291/.395, 507 PA) and Hoerner (.275/.330/.349, 500 PA) are the more modest right-handed Cubs bats."
2026-08-15,web,platoon_opponent_annotation,bound,5,SPLIT_DIRECTION,8,,,,,,,"Amaya (.312/.341/.545 vs RHP in 2025, 82 PA) shows a small but eye-catching positive BvP profile against right-handers; his 2026 OPS (136 PA) of .716 is the more reliable baseline."
2026-08-15,web,pitcher_platoon_annotation,bound,0,SPLIT_DIRECTION,9,,,,,,,"vs Left-Handed Batters: 2025 baseline: .318/.368/.543 (.911 OPS, 190 PA). 2026 to date: .742 OPS (328 BF) — a meaningful improvement, but still McGreevy's more vulnerable split."
2026-08-15,web,pitcher_platoon_annotation,bound,1,SPLIT_DIRECTION,9,,,,,,,"The Cubs project Busch, Conforto, and Crow-Armstrong as left-handed bats; all three represent elevated risk given this split history, with Crow-Armstrong and Busch the higher-leverage concerns. vs Right-Handed Batters: 2025 baseline: .225/.255/.325 (.580 OPS, 210 PA). 2026 to date: .697 OPS (185 BF)."
2026-08-15,web,pitcher_platoon_annotation,bound,2,SPLIT_DIRECTION,1,,,,,,,"The gap between McGreevy's left-handed and right-handed splits has narrowed in 2026, but the directional advantage for right-handed Cubs hitters remains present at this sample size."
2026-08-15,web,pitcher_home_away_annotation,bound,0,STAT_VALUE,8,,,,,,,"McGreevy pitches away today at Wrigley Field. 2025 away baseline: 3.55 ERA (188 BF, 45.2 IP). 2026 away companion: 3.90 ERA (60.0 IP) — a slight increase from the 2025 road mark."
2026-08-15,web,pitcher_home_away_annotation,bound,1,SPLIT_DIRECTION,9,,,,,,,"His 2025 home ERA (5.22, 212 BF, 50.0 IP) was a pronounced weakness that has reversed sharply in 2026 (3.41 ERA, 66.0 IP at home); today's context is the road split, where his 2026 performance represents a marginal step back from the 2025 baseline rather than the dramatic home improvement."
2026-08-15,web,tto_splits_annotation,bound,0,GAME_STATE,2,,,,,,,McGreevy's 2026 TTO splits represent a reversal of his 2025 improvement-through-order pattern.
2026-08-15,web,tto_splits_annotation,bound,1,SPLIT_DIRECTION,7,S010,SPLIT_DIRECTION,a,2025,tto table,"all three figures; ""better"" from pitcher's view","In 2025, each pass was better than the last: TTO1 .792 OPS (154 PA), TTO2 .715 OPS (152 PA), TTO3 .677 OPS (94 PA)."
2026-08-15,web,tto_splits_annotation,bound,2,STAT_VALUE,7,,,,,,,"In 2026, that pattern has inverted: TTO1 .657 OPS (207 BF), TTO2 .755 OPS (204 BF), TTO3 .812 OPS (102 BF)."
2026-08-15,web,tto_splits_annotation,bound,3,FRAMING_VOICE,0,,,,,,,The third pass is now his most expensive by OPS.
2026-08-15,web,tto_splits_annotation,bound,4,GAME_STATE,0,,,,,,,"The Cubs' lineup — patient, with multiple above-average BB% contributors — is well suited to drive pitch counts and reach the third-pass window."
2026-08-15,web,tto_splits_annotation,bound,5,FRAMING_VOICE,0,,,,,,,McGreevy's ability to avoid that exposure through efficient early-inning work is a key in-game variable.
2026-08-15,web,inherited_runners_annotation,bound,0,STAT_VALUE,2,,,,,,,McGreevy has stranded all 3 inherited runners this season (100.0% strand rate).
2026-08-15,web,inherited_runners_annotation,bound,1,MAGNITUDE,3,,,,,,,"In the bullpen, Riley O'Brien (70.0% strand rate, 10 IR) is the only reliever above the league average (68.8%)."
2026-08-15,web,inherited_runners_annotation,bound,2,MAGNITUDE,4,,,,,,,"Kyle Leahy (62.1% strand, 29 IR) and Gordon Graceffo (54.5% strand, 11 IR) have both been below average in inherited-runner situations; if McGreevy exits with runners on base, the bullpen's inherited-runner track record is a relevant handoff risk."
2026-08-15,web,batted_ball_annotation,bound,0,MAGNITUDE,4,,,,,,,"McGreevy's 49.2% ground-ball rate (307 BIP in 2025) exceeds the league average (47.0%), making him structurally effective at inducing weak contact."
2026-08-15,web,batted_ball_annotation,bound,1,SPLIT_DIRECTION,0,,,,,,,"Every Cubs hitter in the table shows a substantially higher LD AVG than GB AVG — consistent with league norms, but it underscores that McGreevy's goal is to generate the low-outcome grounders rather than concede the line drives."
2026-08-15,web,batted_ball_annotation,bound,2,STAT_VALUE,2,,,,,,,Hoerner (.281 GB AVG) and Bregman (.289 GB AVG) are the most effective at converting grounders into hits; they are the most dangerous Cubs bats on ground-ball contact.
2026-08-15,web,batted_ball_annotation,bound,3,STAT_VALUE,3,,,,,,,Crow-Armstrong (40.7% FB rate in 2025 hitter profile) and Suzuki (38.4% FB rate) represent the greatest fly-ball risk against McGreevy if he misses his spots.
2026-08-15,web,battery_annotation,bound,0,ROSTER_FACT,0,,,,,,,Crooks starts behind the plate today.
2026-08-15,web,battery_annotation,bound,1,SPLIT_DIRECTION,6,,,,,,,McGreevy's ERA splits by catcher are extreme: 9.35 ERA in 2 starts with Crooks (8.2 IP) vs 4.24 ERA in 14 starts with Pagés (80.2 IP).
2026-08-15,web,battery_annotation,bound,2,ABSENCE,1,,,,,,,The Crooks sample is too small for causal inference — game-state and opponent quality are uncontrolled — but the 2-game window warrants early monitoring for command and rhythm indicators.
2026-08-15,web,battery_annotation,bound,3,STAT_VALUE,3,,,,,,,"The single Pozo start (5.2 IP, 0.00 ERA, .056 AVG against) is noise at that sample."
2026-08-15,web,battery_annotation,bound,4,ROSTER_FACT,0,,,,,,,Pagés is on the roster but not starting today.
2026-08-15,web,baserunning_content,bound,0,STAT_VALUE,1,,,,,,,Cubs stolen-base activity (2026): Chicago's baserunners are prolific and efficient.
2026-08-15,web,baserunning_content,bound,1,STAT_VALUE,16,,,,,,,"Pete Crow-Armstrong leads with 35 stolen bases (8 CS, 81.4% success rate in 43 attempts); Nico Hoerner has 29 SB (6 CS, 82.9% in 35 attempts); Dansby Swanson has 20 SB (3 CS, 87.0% in 23 attempts); Tyrone Taylor has 12 SB (2 CS, 85.7% in 14 attempts)."
2026-08-15,web,baserunning_content,bound,2,STAT_VALUE,8,,,,,,,"Secondary threats include Ian Happ (6 SB, 3 CS, 66.7% in 9 attempts) and Seiya Suzuki (5 SB, 2 CS, 71.4% in 7 attempts)."
2026-08-15,web,baserunning_content,bound,3,STAT_VALUE,4,,,,,,,"Catcher throwing — Cardinals: Jimmy Crooks has 1 caught stealing in 13 attempts this season; his throwing rate is withheld (13 attempts, below the 20-attempt minimum for publication)."
2026-08-15,web,baserunning_content,bound,4,STAT_VALUE,3,,,,,,,"Pagés has a 31.5% caught-stealing rate (17 CS in 54 attempts) and is the primary Cardinals catcher by sample, but Crooks starts today."
2026-08-15,web,baserunning_content,bound,5,FRAMING_VOICE,0,,,,,,,The Cubs' active running game against an unreportable Crooks throwing sample is the most consequential matchup in this section.
2026-08-15,web,baserunning_content,bound,6,STAT_VALUE,6,,,,,,,Catcher throwing — Cubs: Carson Kelly has a 23.3% caught-stealing rate (14 CS in 60 attempts); Miguel Amaya has a 31.0% rate (9 CS in 29 attempts).
2026-08-15,web,baserunning_content,bound,7,FRAMING_VOICE,0,,,,,,,Both rates are publishable.
2026-08-15,web,baserunning_content,bound,8,ABSENCE,0,,,,,,,Cubs catcher identity for today is unconfirmed from the projected lineup (both Kelly and Amaya appear in the roster pool with batting order listed as None).
2026-08-15,web,defense_annotation,bound,0,GAME_EVENT,4,,,,,,,Masyn Winn at shortstop leads this group by volume and reliability: .994 fielding percentage across 129 games with 64 double plays turned (3 errors) — a strong defensive anchor.
2026-08-15,web,defense_annotation,bound,1,GAME_EVENT,2,,,,,,,Jimmy Crooks is error-free in 14 games at catcher (1.000 Fld%).
2026-08-15,web,defense_annotation,bound,2,ROSTER_FACT,2,,,,,,,"Alec Burleson's first-base line (50G, .990 Fld%, 27 DP) is the most meaningful defensive sample; he is clean across all three outfield positions as well."
2026-08-15,web,defense_annotation,bound,3,GAME_EVENT,5,,,,,,,"Nathan Church in center field is clean in 18 games (1.000 Fld%); his 7-game right-field sample (.833, 1 error) reflects an occasional vulnerability outside his primary position."
2026-08-15,web,defense_annotation,bound,4,STAT_VALUE,3,,,,,,,Jordan Walker in right field has 4 errors in 108 games (.981 Fld%).
2026-08-15,web,head_to_head_content,free,0,BVP_HISTORY,8,,,,,,,"Head-to-head (recent seasons): Cardinals vs Cubs — 5-8 in 2025, 7-6 in 2024, 5-8 in 2023, 13-6 in 2022."
2026-08-15,web,head_to_head_content,free,1,TREND,2,,,,,,,St Louis has lost the season series majority in two of the last three years; the 2022 mark (13-6) is a historical outlier in the recent pattern.
2026-08-15,web,head_to_head_content,free,2,GAME_STATE,2,,,,,,,Chicago now leads this three-game series 1-0 following yesterday's 3-0 result.
2026-08-15,web,head_to_head_content,free,3,FRAMING_VOICE,0,,,,,,,Wrigley Field: No park factor data available in this payload.
2026-08-15,web,batter_kbb_stl_note,bound,0,MAGNITUDE,13,,,,,,,"Burleson (14.5% K, 7.2% BB in 2025; 16.4%/8.6% in 2026) and Herrera (18.7% K, 9.6% BB in 2025; 17.4%/10.0% in 2026) are the Cardinals' most disciplined contact producers — both near or at league average on BB% (league avg: 8.9%)."
2026-08-15,web,batter_kbb_stl_note,bound,1,STAT_VALUE,6,,,,,,,Walker's 2025 K% of 31.8% (396 PA) has improved meaningfully in 2026 to 24.5% (503 PA).
2026-08-15,web,batter_kbb_stl_note,bound,2,STAT_VALUE,11,,,,,,,"Crooks (37.0% K, 0.0% BB in 2025, 46 PA; 32.0% K, 5.7% BB in 2026, 122 PA) carries the most extreme contact-and-patience deficit in the group; against Boyd's first-pass dominance, Crooks and Church (19.4% K, 5.3% BB in 2026) are the most likely early-inning easy outs."
2026-08-15,web,batter_kbb_annotation,bound,0,STAT_VALUE,6,,,,,,,"Hoerner (7.6% K, 6.0% BB in 2025; 8.7%/7.4% in 2026) is the most contact-reliable Cubs bat — the ideal McGreevy foil given his ground-ball tendency."
2026-08-15,web,batter_kbb_annotation,bound,1,MAGNITUDE,6,,,,,,,"Bregman (14.1% K, 10.3% BB in 2025; 15.8%/11.1% in 2026) pairs elite patience with low strikeout risk."
2026-08-15,web,batter_kbb_annotation,bound,2,MAGNITUDE,6,,,,,,,"Happ's 2026 K% has risen sharply to 31.2% from 22.8% in 2025 (663 PA), but his BB% (12.7%) remains well above average — he strikes out more but also walks frequently."
2026-08-15,web,batter_kbb_annotation,bound,3,SPLIT_DIRECTION,6,,,,,,,Crow-Armstrong has improved his BB% substantially in 2026 (11.9% vs 4.5% in 2025) while K% also increased (27.1% vs 24.0%).
2026-08-15,web,batter_kbb_annotation,bound,4,STAT_VALUE,6,,,,,,,"McGreevy's best strikeout candidates are Conforto (29.7% K in 2026, 212 PA) and Amaya (25.4% K in 2026, 197 PA)."
2026-08-15,web,batter_batted_ball_profile_stl_note,bound,0,SPLIT_DIRECTION,2,,,,,,,"Herrera (52.6% GB, 285 BIP) is the Cardinals' heaviest ground-ball hitter — a natural contact fit against McGreevy's ground-ball profile, though his right-handed bat gives him the more favorable split against Boyd today."
2026-08-15,web,batter_batted_ball_profile_stl_note,bound,1,STAT_VALUE,4,,,,,,,"Walker (48.9% GB, 231 BIP) and Burleson (42.0% GB, 398 BIP) are mid-range."
2026-08-15,web,batter_batted_ball_profile_stl_note,bound,2,ABSENCE,2,,,,,,,"Crooks (44.4% FB, 27 BIP) has the highest fly-ball rate in the group, though the sample is too small to draw strong conclusions."
2026-08-15,web,batter_batted_ball_profile_stl_note,bound,3,ABSENCE,2,,,,,,,"Church (67.6% GB, 37 BIP) is an extreme ground-ball hitter in a limited sample."
2026-08-15,web,batter_batted_ball_profile_stl_note,bound,4,ABSENCE,0,,,,,,,Park factor data for Wrigley is not available in this payload to contextualize the fly-ball environment.
2026-08-15,web,batter_batted_ball_profile_annotation,bound,0,STAT_VALUE,1,,,,,,,McGreevy's 49.2% ground-ball tendency faces a Cubs lineup with a range of contact profiles.
2026-08-15,web,batter_batted_ball_profile_annotation,bound,1,STAT_VALUE,4,S070,STAT_VALUE,a,slot-bound,batted_ball,rank; prediction leg,"Crow-Armstrong (40.7% FB, 398 BIP) and Suzuki (38.4% FB, 375 BIP) are the most fly-ball-oriented Cubs bats — the greatest risk if McGreevy mislocates pitches."
2026-08-15,web,batter_batted_ball_profile_annotation,bound,2,STAT_VALUE,2,,,,,,,"Taylor (31.5% LD, 232 BIP) is the highest line-drive rate in the group; line drives are the most offense-productive contact type."
2026-08-15,web,batter_batted_ball_profile_annotation,bound,3,STAT_VALUE,4,,,,,,,"Hoerner (45.9% GB, 543 BIP) and Swanson (44.9% GB, 396 BIP) are the Cubs' heaviest ground-ball hitters — a natural alignment with McGreevy's tendency to keep the ball on the ground."
2026-08-15,web,pitcher_kbb_annotation,bound,0,MAGNITUDE,4,,,,,,,"McGreevy's 14.5% K rate (95.2 IP in 2025) sits below the league average (22.1%), reflecting a contact-management profile rather than a swing-and-miss one."
2026-08-15,web,pitcher_kbb_annotation,bound,1,STAT_VALUE,4,,,,,,,His 5.0% BB rate (20 BB) and 2.90 K/BB ratio are the other anchors of a command-first approach consistent with his 49.2% ground-ball tendency.
2026-08-15,web,pitcher_kbb_annotation,bound,2,MAGNITUDE,4,,,,,,,"Against a Cubs lineup with multiple above-average K rates (Conforto 29.7%, Amaya 25.4%, Crow-Armstrong 27.1% in 2026), McGreevy has strikeout opportunities at the bottom of the lineup pool — though his path to success runs through contact quality management rather than swing-and-miss accumulation."
2026-08-15,web,key_matchups,free,0,SPLIT_DIRECTION,1,,,,,,,"Cardinals vs Boyd (L, 3.50 ERA) Lineup construction is the primary angle today."
2026-08-15,web,key_matchups,free,1,STAT_VALUE,3,,,,,,,Six of nine projected Cardinals starters bat left-handed against a pitcher who has held left-handed batters to a .595 OPS in 2026 (85 BF).
2026-08-15,web,key_matchups,free,2,STAT_VALUE,2,,,,,,,"The three Cardinals right-handers — Iván Herrera, Jordan Walker, and Masyn Winn — face a Boyd who allows a .720 OPS to right-handed batters (244 BF), making that trio the lineup's primary offensive catalysts."
2026-08-15,web,key_matchups,free,3,MAGNITUDE,2,,,,,,,"Boyd's order clock: His first pass is dominant (.610 OPS, 126 BF) — the six left-handed Cardinals will face Boyd at his sharpest through the early innings."
2026-08-15,web,key_matchups,free,4,TREND,2,,,,,,,"His second-time-through split is the game's most exploitable window (.806 OPS, 125 BF), concentrated roughly in the fourth through sixth innings."
2026-08-15,web,key_matchups,free,5,TREND,2,,,,,,,"The third pass tightens (.631 OPS, 78 BF); if St Louis cannot score during the TTO2 window, the door largely closes."
2026-08-15,web,key_matchups,free,6,SPLIT_DIRECTION,6,,,,,,,"Key individual matchups vs Boyd: Jordan Walker (2026 vs LHP: .292/.385/.531, .916 OPS, 130 PA) is the Cardinals' most dangerous bat against Boyd."
2026-08-15,web,key_matchups,free,7,SPLIT_DIRECTION,6,,,,,,,"Iván Herrera (2026 vs LHP: .254/.390/.410, .800 OPS, 164 PA) is the other high-leverage right-handed source."
2026-08-15,web,key_matchups,free,8,SPLIT_DIRECTION,4,,,,,,,"Masyn Winn vs LHP in 2026: .294 AVG, .732 OPS (117 PA)."
2026-08-15,web,key_matchups,free,9,STAT_VALUE,6,,,,,,,"The sharpest left-handed liability is Alec Burleson, who is hitting .200/.234/.297 (.531 OPS) against left-handers in 2026 (154 PA)."
2026-08-15,web,key_matchups,free,10,SPLIT_DIRECTION,7,,,,,,,"Cubs vs McGreevy (R, 3.64 ERA) Left-handed threat: McGreevy's primary 2025 vulnerability was left-handed batters (.911 OPS, 190 PA); in 2026, that number has improved to .742 OPS (328 BF)."
2026-08-15,web,key_matchups,free,11,STAT_VALUE,2,,,,,,,"The Cubs project Pete Crow-Armstrong (.912 OPS overall, 546 PA), Michael Busch, and Michael Conforto as their left-handed lineup pool."
2026-08-15,web,key_matchups,free,12,BVP_HISTORY,8,,,,,,,"In career BvP, Busch is 3-for-8 against McGreevy with 2 home runs (1.250 SLG, 8 PA); Happ is 4-for-8 (.500 AVG, .556 OBP, 9 PA)."
2026-08-15,web,key_matchups,free,13,SPLIT_DIRECTION,4,,,,,,,"Crow-Armstrong is 1-for-7 (.143 AVG, 7 PA) against McGreevy in BvP — though his 2026 season-level production makes him the higher-priority threat by the larger context."
2026-08-15,web,key_matchups,free,14,SPLIT_DIRECTION,7,,,,,,,"Third-pass vulnerability: McGreevy's 2026 TTO3 split (.812 OPS, 102 BF) is his most expensive pass — a reversal from the improvement-through-order pattern he showed in 2025 (TTO1 .792, TTO2 .715, TTO3 .677)."
2026-08-15,web,key_matchups,free,15,GAME_STATE,0,,,,,,,The Cubs' patience-oriented lineup is well suited to drive pitch counts and reach that window.
2026-08-15,web,key_matchups,free,16,GAME_STATE,0,,,,,,,McGreevy's effective range today hinges on early-inning efficiency and limiting left-handed exposure in the back half of the order.
2026-08-15,web,key_matchups,free,17,SPLIT_DIRECTION,4,,,,,,,McGreevy-Crooks battery: McGreevy has a 9.35 ERA in 2 starts with Crooks catching vs a 4.24 ERA in 14 starts with Pagés.
2026-08-15,web,key_matchups,free,18,ABSENCE,2,,,,,,,"The 2-start Crooks sample (8.2 IP) is too small for causal inference, but the extreme ERA gap warrants early monitoring for command and rhythm signals in today's game."
2026-08-15,web,key_matchups,free,19,MAGNITUDE,4,,,,,,,"Cubs stolen-base threat vs Crooks: Chicago's top baserunners are active and efficient — Crow-Armstrong (35 SB), Hoerner (29 SB), Swanson (20 SB), Taylor (12 SB)."
2026-08-15,web,key_matchups,free,20,STAT_VALUE,4,,,,,,,"Crooks has 1 caught stealing in 13 attempts; his throwing rate is withheld (13 attempts, below the 20-attempt minimum for publication)."
2026-08-15,web,key_matchups,free,21,GAME_STATE,0,,,,,,,This is the most active running matchup on the field today.
2026-08-15,web,key_matchups,free,22,TREND,4,,,,,,,"The TTO3 window closes fast: If the Cardinals cannot score during Boyd's TTO2 window (.806 OPS, 125 BF), his third-pass split (.631 OPS, 78 BF) represents a sharp recovery."
2026-08-15,web,key_matchups,free,23,TREND,0,,,,,,,The scoring opportunity is concentrated; there is no extended late-game window to chip away if the middle innings pass scoreless.
2026-08-15,web,key_matchups,free,24,STAT_VALUE,3,,,,,,,Prospect note (carryover from 2026-08-14): Joshua Baez is the Cardinals' No 3 prospect.
2026-08-15,web,key_matchups,free,25,PREDICTION,0,,,,,,,He was not in yesterday's projected lineup; whether he factors into today's order remains unconfirmed as of this report.
2026-08-15,web,quick_reference,free,0,TREND,65,,,,,,,"Boyd's TTO clock: TTO1 .610 OPS (126 BF, dominant first pass) → TTO2 .806 OPS (125 BF, innings ~4–6, Cardinals' prime window) → TTO3 .631 OPS (78 BF, sharp close) Cardinals RHBs vs Boyd (2026): Walker .916 OPS (130 PA) | Herrera .800 OPS (164 PA) | Winn .732 OPS (117 PA) Cardinals LHBs vs Boyd (2026): Burleson .531 OPS (154 PA) — Boyd's most favorable target | Wetherholt .688 OPS (186 PA) McGreevy BvP alerts: Busch 3-for-8, 2 HR, 1.250 SLG (8 PA) | Happ 4-for-8, .500 AVG, .556 OBP (9 PA) | Crow-Armstrong 1-for-7, .143 AVG (7 PA, weak BvP history) Catcher throwing — Cardinals (today): Crooks: 1 CS / 13 attempts; rate withheld (below 20-attempt minimum) Catcher throwing — Cubs: Kelly: 14 CS / 60 attempts, 23.3% | Amaya: 9 CS / 29 attempts, 31.0% Cubs running game (2026): Crow-Armstrong 35 SB (81.4%, 43 att) | Hoerner 29 SB (82.9%, 35 att) | Swanson 20 SB (87.0%, 23 att) | Taylor 12 SB (85.7%, 14 att) McGreevy TTO (2026): TTO1 .657 OPS (207 BF) | TTO2 .755 OPS (204 BF) | TTO3 .812 OPS (102 BF) — gets worse through order Series: CHC leads 1-0 (Game 2 of 3) | Cardinals record: 61-61, 3.5 GB wild card"
2026-08-21,email,report_card_recap,free,0,STAT_VALUE,3,S078,GAME_EVENT,a,yesterday,plays + season HR totals,,"Jordan Walker's three-run home run (26) in the third inning gave St Louis a 4-0 lead, but Cincinnati erased it with five in the sixth -- Matt McLain's grand slam (12) was the blow."
2026-08-21,email,report_card_recap,free,1,STAT_VALUE,1,,,,,,,Jose Fermin came off the bench and went 2-for-2 with two RBI in the Cardinals' six-run ninth.
2026-08-21,email,report_card_recap,free,2,STAT_VALUE,2,,,,,,,Riley O'Brien closed after George Soriano allowed four earned runs in 0.2 innings to make the final score 10-9.
2026-08-21,email,retrospective_commentary,free,0,SPLIT_DIRECTION,6,,,,,,,"WHAT WORKED • Walker's 26th homer -- a three-run shot in the third -- and a first-inning run-scoring groundout gave him four RBI and set the early tone • Jose Fermin delivered off the bench: 2-for-2, two RBI in the ninth, driving home two runners during the six-run rally • Peter Strzelecki threw two scoreless innings to bridge the bullpen from the seventh through the eighth • JJ Wetherholt reached base throughout and crossed the plate three times WHAT DIDN'T • George Soriano surrendered four earned runs in 0.2 innings in the ninth, turning a six-run lead into a one-run finish • Ryne Stanek allowed two earned runs in 0.2 innings bridging the sixth and seventh after Michael McGreevy's departure • Blaze Jordan (0-for-4) and Jimmy Crooks (0-for-2) went a combined 0-for-6 from the lower third of the lineup"
2026-08-21,email,bottom_line_content,free,0,SPLIT_DIRECTION,2,,,,,,,"Threat: The Cardinals open a three-game series in Philadelphia tonight against Jesus Luzardo (11-5, 3.23 ERA), a left-hander with a pronounced platoon edge against left-handed hitters."
2026-08-21,email,bottom_line_content,free,1,ROSTER_FACT,0,S034,ROSTER_FACT,a,tonight,lineups + bats,,"With five left-handed bats likely in tonight's lineup -- Wetherholt, Burleson, Church, Torres, and Crooks -- the four right-handed options carry the offensive weight: Ivan Herrera, Jordan Walker, Joshua Baez, and Blaze Jordan."
2026-08-21,email,bottom_line_content,free,2,MAGNITUDE,0,,,,,,,"Edge: Luzardo pitches at home tonight, and his home ERA this season runs well above his road mark -- the one split that cuts in the Cardinals' favor."
2026-08-21,email,bottom_line_content,free,3,STAT_VALUE,2,,,,,,,Watch: St Louis is 2.5 games back in the wild card race with 33 games to play.
2026-08-21,email,bottom_line_content,free,4,ROSTER_FACT,0,,,,,,,The Cardinals' right-handed bats against Luzardo's second pass are the game within the game.
2026-08-21,email,key_matchups_prose,free,0,SPLIT_DIRECTION_BARE,0,,,,,,,"Ivan Herrera vs Luzardo (platoon edge): Batting second, Herrera carries the Cardinals' best right-handed split against a left-handed starter."
2026-08-21,email,key_matchups_prose,free,1,SPLIT_DIRECTION,5,,,,,,,His 2025 line vs LHP: .330/.455/.660 across 124 PA.
2026-08-21,email,key_matchups_prose,free,2,SPLIT_DIRECTION,3,,,,,,,His 2026 OPS vs LHP is .797 across 178 PA.
2026-08-21,email,key_matchups_prose,free,3,ABSENCE,1,,,,,,,Career against Luzardo: 5 PA -- too small to weight.
2026-08-21,email,key_matchups_prose,free,4,GAME_STATE,0,,,,,,,The platoon data is the relevant frame tonight.
2026-08-21,email,key_matchups_prose,free,5,SPLIT_DIRECTION,4,,,,,,,"Jordan Walker vs Luzardo: Walker's 2026 numbers against left-handed pitching -- .288 AVG, .918 OPS across 144 PA -- are the strongest current-year right-handed split in the projected lineup."
2026-08-21,email,key_matchups_prose,free,6,BVP_HISTORY,6,,,,,,,"Career vs Luzardo: 8 PA (.250/.250/.250, 0 BB, 2 K)."
2026-08-21,email,key_matchups_prose,free,7,SPLIT_DIRECTION,1,,,,,,,The 2026 vs-LHP data leads.
2026-08-21,email,key_matchups_prose,free,8,STAT_VALUE,2,,,,,,,"The five left-handed bats: Wetherholt, Burleson, Church, Torres, and Crooks all face Luzardo at a structural platoon disadvantage -- he has held left-handed hitters to a .392 OPS this season (155 BF)."
2026-08-21,email,key_matchups_prose,free,9,MAGNITUDE,10,,,,,,,"Burleson's 2026 vs-LHP numbers -- .209/.244/.304 across 168 PA -- have fallen well below his 2025 sample (127 PA, .271/.310/.398)."
2026-08-21,email,key_matchups_prose,free,10,SPLIT_DIRECTION,3,,,,,,,The second time through the order: Luzardo's second-pass OPS this season is .831 across 225 batters faced -- a jump from his first-pass .413 OPS.
2026-08-21,email,key_matchups_prose,free,11,ROSTER_FACT,0,,,,,,,The Cardinals' four right-handed bats getting second looks are where to direct attention as the game progresses.
2026-08-21,email,watchlist_prose,free,0,TREND,0,,,,,,,The second-pass window: Luzardo's OPS climbs sharply his second time through the order.
2026-08-21,email,watchlist_prose,free,1,PREDICTION,0,,,,,,,"Look for Walker, Herrera, Baez, and Jordan to get their best cracks around the fourth or fifth inning when the lineup turns over."
2026-08-21,email,watchlist_prose,free,2,FRAMING_VOICE,0,,,,,,,"Ivan Herrera early: Batting second, Herrera faces Luzardo in fresh counts from the start."
2026-08-21,email,watchlist_prose,free,3,MAGNITUDE,5,,,,,,,"His 2025 record against left-handed pitching is the most favorable split in the projected order tonight, though his 2026 mark against left-handers (.243 average, .797 OPS across 178 plate appearances) sits a step below that."
2026-08-21,email,watchlist_prose,free,4,SPLIT_DIRECTION,2,,,,,,,Luzardo at home: Luzardo carries a 4.63 ERA at Citizens Bank Park this season compared to 1.95 on the road.
2026-08-21,email,watchlist_prose,free,5,GAME_STATE,0,,,,,,,All game action tonight is on the home side of that ledger.
2026-08-21,email,watchlist_prose,free,6,TREND,3,,,,,,,Nathan Church's assignment: Church has posted a .490 OPS over his last 130 plate appearances since July 4.
2026-08-21,email,watchlist_prose,free,7,GAME_STATE,0,,,,,,,"Against tonight's left-hander, Church's spot in the order represents one of the steeper climbs in tonight's lineup."
2026-08-21,email,watchlist_prose,free,8,STAT_VALUE,1,,,,,,,"Soriano's role after yesterday afternoon: After allowing four earned runs in 0.2 innings in Cincinnati, watch how manager Oliver Marmol pieces together the bullpen in close situations tonight -- specifically whether Soriano is available and who carries the middle innings."
2026-08-21,email,trend_watch_prose,free,0,TREND,6,,,,,,,"Nathan Church's slump (since July 4): Church has posted a .490 OPS over his last 130 plate appearances since July 4, down from .726 in the 225 PA before that date."
2026-08-21,email,trend_watch_prose,free,1,STAT_VALUE,4,,,,,,,His 2026 overall line is .235/.280/.355.
2026-08-21,email,trend_watch_prose,free,2,STAT_VALUE,1,S035,STAT_VALUE,a,this season,pitcher_platoon,"Trend Watch slot writing matchup content; ""most difficult"" bare leg",Tonight he faces a left-hander who has held left-handed hitters to a .392 OPS this season -- the most structurally difficult matchup in the projected order.
2026-08-21,email,trend_watch_prose,free,3,TREND,3,S054,TREND,a,season pace,trend_watch P8,33/129*162 = 41.4,"Riley O'Brien's save pace: O'Brien has 33 saves through 129 team games, on pace for 41 on the season."
2026-08-21,email,trend_watch_prose,free,4,SPLIT_DIRECTION,1,,,,,,,He needs seven more to reach 40.
2026-08-21,email,trend_watch_prose,free,5,STAT_VALUE,2,,,,,,,He carries a 2.94 ERA across 52 innings this season.
2026-08-21,email,trend_watch_prose,free,6,TREND,3,,,,,,,"Andre Pallante's win pace: Pallante has 12 wins with 33 team games remaining, on pace for 15."
2026-08-21,email,trend_watch_prose,free,7,SPLIT_DIRECTION_BARE,0,,,,,,,He needs three more to reach that milestone.
2026-08-21,email,trend_watch_prose,free,8,STAT_VALUE,3,,,,,,,His 2026 ERA is 3.57 across 136 innings.
2026-08-21,email,trend_watch_prose,free,9,TREND,3,,,,,,,His last five starts have produced a 2.11 ERA compared to 4.30 before that stretch -- a sharpening trend with 33 games remaining.
2026-08-21,web,web_yesterday_recap,free,0,STAT_VALUE,1,,,,,,,Jordan Walker delivered his 26th home run — a three-run shot in the third inning — and added a run-scoring groundout in the first to give St Louis a 4-0 lead through three innings.
2026-08-21,web,web_yesterday_recap,free,1,STAT_VALUE,1,,,,,,,Cincinnati answered with a five-run sixth: Matt McLain hit a grand slam (12) to cap the burst and flip the lead.
2026-08-21,web,web_yesterday_recap,free,2,TREND,1,,,,,,,The Cardinals trailed 4-5 into the ninth before scoring six times.
2026-08-21,web,web_yesterday_recap,free,3,STAT_VALUE,1,,,,,,,Masyn Winn and José Fermín scored on a fielding error by center fielder Dane Myers; Alec Burleson singled home JJ Wetherholt; Joshua Báez walked home Iván Herrera; and Fermín singled to drive in Burleson and Walker — finishing 2-for-2 with two RBI in the rally.
2026-08-21,web,web_yesterday_recap,free,4,TREND,1,,,,,,,"George Soriano then allowed four runs in 0.2 innings in the bottom of the ninth, with Eugenio Suárez and Sal Stewart delivering key singles, before Riley O'Brien recorded the final out."
2026-08-21,web,web_yesterday_recap,free,5,FRAMING_VOICE,0,,,,,,,JJ Wetherholt scored three times.
2026-08-21,web,web_yesterday_recap,free,6,GAME_EVENT,2,,,,,,,St Louis closed the Cincinnati series with a 3-of-5 win total.
2026-08-21,web,season_context_starters,free,0,GAME_STATE,0,,,,,,,TBD (L) — Cardinals: The Cardinals have not announced a starter for tonight's game.
2026-08-21,web,season_context_starters,free,1,STAT_VALUE,6,,,,,,,"Jesús Luzardo (L), 11-5, 3.23 ERA — Phillies: Luzardo has thrown 150.1 innings this season with 185 strikeouts and 46 walks (WHIP 1.15)."
2026-08-21,web,season_context_starters,free,2,MAGNITUDE,3,,,,,,,His ground ball rate is 57.5% and his K% is 29.8% against a league average of 22.1%.
2026-08-21,web,season_context_starters,free,3,STAT_VALUE,2,,,,,,,He has pitched into a third pass through the lineup in 24 of his 25 starts.
2026-08-21,web,season_context_injuries,free,0,ABSENCE,0,,,,,,,No Cardinals players are on the injured list entering this series.
2026-08-21,web,bvp_cardinals_vs_starter_annotation,bound,0,BVP_HISTORY,0,,,,,,,Only two Cardinals hitters in the projected lineup have career history against Luzardo in the data.
2026-08-21,web,bvp_cardinals_vs_starter_annotation,bound,1,STAT_VALUE,10,,,,,,,"Jordan Walker's 8 PA (.250/.250/.250, 2 K, 0 BB) and Iván Herrera's 5 PA (.250/.400/.500) are both too small to carry standalone predictive weight."
2026-08-21,web,bvp_cardinals_vs_starter_annotation,bound,2,GAME_STATE,0,,,,,,,The platoon splits in section 2C provide the more reliable reference for tonight.
2026-08-21,web,bvp_opponent_vs_starter_annotation,bound,0,GAME_STATE,0,,,,,,,The Cardinals have not announced a starter for tonight.
2026-08-21,web,bvp_opponent_vs_starter_annotation,bound,1,FRAMING_VOICE,0,,,,,,,No opponent history is available for this section.
2026-08-21,web,platoon_cardinals_annotation,bound,0,SPLIT_DIRECTION,4,,,,,,,Jordan Walker's 2026 line against left-handed pitching — .288 AVG and .918 OPS across 144 plate appearances — is the strongest current-season split in the projected Cardinals lineup.
2026-08-21,web,platoon_cardinals_annotation,bound,1,STAT_VALUE,9,,,,,,,"Iván Herrera anchors the 2025 column at .330/.455/.660 (124 PA), with a 2026 follow-through of .243 AVG and .797 OPS across 178 PA."
2026-08-21,web,platoon_cardinals_annotation,bound,2,MAGNITUDE,10,,,,,,,"Alec Burleson's 2026 numbers against left-handers -- .209/.244/.304 across 168 PA -- sit well below his 2025 sample (127 PA, .271/.310/.398)."
2026-08-21,web,platoon_cardinals_annotation,bound,3,ABSENCE,2,S055,ABSENCE,a,2026,platoon_2026 floor,,Nathan Church (14 PA) and Jimmy Crooks (8 PA) are too small to treat as reliable standalone references.
2026-08-21,web,platoon_cardinals_annotation,bound,4,ABSENCE,1,,,,,,,JJ Wetherholt and Bryan Torres have no qualifying 2025 sample in this section and do not appear in the table.
2026-08-21,web,platoon_opponent_annotation,bound,0,SPLIT_DIRECTION,5,,,,,,,Trea Turner's 2025 line against left-handed pitching — .323/.376/.460 across 205 PA — is the strongest right-handed split in the Phillies' active pool.
2026-08-21,web,platoon_opponent_annotation,bound,1,STAT_VALUE,8,,,,,,,"Edmundo Sosa (.318/.362/.533, 116 PA) and Alec Bohm (.295/.351/.467, 134 PA) provide additional right-handed leverage against the TBD Cardinals starter."
2026-08-21,web,platoon_opponent_annotation,bound,2,STAT_VALUE,8,S089,STAT_VALUE,a,2025 + 2026,platoon_opponent + platoon_2026,,"Kyle Schwarber (.252/.366/.598, 276 PA) is the left-handed bat with the deepest LHP sample; his 2026 follow-through (.268 AVG, .916 OPS, 200 PA) shows continued production from the same-hand disadvantage position."
2026-08-21,web,platoon_opponent_annotation,bound,3,SPLIT_DIRECTION,5,,,,,,,Brandon Marsh has the most challenging 2025 left-handed split in the table: .197/.287/.289 across 88 PA against left-handed pitchers.
2026-08-21,web,pitcher_platoon_annotation,bound,0,SPLIT_DIRECTION_BARE,0,,,,,,,Jesús Luzardo's platoon gap is pronounced and consistent.
2026-08-21,web,pitcher_platoon_annotation,bound,1,BVP_HISTORY,4,,,,,,,"Right-handed hitters have posted a .723 OPS against him this season (466 BF), while left-handed hitters are at .392 OPS (155 BF)."
2026-08-21,web,pitcher_platoon_annotation,bound,2,SPLIT_DIRECTION,5,,,,,,,The 2025 split ran in the same direction: .699 OPS against right-handed bats (585 PA) and .514 OPS against left-handed bats (173 PA).
2026-08-21,web,pitcher_platoon_annotation,bound,3,ROSTER_FACT,0,,,,,,,"Tonight's Cardinals lineup carries four right-handed bats — Iván Herrera, Jordan Walker, Joshua Báez, and Blaze Jordan — against whom Luzardo has been more hittable across both seasons."
2026-08-21,web,pitcher_home_away_annotation,bound,0,STAT_VALUE,3,,,,,,,Jesús Luzardo is pitching at Citizens Bank Park tonight — his home venue — where his 2026 ERA is 4.63 across 72 innings.
2026-08-21,web,pitcher_home_away_annotation,bound,1,SPLIT_DIRECTION,2,,,,,,,"His away ERA this season is 1.95 across 78.1 innings, a gap of more than two runs."
2026-08-21,web,pitcher_home_away_annotation,bound,2,SPLIT_DIRECTION,3,,,,,,,The 2025 split showed the same direction: 3.87 at home versus 2.98 away.
2026-08-21,web,pitcher_home_away_annotation,bound,3,GAME_STATE,0,,,,,,,All Cardinals game action tonight lands on the home side of that ledger.
2026-08-21,web,tto_splits_annotation,bound,0,MAGNITUDE,2,,,,,,,Luzardo's first time through the order has been dominant this season: .413 OPS across 227 batters faced.
2026-08-21,web,tto_splits_annotation,bound,1,SPLIT_DIRECTION,2,,,,,,,"The second time through the order is where Cardinals hitters gain the most ground — a .831 OPS across 225 batters faced, the largest pass-to-pass jump in the table."
2026-08-21,web,tto_splits_annotation,bound,2,GAME_STATE,0,,,,,,,That difference from first to second pass is the most actionable split for tonight.
2026-08-21,web,tto_splits_annotation,bound,3,SPLIT_DIRECTION,3,,,,,,,"The third-pass row shows a lower OPS (.699) than the second pass, but the caveat above is essential: Luzardo has pitched into a third pass in 24 of 25 starts."
2026-08-21,web,tto_splits_annotation,bound,4,SPLIT_DIRECTION,0,,,,,,,Those are the starts where he was sharp enough to be left in — his better second passes.
2026-08-21,web,tto_splits_annotation,bound,5,STAT_VALUE,4,,,,,,,"In those same 24 starts, hitters posted a .783 OPS on the second pass and .704 OPS on the third pass (within-game delta: -.079 OPS)."
2026-08-21,web,tto_splits_annotation,bound,6,FRAMING_VOICE,0,,,,,,,The pre-rendered note explains this further.
2026-08-21,web,tto_splits_annotation,bound,7,STAT_VALUE,7,,,,,,,"The 2025 splits were substantially flatter: .683 OPS (first time through, 290 PA), .672 OPS (second time through, 285 PA), .586 OPS (third time through, 183 PA)."
2026-08-21,web,tto_splits_annotation,bound,8,SPLIT_DIRECTION,1,,,,,,,The 2026 first-pass suppression and second-pass exposure gap is a current-season pattern.
2026-08-21,web,inherited_runners_annotation,bound,0,MAGNITUDE,3,,,,,,,"Kyle Leahy has stranded 62.1% of 29 inherited runners this season, below the league average of 68.8%."
2026-08-21,web,inherited_runners_annotation,bound,1,MAGNITUDE,2,,,,,,,Riley O'Brien has stranded 70.0% of 10 inherited runners — above the league average in the closer role.
2026-08-21,web,inherited_runners_annotation,bound,2,STAT_VALUE,2,S003,STAT_VALUE,a,2026,inherited_runners,rank within table,"Gordon Graceffo has stranded 54.5% of 11 inherited runners, the lowest mark among Cardinals relievers with a meaningful sample, and warrants attention in high-leverage situations with baserunners already aboard."
2026-08-21,web,inherited_runners_annotation,bound,3,ABSENCE,2,,,,,,,Michael McGreevy's 100% strand rate (3 inherited runners) comes from a very small sample as a starting pitcher.
2026-08-21,web,batted_ball_annotation,bound,0,STAT_VALUE,3,,,,,,,Jesús Luzardo generated a 43.3% ground ball rate across 466 batted balls in 2025.
2026-08-21,web,batted_ball_annotation,bound,1,BVP_HISTORY,2,,,,,,,"Among Phillies hitters, Alec Bohm (52.0% GB%) and Trea Turner (50.1% GB%) are the most likely to put balls on the ground against him."
2026-08-21,web,batted_ball_annotation,bound,2,SPLIT_DIRECTION,3,,,,,,,"Turner's .321 average on ground balls in 2025 is the strongest in the table; Kyle Schwarber's .186 groundball average reflects his fly-ball-heavy profile, which aligns less naturally with Luzardo's ground-ball tendency."
2026-08-21,web,batted_ball_annotation,bound,3,STAT_VALUE,2,,,,,,,Luis Arraez makes contact at a high rate (.231 GB AVG) but has the lowest fly-ball upside (.066 FB average) — a contact-first profile that tends to survive against ground-ball pitchers without generating extra bases.
2026-08-21,web,battery_annotation,bound,0,GAME_STATE,0,,,,,,,No battery pairing history is available for tonight's Cardinals starter.
2026-08-21,web,baserunning_content,bound,0,STAT_VALUE,4,,,,,,,Philadelphia baserunning (2025): Trea Turner is the primary threat — 36 stolen bases against 7 caught stealing (83.7% success rate).
2026-08-21,web,baserunning_content,bound,1,STAT_VALUE,9,,,,,,,"Bryson Stott (24 SB, 5 CS, 82.8%), Bryce Harper (12 SB, 2 CS, 85.7%), and Kyle Schwarber (10 SB, 2 CS, 83.3%) are the next tier."
2026-08-21,web,baserunning_content,bound,2,SPLIT_DIRECTION,3,,,,,,,"Luis Arraez (11 SB, 4 CS, 73.3%) is active but at a lower success rate."
2026-08-21,web,baserunning_content,bound,3,MAGNITUDE,6,,,,,,,"Brandon Marsh (7 SB, 1 CS, 87.5%) and Derek Hill (7 SB, 0 CS, 100.0%) represent speed in the bottom of the Phillies' order."
2026-08-21,web,baserunning_content,bound,4,STAT_VALUE,2,,,,,,,Alec Bohm has 2 stolen bases with 0 caught stealing.
2026-08-21,web,baserunning_content,bound,5,STAT_VALUE,3,,,,,,,Edmundo Sosa has 1 SB and 1 CS (50.0%).
2026-08-21,web,baserunning_content,bound,6,STAT_VALUE,5,,,,,,,"Cardinals catchers — throwing: Pedro Pagés has caught 17 of 54 base stealers this season, a 31.5% caught-stealing rate across 466.2 innings and 53 starts."
2026-08-21,web,baserunning_content,bound,7,STAT_VALUE,5,,,,,,,"Jimmy Crooks, the projected starter tonight, has 14 stolen bases allowed and 1 caught stealing across 15 attempts this season; his caught-stealing rate is not published — 15 attempts falls below the 20-attempt minimum."
2026-08-21,web,defense_annotation,bound,0,STAT_VALUE,3,,,,,,,"Jordan Walker has played 108 games at right field this season (.981 Fld%, 4 errors)."
2026-08-21,web,defense_annotation,bound,1,GAME_STATE,6,,,,,,,"Nathan Church is the projected center fielder tonight and has appeared in 18 games at that position (1.000 Fld%); he has also played right field (7 G, .833 Fld%) and left field (5 G, 1.000 Fld%) this season."
2026-08-21,web,defense_annotation,bound,2,STAT_VALUE,6,,,,,,,"Alec Burleson's 50 games at first base (.990 Fld%) represent his primary position; he has also appeared in left field (41 G, 1.000 Fld%) and right field (34 G, .983 Fld%)."
2026-08-21,web,defense_annotation,bound,3,ROSTER_FACT,2,,,,,,,Jimmy Crooks has 14 games behind the plate (1.000 Fld%).
2026-08-21,web,defense_annotation,bound,4,GAME_EVENT,5,,,,,,,"Iván Herrera has 14 games at catcher (.989 Fld%, 1 error) and 4 games in left field (1.000 Fld%)."
2026-08-21,web,head_to_head_content,free,0,GAME_STATE,0,,,,,,,No park factor data is available in tonight's payload for Citizens Bank Park.
2026-08-21,web,head_to_head_content,free,1,TREND,6,,,,,,,Cardinals vs Phillies — recent history (2022–2025): SeasonSTL WSTL L 202542 202424 202315 202234
2026-08-21,web,batter_kbb_stl_note,bound,0,MAGNITUDE,2,,,,,,,"Against a pitcher with a 29.8% K% this season (league average: 22.1%), contact becomes the premium."
2026-08-21,web,batter_kbb_stl_note,bound,1,GAME_STATE,2,,,,,,,Alec Burleson's 2025 K% of 14.5% is the most contact-friendly profile in the projected lineup.
2026-08-21,web,batter_kbb_stl_note,bound,2,STAT_VALUE,2,,,,,,,"Iván Herrera (18.7% K%, 9.6% BB%) profiles as balanced, near league averages."
2026-08-21,web,batter_kbb_stl_note,bound,3,STAT_VALUE,5,,,,,,,Jordan Walker's 31.8% K% in 2025 reflects significant strikeout exposure; his 2026 K% has improved to 24.1% across 535 PA.
2026-08-21,web,batter_kbb_stl_note,bound,4,GAME_STATE,3,,,,,,,Jimmy Crooks' 37.0% K% with a 0.0% BB% in 2025 is the most vulnerable profile in the order against a pitcher who misses bats at Luzardo's rate.
2026-08-21,web,batter_kbb_annotation,bound,0,MAGNITUDE,3,,,,,,,Luis Arraez's 3.1% K% in 2025 is the lowest in the table by a wide margin (league average: 22.1%) — a contact profile that makes him difficult to put away regardless of stuff.
2026-08-21,web,batter_kbb_annotation,bound,1,MAGNITUDE,3,,,,,,,"Kyle Schwarber pairs a high 27.2% K% with a 14.9% BB% (league average: 8.9%), the highest walk rate in the Phillies' data, reflecting a patient power approach."
2026-08-21,web,batter_kbb_annotation,bound,2,STAT_VALUE,1,,,,,,,Derek Hill's 32.2% K% is the highest in the table and the greatest strikeout risk in the Phillies' projected lineup.
2026-08-21,web,batter_kbb_annotation,bound,3,SPLIT_DIRECTION,4,,,,,,,"Trea Turner (16.7% K%, 6.7% BB%) and Bryce Harper (20.9% K%, 12.1% BB%) profile as the Phillies' more balanced options at the plate."
2026-08-21,web,batter_batted_ball_profile_stl_note,bound,0,SPLIT_DIRECTION,1,,,,,,,"Against Luzardo's 43.3% ground ball rate, Cardinals hitters with higher ground ball rates will see more infield-contact outcomes."
2026-08-21,web,batter_batted_ball_profile_stl_note,bound,1,GAME_STATE,3,,,,,,,"Iván Herrera's 52.6% GB% (285 BIP in 2025) is the highest in the projected lineup, suggesting frequent grounders into Luzardo's strength."
2026-08-21,web,batter_batted_ball_profile_stl_note,bound,2,SPLIT_DIRECTION,2,,,,,,,"Nathan Church's 67.6% GB% (37 BIP) is even higher, though the sample is small."
2026-08-21,web,batter_batted_ball_profile_stl_note,bound,3,SPLIT_DIRECTION,2,,,,,,,Alec Burleson (42.0% GB%) and Jordan Walker (48.9%) sit near Luzardo's ground ball rate and represent more mixed-outcome profiles.
2026-08-21,web,batter_batted_ball_profile_annotation,bound,0,SPLIT_DIRECTION_BARE,0,,,,,,,"Without a Cardinals starter announced, batted ball context is most useful for identifying who hits more fly balls or line drives."
2026-08-21,web,batter_batted_ball_profile_annotation,bound,1,SPLIT_DIRECTION,1,,,,,,,"Kyle Schwarber's 39.9% GB rate is among the lower rates in the table, reflecting his fly-ball power approach."
2026-08-21,web,batter_batted_ball_profile_annotation,bound,2,STAT_VALUE,3,,,,,,,"Brandon Marsh's 30.0% line drive rate in 2025 is the highest in the Phillies' section, and Derek Hill's 35.0% line drive rate stands out as well."
2026-08-21,web,batter_batted_ball_profile_annotation,bound,3,STAT_VALUE,2,,,,,,,Trea Turner hits 24.8% line drives and 25.1% fly balls — a balanced profile.
2026-08-21,web,batter_batted_ball_profile_annotation,bound,4,STAT_VALUE,2,,,,,,,Alec Bohm (52.0% GB%) and Trea Turner (50.1% GB%) are the most likely ground-ball producers among Phillies hitters if the TBD Cardinals starter is also a ground-ball type.
2026-08-21,web,pitcher_kbb_annotation,bound,0,MAGNITUDE,7,,,,,,,"Jesús Luzardo's 2025 K% of 28.5% is well above the league average of 22.1%; his 7.5% BB% is below the 8.9% league average, producing a 3.79 K/BB ratio across 183.2 innings."
2026-08-21,web,pitcher_kbb_annotation,bound,1,STAT_VALUE,3,,,,,,,His 2026 K%/BB% — 29.8% and 7.4% respectively — tracks in the same direction.
2026-08-21,web,pitcher_kbb_annotation,bound,2,STAT_VALUE,6,,,,,,,"Against a pitcher who misses bats at this rate, Cardinals hitters with high strikeout rates face added risk: Jimmy Crooks (37.0% K% in 2025), Jordan Walker (31.8%, improved to 24.1% in 2026), and Nathan Church (27.7%) are the most exposed profiles in the projected lineup."
2026-08-21,web,key_matchups,free,0,SPLIT_DIRECTION_BARE,0,,,,,,,"Iván Herrera vs Jesús Luzardo: Batting second, Herrera is the Cardinals' most structurally favorable right-handed bat against a left-handed starter."
2026-08-21,web,key_matchups,free,1,STAT_VALUE,5,,,,,,,His 2025 line against left-handed pitching — .330/.455/.660 across 124 plate appearances — is the strongest historical reference in the projected lineup.
2026-08-21,web,key_matchups,free,2,BVP_HISTORY,4,,,,,,,"Career against Luzardo, the sample is 5 PA (.250/.400/.500) — too small to lead with."
2026-08-21,web,key_matchups,free,3,SPLIT_DIRECTION,3,,,,,,,His 2026 OPS vs LHP is .797 across 178 plate appearances.
2026-08-21,web,key_matchups,free,4,GAME_STATE,0,,,,,,,The platoon data leads tonight.
2026-08-21,web,key_matchups,free,5,SPLIT_DIRECTION,6,,,,,,,"Jordan Walker vs Jesús Luzardo: Walker has 8 career plate appearances against Luzardo (.250/.250/.250, 2 K, 0 BB) — a sample without standalone predictive weight."
2026-08-21,web,key_matchups,free,6,SPLIT_DIRECTION,4,,,,,,,"His 2026 performance against left-handed pitching (.288 AVG, .918 OPS across 144 PA) is the more actionable reference."
2026-08-21,web,key_matchups,free,7,MAGNITUDE,1,,,,,,,"At right field, Walker hit his 26th home run yesterday afternoon and carries one of the highest 2026 vs-LHP splits in the projected order."
2026-08-21,web,key_matchups,free,8,SPLIT_DIRECTION,2,,,,,,,"The left-handed bats and Luzardo's dominance vs same-hand hitters: Alec Burleson, JJ Wetherholt, Nathan Church, Bryan Torres, and Jimmy Crooks all step in against a pitcher who has held left-handed hitters to a .392 OPS this season (155 BF)."
2026-08-21,web,key_matchups,free,9,MAGNITUDE,10,,,,,,,Burleson's 2026 vs-LHP line -- .209/.244/.304 across 168 PA -- sits well below his 2025 anchor of .271/.310/.398 (127 PA).
2026-08-21,web,key_matchups,free,10,TREND,3,,,,,,,Nathan Church has posted a .490 OPS over his last 130 plate appearances since July 4 — tonight's platoon matchup is the most difficult assignment in the projected order.
2026-08-21,web,key_matchups,free,11,PREDICTION,0,,,,,,,The second time through the order: The Cardinals' best opportunity tonight may come the second time through the lineup.
2026-08-21,web,key_matchups,free,12,SPLIT_DIRECTION,4,,,,,,,Luzardo's second-pass OPS this season is .831 across 225 batters faced — a .418-point jump from his first-pass .413 OPS.
2026-08-21,web,key_matchups,free,13,ROSTER_FACT,0,,,,,,,"When the right-handed bats — Herrera, Walker, Báez, and Jordan — get their second looks, direct attention there."
2026-08-21,web,key_matchups,free,14,MAGNITUDE,26,,,,,,,"Phillies right-handed bats vs TBD Cardinals lefty: With the Cardinals' starter throwing left (per the data's default for platoon-split queries), Trea Turner (.323/.376/.460, 205 PA vs LHP in 2025; .217 AVG, .623 OPS across 177 PA in 2026), Edmundo Sosa (.318/.362/.533, 116 PA; .247 AVG, .693 OPS across 110 PA in 2026), and Alec Bohm (.295/.351/.467, 134 PA; .261 AVG, .762 OPS across 144 PA in 2026) represent the Phillies' three best-positioned right-handed threats by 2025 platoon data — though Turner and Sosa are both well below those baselines this season."
2026-08-21,web,key_matchups,free,15,STAT_VALUE,2,,,,,,,Turner's 36 stolen bases in 2025 add a baserunning dimension once he reaches base.
2026-08-21,web,watchlist,free,0,TREND,1,,,,,,,The second-pass exposure window: Luzardo's first time through the order has suppressed Cardinals hitters to a .413 OPS this season.
2026-08-21,web,watchlist,free,1,STAT_VALUE,1,,,,,,,The second time through (.831 OPS) is when the lineup turns over and the four right-handed bats get their best cracks.
2026-08-21,web,watchlist,free,2,GAME_STATE,0,,,,,,,Pay attention around the third or fourth inning when the order flips.
2026-08-21,web,watchlist,free,3,ROSTER_FACT,0,S059,GAME_STATE,a,tonight,lineups,,"Iván Herrera's at-bats: Batting second, Herrera sees Luzardo in the heart of each pass."
2026-08-21,web,watchlist,free,4,SPLIT_DIRECTION,4,,,,,,,His 2025 vs-LHP line (.330/.455/.660) is the best historical reference in tonight's projected lineup.
2026-08-21,web,watchlist,free,5,ROSTER_FACT,4,,,,,,,"He works counts — 9.6% BB% in 2025, 11.0% in 2026 — which increases his chances of extending at-bats as pitch counts rise."
2026-08-21,web,watchlist,free,6,SPLIT_DIRECTION,3,,,,,,,"Luzardo's home ERA context: Tonight is a home start for Luzardo, where his 2026 ERA is 4.63 compared to 1.95 on the road."
2026-08-21,web,watchlist,free,7,SPLIT_DIRECTION_BARE,0,,,,,,,That gap has been consistent across the last two seasons.
2026-08-21,web,watchlist,free,8,GAME_STATE,0,,,,,,,"No park factor data is in tonight's payload to attribute the split further, but the home/away trend is real."
2026-08-21,web,watchlist,free,9,STAT_VALUE,2,,,,,,,The Cardinals' bullpen after yesterday afternoon: George Soriano allowed 4 ER in 0.2 IP in Thursday's game at Cincinnati.
2026-08-21,web,watchlist,free,10,STAT_VALUE,1,,,,,,,Peter Strzelecki worked 2 clean innings and Riley O'Brien finished the game.
2026-08-21,web,watchlist,free,11,GAME_EVENT,0,,,,,,,"Watch how manager Oliver Marmol pieces together the bullpen if the Cardinals carry a lead into the late innings, particularly Soriano's availability after yesterday's outing."
2026-08-21,web,watchlist,free,12,TREND,4,,,,,,,Nathan Church's at-bats: Church's .490 OPS since July 4 (130 PA) meets Luzardo's .392 OPS against left-handed hitters this season.
2026-08-21,web,watchlist,free,13,GAME_STATE,0,,,,,,,The two trends converging in the same at-bat represent the sharpest structural disadvantage in tonight's projected lineup for the Cardinals.
2026-08-21,web,watchlist,free,14,STAT_VALUE,3,,,,,,,Trea Turner's baserunning: Turner had 36 stolen bases in 2025 at an 83.7% success rate.
2026-08-21,web,watchlist,free,15,STAT_VALUE,4,,,,,,,"Tonight's projected Cardinals catcher is Jimmy Crooks, who has 14 stolen bases allowed and 1 caught stealing (15 attempts) this season; his caught-stealing rate is not published — he has not reached the 20-attempt floor."
2026-08-21,web,watchlist,free,16,FRAMING_VOICE,0,,,,,,,Turner is the Phillies' most active baserunning threat.
2026-08-21,web,quick_reference,free,0,SPLIT_DIRECTION,12,,,,,,,"Luzardo platoon split: vs RHB — .723 OPS (2026, 466 BF) / .699 OPS (2025, 585 PA); vs LHB — .392 OPS (2026, 155 BF) / .514 OPS (2025, 173 PA)."
2026-08-21,web,quick_reference,free,1,GAME_STATE,0,,,,,,,"Cardinals RHBs tonight (platoon advantage vs Luzardo): Iván Herrera (DH), Jordan Walker (RF), Joshua Báez (LF), Blaze Jordan (3B)."
2026-08-21,web,quick_reference,free,2,SPLIT_DIRECTION,12,,,,,,,"Best RHB vs LHP references: Walker — .288 AVG, .918 OPS (2026, 144 PA vs LHP); Herrera — .330/.455/.660 (2025, 124 PA vs LHP), .797 OPS (2026, 178 PA)."
2026-08-21,web,quick_reference,free,3,STAT_VALUE,8,,,,,,,"Luzardo TTO (2026): First time through — .413 OPS (227 BF); second time through — .831 OPS (225 BF); third time through — .699 OPS (170 BF, survivorship caveat; within-game delta -.079 OPS)."
2026-08-21,web,quick_reference,free,4,STAT_VALUE,2,,,,,,,Pitched into a third pass in 24 of 25 starts.
2026-08-21,web,quick_reference,free,5,STAT_VALUE,5,,,,,,,Luzardo home/away (2026): Home — 4.63 ERA (72 IP); away — 1.95 ERA (78.1 IP).
2026-08-21,web,quick_reference,free,6,GAME_STATE,0,,,,,,,Tonight is a home start at Citizens Bank Park.
2026-08-21,web,quick_reference,free,7,STAT_VALUE,5,,,,,,,"Cardinals catchers — stolen base (2026): Crooks (tonight's starter) — 14 SB allowed, 1 CS, 15 attempts; rate not published (under 20-attempt floor)."
2026-08-21,web,quick_reference,free,8,STAT_VALUE,4,,,,,,,"Pagés — 37 SB allowed, 17 CS, 54 attempts, 31.5% CS rate."
2026-08-21,web,quick_reference,free,9,STAT_VALUE,4,S085,STAT_VALUE,a,2025,baserunning,arithmetic consistent,"PHI baserunning threats (2025): Turner — 36 SB, 7 CS, 83.7%."
2026-08-21,web,quick_reference,free,10,STAT_VALUE,3,,,,,,,"Stott — 24 SB, 5 CS, 82.8%."
2026-08-21,web,quick_reference,free,11,STAT_VALUE,3,,,,,,,"Harper — 12 SB, 2 CS, 85.7%."
2026-08-21,web,quick_reference,free,12,STAT_VALUE,3,,,,,,,"Schwarber — 10 SB, 2 CS, 83.3%."
2026-08-21,web,quick_reference,free,13,STAT_VALUE,5,,,,,,,Luzardo K%/BB% (2025): 28.5% K / 7.5% BB / 3.79 K/BB (183.2 IP).
2026-08-21,web,quick_reference,free,14,STAT_VALUE,2,,,,,,,League avg: 22.1% K / 8.9% BB.
2026-08-21,web,quick_reference,free,15,SPLIT_DIRECTION,6,,,,,,,Cardinals strikeout risk vs Luzardo (2025): Crooks — 37.0% K%; Walker — 31.8% K% (improved to 24.1% in 2026); Church — 27.7% K%.
2026-08-21,web,quick_reference,free,16,TREND,8,,,,,,,Cardinals vs Phillies recent history: 2025: 4-2; 2024: 2-4; 2023: 1-5; 2022: 3-4.
2026-08-21,web,quick_reference,free,17,ROSTER_FACT,4,,,,,,,"PHI injuries: Caleb Kilian (15-day IL, oblique, since Aug 10); Felix Reyes (60-day IL, wrist fracture, transferred Aug 20)."
2026-08-27,email,report_card_recap,free,0,GAME_EVENT,2,,,,,,,"Baltimore held on to win last night, 8-7, in game 2 of the three-game series at Busch Stadium."
2026-08-27,email,report_card_recap,free,1,STAT_VALUE,2,,,,,,,"The Cardinals scored 6 runs in the fifth inning to tie the game after trailing 7-1, but a Christian Encarnacion-Strand RBI double in the ninth gave Baltimore the decisive run."
2026-08-27,email,report_card_recap,free,2,TREND,2,,,,,,,Ivan Herrera went 3-for-4 and Bryan Torres was 3-for-3 to pace the St Louis offense.
2026-08-27,email,retrospective_commentary,free,0,STAT_VALUE,5,,,,,,,WHAT WORKED - Bryan Torres was 3-for-3 with a stolen base and scored in the fifth-inning rally. - Ivan Herrera went 3-for-4 with a walk and scored in the Cardinals' comeback frame. - St Louis scored 6 runs in the fifth inning to erase a 7-1 deficit and tie the game. - Luis Gastelum struck out all 3 batters he faced in a scoreless inning of relief.
2026-08-27,email,retrospective_commentary,free,1,STAT_VALUE,7,,,,,,,"WHAT DIDN'T - Michael McGreevy allowed 7 earned runs on 10 hits, including 2 home runs, across 5.0 innings. - Leody Taveras's 3-run home run capped a 5-run Baltimore first inning and put St Louis in an early hole. - Riley O'Brien allowed the game-winning run in the ninth on 2 hits, ending the Cardinals' bid to complete the comeback. - St Louis went scoreless from the sixth inning on after tying the game in the fifth."
2026-08-27,email,bottom_line_content,free,0,SPLIT_DIRECTION,3,,,,,,,"Edge: Rogers' 2026 splits against right-handed batters -- .275 average and .768 OPS allowed -- give Iván Herrera, Jordan Walker, and José Fermín the only structural offensive advantage in this afternoon's order."
2026-08-27,email,bottom_line_content,free,1,GAME_STATE,0,,,,,,,"With the remaining six lineup spots batting left, St Louis needs its three RHBs to carry the offensive weight."
2026-08-27,email,bottom_line_content,free,2,SPLIT_DIRECTION,3,,,,,,,"Threat: Six of the nine projected Cardinals starters bat left, running squarely into Rogers' most punishing 2026 split: a .178 average and .505 OPS allowed against left-handed batters."
2026-08-27,email,bottom_line_content,free,3,SPLIT_DIRECTION_BARE,0,,,,,,,"Wetherholt, Burleson, Church, Gorman, Torres, and Crooks face a left-hander who has been nearly untouchable against their side of the plate this season."
2026-08-27,email,bottom_line_content,free,4,STAT_VALUE,2,,,,,,,"Watch: St Louis enters this afternoon's series finale riding a 5-game losing streak, with Baltimore already holding a 2-0 series lead and no confirmed starter posted for the Cardinals."
2026-08-27,email,bottom_line_content,free,5,FRAMING_VOICE,0,,,,,,,The margin for error is effectively zero.
2026-08-27,email,key_matchups_prose,free,0,BVP_HISTORY,5,,,,,,,"Herrera is 2-for-3 against Rogers in career plate appearances, posting a career .667/.667/.667 slash with no strikeouts in those 3 trips."
2026-08-27,email,key_matchups_prose,free,1,ABSENCE,1,S004,ABSENCE,a,career,bvp floor,,"At 3 trips, that history is a note of record, not a tendency -- far too small a sample to project."
2026-08-27,email,key_matchups_prose,free,2,SPLIT_DIRECTION,1,,,,,,,"His case today is structural: he bats right-handed, the side Rogers has been more hittable against in 2026."
2026-08-27,email,key_matchups_prose,free,3,BVP_HISTORY,2,,,,,,,Walker's 2 career plate appearances against Rogers have both resulted in reaching base -- a hit and a walk -- for a career 2.000 slugging percentage against him.
2026-08-27,email,key_matchups_prose,free,4,STAT_VALUE,1,,,,,,,"At 2 trips, that line is a numerical coincidence, not a tendency."
2026-08-27,email,key_matchups_prose,free,5,GAME_STATE,0,,,,,,,"His case today, like Herrera's, rests on the platoon split rather than the history."
2026-08-27,email,key_matchups_prose,free,6,SPLIT_DIRECTION,4,,,,,,,"The left-handed hitter suppression is a multi-year pattern: in 2025, Rogers held left-handed batters to a .159 average and .427 OPS across 78 plate appearances, establishing that today's left-handed Cardinals starters face a historically rooted disadvantage rather than a single-season sample."
2026-08-27,email,key_matchups_prose,free,7,TREND,4,,,,,,,"The right-handed bat vulnerability extends across seasons as well -- in 2025, Rogers allowed a .185 average and .519 OPS against right-handed hitters across 345 plate appearances, giving the Cardinals' right-handed bats multi-year standing as their primary offensive window today."
2026-08-27,email,watchlist_prose,free,0,FRAMING_VOICE,0,,,,,,,-- Trevor Rogers.
2026-08-27,email,watchlist_prose,free,1,SPLIT_DIRECTION,4,,,,,,,"If Rogers works into a second pass through the Cardinals order, watch for elevated production -- his 2026 second-pass OPS allowed rises to 0.793 across 207 PA, compared to 0.556 in the first pass."
2026-08-27,email,watchlist_prose,free,2,STAT_VALUE,2,,,,,,,Rogers has pitched into a third pass in 23 of 24 starts. -- Carlos Narváez.
2026-08-27,email,watchlist_prose,free,3,STAT_VALUE,1,,,,,,,"If any Cardinal reaches base, watch for stolen base attempts -- Narváez's caught-stealing rate is 17.6% this season, the lowest published figure among Baltimore's catchers. -- Cardinals bullpen."
2026-08-27,email,watchlist_prose,free,4,MAGNITUDE,1,,,,,,,"If the TBD Cardinals starter exits early, watch the bullpen workload -- St Louis has already logged 496.3 relief innings this season, pacing toward a franchise record."
2026-08-27,email,trend_watch_prose,free,0,SPLIT_DIRECTION,4,,,,,,,"Jordan Walker needs 3 more RBI to reach 100, pacing at 117 through 134 team games."
2026-08-27,email,trend_watch_prose,free,1,TREND,4,,,,,,,"His .807 OPS across 490 PA since April 14 trails the 1.136 he posted before that date, so the pace projection runs through a lower-output stretch rather than his early-season form."
2026-08-27,email,trend_watch_prose,free,2,STAT_VALUE,4,,,,,,,"Jordan Walker is 3 home runs away from 30, pacing at 33 through 134 team games."
2026-08-27,email,trend_watch_prose,free,3,TREND,4,,,,,,,Jordan Walker's pace projects to exactly 100 runs through 134 team games -- the century-mark milestone itself -- with 17 more needed over the final 28 games.
2026-08-27,email,trend_watch_prose,free,4,SPLIT_DIRECTION,0,,,,,,,The gap to the milestone is wider in absolute terms than his RBI or home run tracking lines.
2026-08-27,web,web_yesterday_recap,free,0,STAT_VALUE,4,,,,,,,"Baltimore won last night, 8-7, in game 2 of the series -- the Cardinals scored 6 runs in the fifth inning to tie the game after trailing 7-1, but a Christian Encarnacion-Strand RBI double in the ninth gave the Orioles the decisive margin."
2026-08-27,web,web_yesterday_recap,free,1,TREND,2,S020,GAME_EVENT,a,yesterday,box_score,,Ivan Herrera went 3-for-4 and Bryan Torres was 3-for-3 to pace the St Louis offense.
2026-08-27,web,season_context_starters,free,0,ABSENCE,0,,,,,,,St Louis has not named a starter for this afternoon's series finale.
2026-08-27,web,season_context_starters,free,1,MAGNITUDE,4,,,,,,,"Trevor Rogers brings a 9-8 record and a 4.14 ERA into this afternoon's start, having worked 132.2 innings across 24 outings."
2026-08-27,web,season_context_starters,free,2,STAT_VALUE,3,,,,,,,"He has fanned 114 batters against 36 walks, posting a 1.24 WHIP."
2026-08-27,web,season_context_starters,free,3,STAT_VALUE,2,,,,,,,A 20.5 K% alongside a 6.5 BB% profiles Rogers as a left-hander who limits free passes while generating enough swing-and-miss to remain productive through a full workload.
2026-08-27,web,season_context_injuries,free,0,ROSTER_FACT,0,,,,,,,"Pallante and Dobbins are both on the injured list, thinning the Cardinals' right-handed relief depth heading into this game."
2026-08-27,web,season_context_injuries,free,1,ROSTER_FACT,0,,,,,,,Pereira's absence from the outfield trims right-field bench coverage as well.
2026-08-27,web,season_context_injuries,free,2,ROSTER_FACT,1,,,,,,,Ramón Urías' activation from the 60-day injured list restores a right-handed infield bat and returns an option at third base.
2026-08-27,web,season_context_injuries,free,3,TREND,1,,,,,,,"On the Baltimore side, O'Neill is out of the Orioles' corner outfield with the shoulder that sent him to the injured list; Basallo's recent return puts him back behind the plate, and Bassitt's activation from the 60-day list has him back in the rotation."
2026-08-27,web,bvp_cardinals_vs_starter_annotation,bound,0,FRAMING_VOICE,0,,,,,,,The career BvP history against Rogers is pure noise for every Cardinal in the table.
2026-08-27,web,bvp_cardinals_vs_starter_annotation,bound,1,ABSENCE,1,,,,,,,"Samples top out at 3 PA, well short of what would register as a meaningful pattern, and none of the surface lines carry predictive weight."
2026-08-27,web,bvp_cardinals_vs_starter_annotation,bound,2,STAT_VALUE,8,,,,,,,"Iván Herrera went 2-for-3 with a career .667/.667/.667 line, and Jordan Walker has a career 1.000/1.000/2.000 across 2 PA -- both are numerical coincidences at these depths, not tendencies."
2026-08-27,web,bvp_cardinals_vs_starter_annotation,bound,3,STAT_VALUE,2,,,,,,,"Alec Burleson is 0-for-2, and Nolan Gorman drew a walk and struck out across 3 PA without reaching on contact."
2026-08-27,web,bvp_cardinals_vs_starter_annotation,bound,4,ABSENCE,1,S041,ABSENCE,a,career / 2026,bvp + lineup bats,,"None of these micro-samples approach the volume needed to flag a meaningful danger, and the roster's six left-handed starters -- facing a left-hander in Rogers -- are better gauged through his 2026 platoon work against same-side hitters."
2026-08-27,web,bvp_cardinals_vs_starter_annotation,bound,5,FRAMING_VOICE,0,,,,,,,No significant bench BvP history.
2026-08-27,web,bvp_opponent_vs_starter_annotation,bound,0,ABSENCE,0,,,,,,,"With no Cardinals starter announced, there is no career head-to-head history to report against Baltimore's lineup tonight."
2026-08-27,web,platoon_cardinals_annotation,bound,0,STAT_VALUE,3,,,,,,,"Trevor Rogers is a left-hander, and the Cardinals lineup tonight skews heavily left-handed -- Rogers holds left-handed batters to a .505 OPS across 141 BF in 2026."
2026-08-27,web,platoon_cardinals_annotation,bound,1,STAT_VALUE,3,,,,,,,"Jordan Walker, Iván Herrera, and José Fermín are the right-handed bats in the projected order, and they face a version of Rogers who has allowed a .768 OPS across 415 BF against right-handed competition in 2026, making them the Cardinals' primary offensive leverage tonight."
2026-08-27,web,platoon_cardinals_annotation,bound,2,SPLIT_DIRECTION,9,,,,,,,"Walker is the strongest read among the right-handed bats. 2026 vs LHP: .286 AVG, .916 OPS across 152 PA, above his 2025 mark (.255/.318/.347, 107 PA)."
2026-08-27,web,platoon_cardinals_annotation,bound,3,SPLIT_DIRECTION,9,,,,,,,"Herrera's 2026 vs-LHP line is .245 AVG, .791 OPS over 186 PA, down from his 2025 mark of .330/.455/.660 on 124 PA but still a productive read against left-handed pitching."
2026-08-27,web,platoon_cardinals_annotation,bound,4,SPLIT_DIRECTION,9,,,,,,,Fermín reads .271 AVG and .800 OPS across 135 PA in 2026; his 2025 sample vs left-handers was .300/.364/.400 on 11 PA.
2026-08-27,web,platoon_cardinals_annotation,bound,5,ROSTER_FACT,0,,,,,,,The left-handed bats face Rogers from the wrong side of his platoon ledger.
2026-08-27,web,platoon_cardinals_annotation,bound,6,SPLIT_DIRECTION,9,,,,,,,"Alec Burleson's 2026 vs-LHP line is .216 AVG and .559 OPS over 172 PA, well off his 2025 mark (.271/.310/.398, 127 PA)."
2026-08-27,web,platoon_cardinals_annotation,bound,7,STAT_VALUE,9,,,,,,,Nathan Church reads .224 AVG and .612 OPS across 75 PA in 2026; his 2025 reference is .417/.417/.500 on 14 PA.
2026-08-27,web,platoon_cardinals_annotation,bound,8,SPLIT_DIRECTION,7,,,,,,,"Nolan Gorman's 2026 sample vs left-handers is 39 PA, below the display floor; his 2025 baseline is .220/.301/.439 on 93 PA."
2026-08-27,web,platoon_cardinals_annotation,bound,9,SPLIT_DIRECTION,7,,,,,,,"Jimmy Crooks has 18 PA vs left-handers in 2026, also below the display floor; the 2025 line is .250/.250/.625 on 8 PA, itself a small sample."
2026-08-27,web,platoon_cardinals_annotation,bound,10,ROSTER_FACT,0,,,,,,,Bryan Torres bats left and appears in the order but carries no vs-LHP entry in the table tonight.
2026-08-27,web,platoon_opponent_annotation,bound,0,ABSENCE,0,,,,,,,"With no Cardinals starter yet announced, Baltimore's lineup carries the hand disadvantage against a potential left-handed Cardinals arm -- five of the nine projected bats in the order hit from the left side."
2026-08-27,web,platoon_opponent_annotation,bound,1,ROSTER_FACT,0,,,,,,,The three right-handed bats hold the platoon edge.
2026-08-27,web,platoon_opponent_annotation,bound,2,SPLIT_DIRECTION,9,,,,,,,"Pete Alonso (DH) is the clearest right-handed threat against a lefty. 2026 vs LHP: .263 AVG, .788 OPS across 172 PA, ahead of his 2025 baseline (.227/.309/.420, 204 PA)."
2026-08-27,web,platoon_opponent_annotation,bound,3,MAGNITUDE,7,,,,,,,"Carlos Narváez (C) adds right-handed depth at the bottom of the order: 2025 vs LHP, .243/.331/.400 across 130 PA; his 2026 sample stands at 59 PA, just below the floor."
2026-08-27,web,platoon_opponent_annotation,bound,4,SPLIT_DIRECTION,7,,,,,,,Christian Encarnacion-Strand (1B) posted .061/.061/.061 against left-handers across 33 PA in 2025 -- an extreme line on a thin base -- and his 2026 vs-LHP total (43 PA) also sits below the floor.
2026-08-27,web,platoon_opponent_annotation,bound,5,SPLIT_DIRECTION,9,,,,,,,"Among the left-handed bats, Gunnar Henderson (SS) is suppressed in both reads: 2026 vs LHP, .218 AVG, .705 OPS across 188 PA, in line with his 2025 mark (.224/.286/.318, 210 PA)."
2026-08-27,web,platoon_opponent_annotation,bound,6,SPLIT_DIRECTION,9,,,,,,,"Jackson Holliday (2B) shows clear improvement against the hand: 2026 vs LHP, .254 AVG, .696 OPS across 72 PA, ahead of his 2025 line (.200/.263/.309, 179 PA)."
2026-08-27,web,platoon_opponent_annotation,bound,7,SPLIT_DIRECTION,9,,,,,,,"Samuel Basallo (1B) is sharply suppressed: 2026 vs LHP, .185 AVG, .473 OPS across 84 PA; the 2025 anchor (.143/.280/.286) rests on 25 PA."
2026-08-27,web,platoon_opponent_annotation,bound,8,STAT_VALUE,7,,,,,,,"Colton Cowser (CF) posted .188/.250/.388 in 92 plate appearances against left-handers in 2025, with five home runs the primary power note; his 2026 sample (45 PA) sits below the floor."
2026-08-27,web,platoon_opponent_annotation,bound,9,SPLIT_DIRECTION,9,,,,,,,"Leody Taveras (RF) hits from the right side as a switch hitter against left-handed pitching. 2026 vs LHP: .205 AVG, .512 OPS across 131 PA; his 2025 mark (.276/.323/.310) rests on 31 PA."
2026-08-27,web,platoon_opponent_annotation,bound,10,STAT_VALUE,7,,,,,,,Dylan Beavers (LF) hit .150/.320/.350 in 25 plate appearances against left-handers in 2025; his 2026 sample (39 PA) sits below the floor.
2026-08-27,web,pitcher_platoon_annotation,bound,0,BVP_HISTORY,9,,,,,,,"Trevor Rogers faces a Cardinals lineup that sends six left-handed bats against him -- the side he handles most consistently. 2026 vs LHB: .178 AVG and .505 OPS across 141 BF, in line with his 2025 mark of .159/.224/.203 across 78 PA."
2026-08-27,web,pitcher_platoon_annotation,bound,1,MAGNITUDE,9,,,,,,,"The three right-handed Cardinals -- Herrera, Walker, and Fermín -- occupy a far more exposed split: 2026 vs RHB, Rogers has posted .275 AVG and .768 OPS across 415 BF, well above his 2025 line of .185/.243/.276 across 345 PA."
2026-08-27,web,pitcher_platoon_annotation,bound,2,BVP_HISTORY,0,,,,,,,"The platoon structure broadly favors Rogers given this lineup's makeup, with the right-side trio carrying the primary leverage point against him."
2026-08-27,web,pitcher_home_away_annotation,bound,0,STAT_VALUE,7,,,,,,,"Rogers pitches on the road tonight at Busch Stadium, so his Away row is the operative reference. 2026 away to date: 3.95 ERA over 54.2 IP. 2025 away baseline: 2.44 ERA across 62.2 IP (252 BF)."
2026-08-27,web,pitcher_home_away_annotation,bound,1,SPLIT_DIRECTION,7,,,,,,,"The home column frames the contrast: Rogers posted a 0.77 ERA over 47.0 IP in 2025 home starts, allowing zero home runs across 171 BF -- a floor his 2026 home ERA of 4.27 over 78.0 IP has not approached."
2026-08-27,web,tto_splits_annotation,bound,0,STAT_VALUE,4,,,,,,,"Rogers's 2025 first-pass mark was a .448 OPS across 162 PA, with 51 strikeouts keeping early-count contact light."
2026-08-27,web,tto_splits_annotation,bound,1,STAT_VALUE,3,,,,,,,"Through 219 BF in 2026, hitters have posted a .556 OPS in the first pass -- still his cleanest phase of the order cycle."
2026-08-27,web,tto_splits_annotation,bound,2,GAME_STATE,0,,,,,,,The second pass is where the lineup catches up.
2026-08-27,web,tto_splits_annotation,bound,3,MAGNITUDE,8,,,,,,,"Rogers has pitched into a third pass in 23 of 24 starts; in those 23 starts, hitters posted a .793 OPS in the second pass across 207 PA, well above his 2025 second-pass mark of .560 across 156 PA."
2026-08-27,web,tto_splits_annotation,bound,4,SPLIT_DIRECTION,3,,,,,,,"Strikeout volume dropped from 51 to 34 between passes in 2025, a sign the lineup finds a better read with familiarity."
2026-08-27,web,tto_splits_annotation,bound,5,STAT_VALUE,3,,,,,,,"From the third pass on in those same 23 starts, hitters posted .777 OPS across 128 PA -- marginally below the second-pass figure from the same deep starts."
2026-08-27,web,tto_splits_annotation,bound,6,STAT_VALUE,3,,,,,,,The 2025 third-pass baseline was .503 OPS across 105 PA.
2026-08-27,web,inherited_runners_annotation,bound,0,MAGNITUDE,2,,,,,,,The league average strand rate runs ~68-72%; the 2025 strand rates here reflect each reliever's track record limiting inherited runners that season.
2026-08-27,web,inherited_runners_annotation,bound,1,MAGNITUDE,1,,,,,,,Leahy leads the group in volume with 29 inherited runners.
2026-08-27,web,inherited_runners_annotation,bound,2,STAT_VALUE,4,,,,,,,His 2026 form provides the current context: 3.13 ERA and 1.30 WHIP over 126.1 innings.
2026-08-27,web,inherited_runners_annotation,bound,3,MAGNITUDE,2,,,,,,,"His 2025 strand rate of 62.1% ran below league average, meaning runners he inherited scored at a slightly elevated clip that year."
2026-08-27,web,inherited_runners_annotation,bound,4,STAT_VALUE,4,,,,,,,Graceffo carries a 3.13 ERA and 1.12 WHIP over 63.1 innings in 2026.
2026-08-27,web,inherited_runners_annotation,bound,5,STAT_VALUE,3,S050,MAGNITUDE,a,2025,inherited_runners + league avg,rank in table,His 2025 strand rate of 54.5% across 11 inherited runners was well short of the league band -- the second-lowest mark on this table.
2026-08-27,web,inherited_runners_annotation,bound,6,MAGNITUDE,7,,,,,,,"O'Brien posts a 4.02 ERA and 1.23 WHIP over 53.2 innings in 2026, paired with a 2025 strand rate of 70.0% across 10 inherited runners, placing him at the top of the league average range."
2026-08-27,web,inherited_runners_annotation,bound,7,STAT_VALUE,4,,,,,,,"Fernandez allowed 4 of his 8 inherited runners to score in 2025, a 50.0% strand rate and the lowest mark on this table."
2026-08-27,web,inherited_runners_annotation,bound,8,STAT_VALUE,2,,,,,,,His 2026 ERA and WHIP remain a thin read at 17.1 innings this season.
2026-08-27,web,inherited_runners_annotation,bound,9,STAT_VALUE,4,,,,,,,McGreevy carries a 3.86 ERA and 1.25 WHIP over 142.1 innings in 2026.
2026-08-27,web,inherited_runners_annotation,bound,10,STAT_VALUE,3,,,,,,,"His 2025 strand rate of 100.0% spans just 3 inherited runners -- a clean result, though the sample is too small to project forward as a settled tendency."
2026-08-27,web,batted_ball_annotation,bound,0,STAT_VALUE,5,,,,,,,"Rogers' 2025 profile across 283 BIP tilts ground-ball: 46.3% GB, 31.8% FB, and 20.5% LD."
2026-08-27,web,batted_ball_annotation,bound,1,FRAMING_VOICE,0,,,,,,,"GB AVG, LD AVG, and FB AVG are batting averages on each contact type -- ground balls, line drives, and fly balls."
2026-08-27,web,batted_ball_annotation,bound,2,STAT_VALUE,6,,,,,,,"The Baltimore lineup hits line drives exceptionally well -- 2025 LD AVG ranges from .474 (Beavers) up through Henderson (.670), Cowser (.667), Basallo (.667), and Encarnacion-Strand (.706) -- but Rogers generates lines at his lowest rate of the three contact types."
2026-08-27,web,batted_ball_annotation,bound,3,STAT_VALUE,4,,,,,,,"Fly balls run the other direction: Taveras (.022 FB AVG), Encarnacion-Strand (.056), Holliday (.080), and Cowser (.088) convert flies into outs at an extreme clip, and that is Rogers' second-most-common contact shape."
2026-08-27,web,batted_ball_annotation,bound,4,SPLIT_DIRECTION,4,S009,STAT_VALUE,a,slot-bound,batted_ball GB AVG,rank within table,"On grounders -- his primary output -- results split: Beavers (.381 GB AVG) and Henderson (.255) can capitalize, while Basallo (.077) and Encarnacion-Strand (.179) are among the most suppressed in the group."
2026-08-27,web,batted_ball_annotation,bound,5,GAME_STATE,0,,,,,,,"Structurally, Rogers invites the two contact types (GB, FB) where this lineup does comparatively less damage and limits the one type -- line drives -- where it does the most."
2026-08-27,web,battery_annotation,bound,0,ABSENCE,0,,,,,,,St Louis has not named a probable starter for today's game.
2026-08-27,web,battery_annotation,bound,1,ABSENCE,0,,,,,,,"Jimmy Crooks is the scheduled catcher today; with no pitcher announced, there is no prior battery pairing history available."
2026-08-27,web,battery_annotation,bound,2,GAME_STATE,0,,,,,,,Whichever arm takes the ball today does so with Crooks in a fresh-battery arrangement.
2026-08-27,web,baserunning_content,bound,0,STAT_VALUE,2,,,,,,,"Orioles baserunners: Gunnar Henderson and Leody Taveras lead Baltimore's running game, each with 10 steals in 2026."
2026-08-27,web,baserunning_content,bound,1,STAT_VALUE,8,,,,,,,"Henderson: 2026 to date: 10 SB, 5 CS, 66.7%. 2025 baseline: 30 SB, 5 CS, 85.7%."
2026-08-27,web,baserunning_content,bound,2,STAT_VALUE,8,,,,,,,"Taveras: 2026 to date: 10 SB, 3 CS, 76.9%. 2025 baseline: 9 SB, 3 CS, 75.0%."
2026-08-27,web,baserunning_content,bound,3,STAT_VALUE,8,,,,,,,"Colton Cowser: 2026 to date: 8 SB, 3 CS, 72.7%. 2025 baseline: 14 SB, 0 CS, 100%."
2026-08-27,web,baserunning_content,bound,4,STAT_VALUE,8,,,,,,,"Jackson Holliday: 2026 to date: 7 SB, 3 CS, 70.0%. 2025 baseline: 17 SB, 11 CS, 60.7%."
2026-08-27,web,baserunning_content,bound,5,STAT_VALUE,8,,,,,,,"Pete Alonso: 2026 to date: 5 SB, 1 CS, 83.3%. 2025 baseline: 1 SB, 2 CS, 33.3%."
2026-08-27,web,baserunning_content,bound,6,STAT_VALUE,8,,,,,,,"Dylan Beavers: 2026 to date: 5 SB, 5 CS, 50.0%. 2025 baseline: 2 SB, 2 CS, 50.0%."
2026-08-27,web,baserunning_content,bound,7,STAT_VALUE,4,,,,,,,"Cardinals catchers: Pedro Pagés has thrown out 31.5% of attempted thieves on 54 attempts (17 CS, 37 SB allowed)."
2026-08-27,web,baserunning_content,bound,8,STAT_VALUE,5,,,,,,,"Jimmy Crooks, projected at catcher, has 1 CS on 15 attempts (14 SB allowed); his caught-stealing rate is not published (15 attempts, under the 20-attempt minimum)."
2026-08-27,web,baserunning_content,bound,9,ROSTER_FACT,1,,,,,,,Pagés provides the roster's published benchmark at 31.5%.
2026-08-27,web,baserunning_content,bound,10,STAT_VALUE,4,,,,,,,"Orioles catchers: Carlos Narváez, projected behind the plate, carries a 17.6% CS rate on 51 attempts (9 CS, 42 SB allowed), a permissive mark that opens the running game for St Louis."
2026-08-27,web,baserunning_content,bound,11,STAT_VALUE,4,,,,,,,"Samuel Basallo is considerably tighter at 30.6% on 36 attempts (11 CS, 25 SB allowed)."
2026-08-27,web,baserunning_content,bound,12,STAT_VALUE,5,,,,,,,"Yohel Pozo has 2 CS on 7 attempts (5 SB allowed); his caught-stealing rate is not published (7 attempts, under the 20-attempt minimum)."
2026-08-27,web,defense_annotation,bound,0,GAME_EVENT,4,,,,,,,Gorman takes the hot corner tonight with a 2025 mark of 0.950 at third base across 54 games -- his 6 errors there are the highest single-slot total among Cardinals defenders in this table.
2026-08-27,web,defense_annotation,bound,1,SPLIT_DIRECTION,4,,,,,,,Burleson at first base carries a more settled 2025 profile: 0.990 over 50 games with 27 double plays turned.
2026-08-27,web,defense_annotation,bound,2,STAT_VALUE,3,,,,,,,"Walker in right field owns the table's largest sample, 108 games at 0.981 in 2025."
2026-08-27,web,defense_annotation,bound,3,STAT_VALUE,3,,,,,,,"Church comes to center with a clean 2025 showing -- 18 games, no errors, 1.000."
2026-08-27,web,defense_annotation,bound,4,GAME_EVENT,2,,,,,,,Crooks behind the plate has not committed an error across 14 games in 2025.
2026-08-27,web,defense_annotation,bound,5,GAME_EVENT,2,,,,,,,"José Fermín draws left field tonight; the 2025 table shows just 4 games at that spot for him, all error-free."
2026-08-27,web,head_to_head_content,free,0,GAME_EVENT,8,,,,,,,The Cardinals went 3-0 against Baltimore in 2024 and 2-1 in both 2023 and 2025 across the 2022-2025 interleague slate; Baltimore took the 2022 series 2-1.
2026-08-27,web,batter_kbb_stl_note,bound,0,GAME_STATE,0,,,,,,,Gorman and Crooks anchor the lineup's highest strikeout rates.
2026-08-27,web,batter_kbb_stl_note,bound,1,STAT_VALUE,6,,,,,,,Gorman's 2026 K% is 32.6% across 236 PA; his 2025 baseline was 33.8% across 402 PA.
2026-08-27,web,batter_kbb_stl_note,bound,2,STAT_VALUE,6,,,,,,,Crooks runs steeper: 2026 K% of 32.9% across 143 PA against a 2025 mark of 37.0% across 46 PA.
2026-08-27,web,batter_kbb_stl_note,bound,3,STAT_VALUE,12,,,,,,,"Walker's 2026 K% of 24.1% across 556 PA reflects a meaningful pullback from his 2025 figure of 31.8% across 396 PA, and Church's 2026 K% of 18.8% across 367 PA similarly reflects improvement from a 2025 mark of 27.7% across 65 PA."
2026-08-27,web,batter_kbb_stl_note,bound,4,GAME_STATE,0,,,,,,,Walk-rate concerns concentrate at the bottom of the order.
2026-08-27,web,batter_kbb_stl_note,bound,5,SPLIT_DIRECTION,6,,,,,,,"Church's 2026 BB% is 5.4% across 367 PA, up from a 2025 mark of 4.6% across 65 PA but still a low walk rate."
2026-08-27,web,batter_kbb_stl_note,bound,6,STAT_VALUE,6,,,,,,,Crooks drew zero walks across 46 PA in 2025 -- a 0.0% BB%; his 2026 figure of 6.3% across 143 PA marks improvement.
2026-08-27,web,batter_kbb_annotation,bound,0,SPLIT_DIRECTION,6,,,,,,,"Cowser carries the most elevated strikeout history in the lineup: 2026 K% of 29.8% across 315 PA, down from a 2025 baseline of 35.6% across 360 PA."
2026-08-27,web,batter_kbb_annotation,bound,1,SPLIT_DIRECTION,6,,,,,,,"Narváez has moved sharply higher in 2026, posting a K% of 33.2% across 247 PA against a 2025 figure of 24.9% across 446 PA."
2026-08-27,web,batter_kbb_annotation,bound,2,STAT_VALUE,12,,,,,,,"Beavers (2026 K%: 26.1%, 257 PA; 2025: 26.3%, 137 PA) and Basallo (2026: 27.4%, 336 PA; 2025: 25.4%, 118 PA) each carry elevated rates on both sides of the ledger."
2026-08-27,web,batter_kbb_annotation,bound,3,STAT_VALUE,6,,,,,,,Taveras posted a 2025 K% of 27.8% across 180 PA; his 2026 figure of 24.1% across 411 PA reflects a step forward.
2026-08-27,web,batter_kbb_annotation,bound,4,STAT_VALUE,6,,,,,,,Encarnacion-Strand posts the most persistently low walk rate in the lineup: 2026 BB% of 4.4% across 114 PA with a 2025 mark of 2.2% across 137 PA.
2026-08-27,web,batter_kbb_annotation,bound,5,STAT_VALUE,13,,,,,,,"Basallo (2026 BB%: 8.0%, 336 PA; 2025: 5.1%, 118 PA) and Taveras (2026: 8.8%, 411 PA; 2025: 2.8%, 180 PA) both carried low 2025 walk rates that have since recovered."
2026-08-27,web,batter_kbb_annotation,bound,6,SPLIT_DIRECTION,6,,,,,,,"Beavers stands out: his 2026 BB% is 9.7% across 257 PA, down from an unusually high 2025 mark of 19.0% across 137 PA."
2026-08-27,web,batter_batted_ball_profile_stl_note,bound,0,SPLIT_DIRECTION,3,,,,,,,Rogers' 2025 contact shape runs at 46.3% GB across 283 BIP -- a ground-ball lean that meets most of the Cardinals lineup where they already live.
2026-08-27,web,batter_batted_ball_profile_stl_note,bound,1,TREND,7,,,,,,,"Herrera (2025 GB%: 52.6%, 285 BIP) and Walker (48.9%, 231 BIP) both trend toward the same contact type; Burleson (42.0%, 398 BIP) sits in the same range."
2026-08-27,web,batter_batted_ball_profile_stl_note,bound,2,STAT_VALUE,4,,,,,,,"The clearest mismatch is Gorman: his 2025 profile of 30.2% GB against 41.7% FB across 199 BIP runs counter to what Rogers generates, making his plate appearances the ones most likely to produce elevated contact against tonight's starter."
2026-08-27,web,batter_batted_ball_profile_annotation,bound,0,STAT_VALUE,1,,,,,,,Baltimore's 2025 lineup contact shape is predominantly ground-ball across its core regulars.
2026-08-27,web,batter_batted_ball_profile_annotation,bound,1,SPLIT_DIRECTION,13,,,,,,,"Holliday (50.9% GB, 428 BIP), Henderson (51.1%, 423 BIP), Cowser (48.9%, 182 BIP), Narváez (47.3%, 277 BIP), and Basallo (52.0%, 75 BIP) all lean toward grounders; Alonso (42.0% GB, 424 BIP) fits that range and adds a 27.6% LD rate that keeps his profile well-rounded."
2026-08-27,web,batter_batted_ball_profile_annotation,bound,2,STAT_VALUE,7,,,,,,,"The fly-ball exceptions are Taveras (40.4% FB, 114 BIP), Beavers (42.9% FB against 30.0% GB, 70 BIP), and Encarnacion-Strand (39.1% FB, 92 BIP) -- the three hitters whose elevated rates set them apart from the rest of the order."
2026-08-27,web,pitcher_kbb_annotation,bound,0,STAT_VALUE,5,,,,,,,"Rogers' 2025 profile -- a 24.3% strikeout rate, 6.9% walk rate, and 3.55 K/BB across 109.2 innings -- reflects a pitcher who has kept his walk total manageable while generating swings and misses at an above-average clip."
2026-08-27,web,pitcher_kbb_annotation,bound,1,STAT_VALUE,4,,,,,,,"His 2026 strikeout rate has settled to 20.5% through 24 starts, with his walk rate holding at 6.5%, indicating that the command foundation supporting his efficiency remains largely intact even as his whiff rate has moderated."
2026-08-27,web,pitcher_kbb_annotation,bound,2,ABSENCE,0,,,,,,,St Louis has not named a starter.
2026-08-27,web,key_matchups,free,0,BVP_HISTORY,5,,,,,,,"Herrera is 2-for-3 against Rogers in career plate appearances, posting a career .667/.667/.667 slash with no strikeouts in those 3 trips."
2026-08-27,web,key_matchups,free,1,ABSENCE,1,,,,,,,"At 3 trips, that history is a note of record, not a tendency -- far too small a sample to project."
2026-08-27,web,key_matchups,free,2,SPLIT_DIRECTION,1,S038,SPLIT_DIRECTION,b,2026,pitcher_platoon,"BARE direction, no figures","His case today is structural: he bats right-handed, the side Rogers has been more hittable against in 2026."
2026-08-27,web,key_matchups,free,3,BVP_HISTORY,2,,,,,,,Walker's 2 career plate appearances against Rogers have both resulted in reaching base -- a hit and a walk -- for a career 2.000 slugging percentage against him.
2026-08-27,web,key_matchups,free,4,STAT_VALUE,1,,,,,,,"At 2 trips, that line is a numerical coincidence, not a tendency."
2026-08-27,web,key_matchups,free,5,GAME_STATE,0,,,,,,,"His case today, like Herrera's, rests on the platoon split rather than the history."
2026-08-27,web,key_matchups,free,6,SPLIT_DIRECTION,4,,,,,,,"The left-handed hitter suppression is a multi-year pattern: in 2025, Rogers held left-handed batters to a .159 average and .427 OPS across 78 plate appearances, establishing that today's left-handed Cardinals starters face a historically rooted disadvantage rather than a single-season sample."
2026-08-27,web,key_matchups,free,7,TREND,4,,,,,,,"The right-handed bat vulnerability extends across seasons as well -- in 2025, Rogers allowed a .185 average and .519 OPS against right-handed hitters across 345 plate appearances, giving the Cardinals' right-handed bats multi-year standing as their primary offensive window today."
2026-08-27,web,watchlist,free,0,FRAMING_VOICE,0,,,,,,,-- Trevor Rogers.
2026-08-27,web,watchlist,free,1,PREDICTION,0,,,,,,,"If Rogers works into a second pass through the Cardinals order, watch for elevated production -- he has been considerably more hittable the second time through than the first this season. -- Carlos Narváez."
2026-08-27,web,watchlist,free,2,STAT_VALUE,1,,,,,,,"If any Cardinal reaches base, watch for stolen base attempts -- Narváez's caught-stealing rate is 17.6% this season, the lowest published figure among Baltimore's catchers. -- Cardinals bullpen."
2026-08-27,web,watchlist,free,3,MAGNITUDE,1,,,,,,,"If the TBD Cardinals starter exits early, watch the bullpen workload -- St Louis has already logged 496.3 relief innings this season, pacing toward a franchise record."
2026-08-27,web,quick_reference,free,0,STAT_VALUE,1,,,,,,,How has JJ Wetherholt performed against Trevor Rogers in their career? 2.
2026-08-27,web,quick_reference,free,1,STAT_VALUE,1,,,,,,,How has Alec Burleson performed against Trevor Rogers in their career? 3.
2026-08-27,web,quick_reference,free,2,STAT_VALUE,1,,,,,,,How has Jordan Walker performed against Trevor Rogers in their career? 4.
2026-08-27,web,quick_reference,free,3,GAME_STATE,2,,,,,,,What are Trevor Rogers's third-time-through-the-order splits in 2025? 5.
2026-08-27,web,quick_reference,free,4,STAT_VALUE,2,,,,,,,What are Iván Herrera's splits against left-handed pitchers in 2025? 6.
2026-08-27,web,quick_reference,free,5,STAT_VALUE,2,,,,,,,What is Kyle Leahy's inherited-runner strand rate in 2025? 7.
2026-08-27,web,quick_reference,free,6,STAT_VALUE,1,,,,,,,What is the park factor at Busch Stadium in 2025?
2026-09-02,email,report_card_recap,free,0,GAME_EVENT,2,S079,GAME_EVENT,a,yesterday,linescore,,"The Cardinals scored 13 runs last night in the series opener at Dodger Stadium, beating the Dodgers 13-8."
2026-09-02,email,report_card_recap,free,1,STAT_VALUE,5,,,,,,,"Thomas Saggese went 2-for-3 with two home runs and 3 RBI, Jordan Walker added 3-for-5 with a homer and 2 RBI, and Mookie Betts drove in 4 runs for Los Angeles with two doubles."
2026-09-02,email,retrospective_commentary,free,0,STAT_VALUE,8,,,,,,,"WHAT WORKED - Thomas Saggese homered twice (2-for-3, 3 RBI) and Jordan Walker went 3-for-5 with a homer and 2 RBI to anchor the Cardinals offense. - The Cardinals sent eight batters to the plate in a five-run third inning, with Leo Bernal's 2-RBI single and Nathan Church's RBI single doing the damage. - Jose Fermin scored twice and drove in a run; Iván Herrera reached base three times (2-for-4, walk) and scored twice. - Michael McGreevy held Los Angeles to 4 runs through 5 innings, allowing the offense to build a lead that held despite a shaky bullpen finish."
2026-09-02,email,retrospective_commentary,free,1,STAT_VALUE,9,,,,,,,"WHAT DIDN'T - Alec Burleson went 0-for-5 with a strikeout, the lone Cardinal starter without a hit. - The Cardinals bullpen allowed 4 runs over the final four innings, including a 3-run ninth that turned a comfortable margin into a 5-run game at the finish. - Justin Bruihl allowed 1 earned run in just one-third of an inning, and Cade Winquest gave up 3 runs (1 earned) on 2 hits in the ninth. - Mookie Betts went 2-for-3 with four RBI on two doubles, keeping Los Angeles within striking distance through the middle innings."
2026-09-02,email,bottom_line_content,free,0,GAME_STATE,0,,,,,,,Edge: Yoshinobu Yamamoto holds the decisive advantage tonight.
2026-09-02,email,bottom_line_content,free,1,STAT_VALUE,4,,,,,,,"Working with a 2.56 ERA and 0.89 WHIP across 158.0 innings, he counters a Cardinals bullpen game with a 52.8% ground-ball rate that plays directly into an offense prone to weak contact."
2026-09-02,email,bottom_line_content,free,2,FRAMING_VOICE,0,,,,,,,St Louis sends no confirmed starter to the mound; Los Angeles sends one of the best in the league.
2026-09-02,email,bottom_line_content,free,3,FRAMING_VOICE,0,,,,,,,The pitching matchup is not a contest -- it is a test of how long the Cardinals bullpen can hold.
2026-09-02,email,bottom_line_content,free,4,STAT_VALUE,2,S097,STAT_VALUE,a,2026,team pitching + roster,,Threat: The Cardinals bullpen has already logged 519.0 innings in 139 games and is now being asked to carry a full game.
2026-09-02,email,bottom_line_content,free,5,TREND,4,,,,,,,"The rotation has produced a quality start in just 6.7% of its last 15 outings, against a 37.1% rate prior -- a collapse that has pushed the relief staff toward a franchise-record pace of 605.0 innings."
2026-09-02,email,bottom_line_content,free,6,ROSTER_FACT,0,S051,PREDICTION,c,-,-,judgment; bullpen-game fact is roster,Pitching a full bullpen game against a Dodgers lineup that loads up on left-handed bats is the wrong assignment at the wrong moment in the season.
2026-09-02,email,bottom_line_content,free,7,SPLIT_DIRECTION,3,,,,,,,"Watch: Alec Burleson and Nathan Church are the two left-handed bats in a lineup that is otherwise right-handed against Yamamoto, and they face his stronger side: a .533 OPS allowed vs left-handed batters in 2026, against .573 vs right-handers."
2026-09-02,email,bottom_line_content,free,8,SPLIT_DIRECTION,3,,,,,,,Burleson's .949 OPS vs right-handed pitching across 400 PA in 2026 is the lineup's best mark against the hand.
2026-09-02,email,bottom_line_content,free,9,SPLIT_DIRECTION,2,,,,,,,"Jordan Walker, at .822 OPS vs right-handers in 2026, works the softer side."
2026-09-02,email,bottom_line_content,free,10,PREDICTION,0,,,,,,,"Against a pitcher this sharp, those spots represent the lineup's clearest, if narrow, path to early damage."
2026-09-02,email,key_matchups_prose,free,0,ROSTER_FACT,0,,,,,,,Yamamoto vs LHB Cardinals.
2026-09-02,email,key_matchups_prose,free,1,SPLIT_DIRECTION,5,,,,,,,"Yoshinobu Yamamoto has held left-handed bats to .182/.240/.293 across 321 batters faced in 2026, his sharpest platoon side."
2026-09-02,email,key_matchups_prose,free,2,BVP_HISTORY,5,,,,,,,"Alec Burleson, batting fourth against him tonight, has answered right-handed pitching at .319/.395/.554 over 400 PA in 2026."
2026-09-02,email,key_matchups_prose,free,3,SPLIT_DIRECTION,5,S043,STAT_VALUE,a,2026 vs RHP,platoon_2026,,"Nathan Church, batting ninth, shows a 2026 line of .245/.285/.379 over 305 PA vs right-handers."
2026-09-02,email,key_matchups_prose,free,4,GAME_STATE,1,,,,,,,Yamamoto's 2026 marks against lefties leave the Cardinals' two left-handed lineup spots at a structural disadvantage.
2026-09-02,email,key_matchups_prose,free,5,ROSTER_FACT,0,,,,,,,Yamamoto vs RHB Cardinals.
2026-09-02,email,key_matchups_prose,free,6,SPLIT_DIRECTION,3,,,,,,,"Six of nine Cardinals bats are right-handed, squaring against what the 2026 numbers identify as Yamamoto's softer platoon side: a .573 OPS allowed vs right-handed batters over 286 BF."
2026-09-02,email,key_matchups_prose,free,7,SPLIT_DIRECTION,5,,,,,,,"Jordan Walker, batting third, has posted a .286/.332/.490 line vs right-handed pitching over 419 PA in 2026."
2026-09-02,email,key_matchups_prose,free,8,GAME_EVENT,1,,,,,,,Ivan Herrera is 0-for-5 (career) against Yamamoto with two strikeouts.
2026-09-02,email,key_matchups_prose,free,9,SPLIT_DIRECTION_BARE,0,,,,,,,Cardinals bullpen vs LAD left-handed core.
2026-09-02,email,key_matchups_prose,free,10,ROSTER_FACT,0,,,,,,,"Four confirmed left-handed bats -- Shohei Ohtani (batting first), Freddie Freeman (batting second), Max Muncy (batting fourth), and Kyle Tucker (batting sixth) -- will face an ad-hoc Cardinals relief corps built around right-handed arms."
2026-09-02,email,key_matchups_prose,free,11,SPLIT_DIRECTION,5,,,,,,,Freeman's 2026 line vs right-handers reads .317/.393/.494 over 389 PA.
2026-09-02,email,key_matchups_prose,free,12,STAT_VALUE,4,,,,,,,Muncy's reads .252/.352/.494 over 369 PA.
2026-09-02,email,key_matchups_prose,free,13,SPLIT_DIRECTION,5,,,,,,,Tucker's 2026 line vs right-handers reads .217/.319/.337 over 376 PA.
2026-09-02,email,key_matchups_prose,free,14,GAME_STATE,0,,,,,,,Yamamoto times-through-order exposure.
2026-09-02,email,key_matchups_prose,free,15,STAT_VALUE,2,,,,,,,Yoshinobu Yamamoto has reached a third pass in 24 of 24 starts.
2026-09-02,email,key_matchups_prose,free,16,STAT_VALUE,3,,,,,,,His first-pass OPS sits at .541 across 218 BF in 2026.
2026-09-02,email,watchlist_prose,free,0,GAME_EVENT,0,,,,,,,-- Cardinals opener handedness decision.
2026-09-02,email,watchlist_prose,free,1,SPLIT_DIRECTION,2,,,,,,,"If St Louis opens with a left-handed reliever, watch whether the Dodgers immediately counter by shifting right-handed bats into the lineup -- LAD carries 3 right-handed and 2 switch hitters in tonight's roster mix, giving Roberts flexibility to load the platoon advantage against a southpaw opener from the first inning. -- Yoshinobu Yamamoto pitch count vs third time through."
2026-09-02,email,watchlist_prose,free,2,STAT_VALUE,2,,,,,,,"Yamamoto has pitched into a third pass in all 24 of his 24 starts, making third-pass exposure a near certainty tonight."
2026-09-02,email,watchlist_prose,free,3,STAT_VALUE,4,,,,,,,His conditional third-pass figure across 174 PA carries a 0.611 OPS allowed -- above his second-pass mark of 0.516 OPS (215 PA).
2026-09-02,email,watchlist_prose,free,4,TREND,1,,,,,,,"If he is laboring past 80 pitches through five innings, watch whether LAD pulls him before St Louis can work the softer pass. -- Will Smith caught-stealing risk."
2026-09-02,email,watchlist_prose,free,5,STAT_VALUE,4,S088,STAT_VALUE,a,2026,catcher baserunning,5/30 = 16.7% ✓; catcher polarity read correctly,"If Cardinals runners reach base, Will Smith's arm is the trigger: 5 caught stealings on 30 attempts in 2026 -- a 16.7% CS rate -- is the weakest mark on the Dodgers catching staff."
2026-09-02,email,watchlist_prose,free,6,STAT_VALUE,2,,,,,,,"With St Louis coming off a 13-run offensive explosion in Game 1, the running game is a live weapon if the Cardinals get traffic on the bases. -- Jordan Walker bounce-back watch."
2026-09-02,email,watchlist_prose,free,7,SPLIT_DIRECTION,8,,,,,,,"Walker's 2026 line vs left-handed pitching -- .295/.380/.547 across 158 PA -- shows a pronounced platoon edge over his 2026 mark vs right-handers (.822 OPS, 419 PA)."
2026-09-02,email,watchlist_prose,free,8,GAME_EVENT,0,,,,,,,"Batting third in a bullpen game, watch whether Walker exploits any southpaw who surfaces on either side of the ledger once the Cardinals' own opener gives way."
2026-09-02,web,web_yesterday_recap,free,0,STAT_VALUE,6,S036,GAME_EVENT,a,yesterday,box_score,,"The Cardinals took the series opener last night at Dodger Stadium, 13-8, behind a big offensive effort led by Thomas Saggese (2-for-3, two home runs, 3 RBI) and Jordan Walker (3-for-5, one home run, 2 RBI), while Mookie Betts drove in 4 runs for Los Angeles with a pair of doubles."
2026-09-02,web,season_context_starters,free,0,ROSTER_FACT,0,,,,,,,Cardinals starter: TBD (LHP).
2026-09-02,web,season_context_starters,free,1,ABSENCE,0,,,,,,,St Louis has not announced a starter for tonight's game.
2026-09-02,web,season_context_starters,free,2,SPLIT_DIRECTION_BARE,0,,,,,,,"The Cardinals are carrying a left-handed arm into this slot based on platoon-split queries, but no name has been confirmed."
2026-09-02,web,season_context_starters,free,3,ROSTER_FACT,0,S098,ROSTER_FACT,a,tonight,probable_pitchers,,"Yoshinobu Yamamoto (RHP), Los Angeles Dodgers."
2026-09-02,web,season_context_starters,free,4,STAT_VALUE,7,,,,,,,"Yamamoto enters at 12-8 with a 2.56 ERA across 158.0 IP this season, striking out 153 and walking 36 for a 0.89 WHIP in 24 starts."
2026-09-02,web,season_context_starters,free,5,MAGNITUDE,2,,,,,,,His 25.2 K% and 5.9 BB% reflect a starter who misses bats at an elite rate while rarely issuing free passes.
2026-09-02,web,season_context_starters,free,6,STAT_VALUE,1,,,,,,,The ground-ball rate of 52.8% adds another layer -- he generates contact on his terms.
2026-09-02,web,season_context_starters,free,7,STAT_VALUE,2,,,,,,,He has pitched into a third pass in 24 of 24 starts.
2026-09-02,web,season_context_starters,free,8,STAT_VALUE,9,,,,,,,"Using the survival-conditioned figures: batters facing him a second time (215 PA, in the starts where he reached a third pass) hit to a .214 OBP and .516 OPS; in his third pass (174 PA), those numbers rise to a .282 OBP and .611 OPS, a within-game delta of 0.095 OPS points -- a real but uncertain spread (bootstrap simulation shows the delta exceeds the league baseline in roughly 69 of 100 resampled seasons)."
2026-09-02,web,season_context_injuries,free,0,ROSTER_FACT,0,,,,,,,"St Louis enters today with its bullpen thinned by three right-handed arms: Andre Pallante (right elbow inflammation), Hunter Dobbins (right forearm tightness), and Peter Strzelecki (right forearm extensor inflammation) are all on the injured list."
2026-09-02,web,season_context_injuries,free,1,TREND,1,,,,,,,"The infield picture is also unsettled -- Blaze Jordan (left ankle sprain) and JJ Wetherholt (right wrist tendinitis) are both shelved, removing two corner and middle options added in recent weeks, while Ramón Urías was activated August 23 and represents the active depth at third."
2026-09-02,web,season_context_injuries,free,2,ROSTER_FACT,0,S030,ROSTER_FACT,a,today,injuries,,Everson Pereira's left hand contusion keeps him off the outfield card as well.
2026-09-02,web,season_context_injuries,free,3,SPLIT_DIRECTION,2,,,,,,,"The Dodgers arrive with a fuller roster than they carried a week ago: Will Smith and Dalton Rushing were both activated September 1, restoring depth behind the plate, and Justin Wrobleski returned from the 15-day list the same day, adding a left-handed arm to their pitching staff."
2026-09-02,web,season_context_injuries,free,4,STAT_VALUE,2,,,,,,,Tyler Glasnow came back from the 60-day list August 25.
2026-09-02,web,season_context_injuries,free,5,FRAMING_VOICE,0,,,,,,,Andy Pages (left hand fracture) and Roki Sasaki (right middle finger blister) remain out.
2026-09-02,web,bvp_cardinals_vs_starter_annotation,bound,0,GAME_STATE,0,,,,,,,Career BvP history against Yoshinobu Yamamoto is thin across the Cardinals lineup.
2026-09-02,web,bvp_cardinals_vs_starter_annotation,bound,1,ABSENCE,1,,,,,,,"Alec Burleson and Iván Herrera are the only two starters with any prior exposure, and each carries just 5 PA -- samples too small to read as signal."
2026-09-02,web,bvp_cardinals_vs_starter_annotation,bound,2,STAT_VALUE,8,,,,,,,Burleson went 1-for-5 (.200/.200/.400) with no walks and one strikeout; Herrera went 0-for-5 (.000/.000/.000) with two strikeouts and no walks.
2026-09-02,web,bvp_cardinals_vs_starter_annotation,bound,3,STAT_VALUE,1,,,,,,,"Neither reaches the 10-PA floor where career BvP carries weight, so these lines describe outcomes of a handful of at-bats, not established tendencies."
2026-09-02,web,bvp_cardinals_vs_starter_annotation,bound,4,ABSENCE,0,,,,,,,"The remaining seven Cardinals starters -- José Fermín, Jordan Walker, Joshua Báez, Leo Bernal, Ramón Urías, Thomas Saggese, and Nathan Church -- have no career BvP record against Yamamoto."
2026-09-02,web,bvp_cardinals_vs_starter_annotation,bound,5,ROSTER_FACT,1,,,,,,,"For those batters, his 2026 platoon splits offer the most grounded reference point for how he has fared against hitters of each handedness this season."
2026-09-02,web,bvp_cardinals_vs_starter_annotation,bound,6,FRAMING_VOICE,0,,,,,,,No significant bench BvP history.
2026-09-02,web,bvp_opponent_vs_starter_annotation,bound,0,ABSENCE,0,,,,,,,"The Cardinals starter is TBD, so no career BvP figures can be drawn for tonight's Dodgers lineup."
2026-09-02,web,platoon_cardinals_annotation,bound,0,ROSTER_FACT,0,,,,,,,"Against Yoshinobu Yamamoto (RHP), St Louis sends six right-handed bats, two left-handed bats, and one switch-hitter."
2026-09-02,web,platoon_cardinals_annotation,bound,1,SPLIT_DIRECTION,5,,,,,,,"Yamamoto's 2026 splits show a .533 OPS-against across 321 BF vs left-handed batters and a .573 OPS-against across 286 BF vs right-handed batters -- the two left-handed starters, Alec Burleson and Nathan Church, face the side where opponents have done less damage."
2026-09-02,web,platoon_cardinals_annotation,bound,2,GAME_STATE,0,,,,,,,Burleson is the lineup's clearest advantage point.
2026-09-02,web,platoon_cardinals_annotation,bound,3,MAGNITUDE,9,,,,,,,"His 2026 vs-RHP line stands at .319 AVG and .949 OPS across 400 PA, well above his 2025 baseline (.296/.353/.478, 419 PA)."
2026-09-02,web,platoon_cardinals_annotation,bound,4,GAME_STATE,0,,,,,,,He hits fourth and represents the most dangerous matchup in the Cardinals order against Yamamoto's right hand.
2026-09-02,web,platoon_cardinals_annotation,bound,5,SPLIT_DIRECTION,9,,,,,,,"Church's 2026 vs-RHP mark (.245 AVG, .664 OPS, 305 PA) is a significant improvement over his 2025 baseline (.114/.216/.182, 51 PA), though the two figures sit against that tougher-for-batters split."
2026-09-02,web,platoon_cardinals_annotation,bound,6,SPLIT_DIRECTION,10,,,,,,,"Among the six right-handed batters with enough 2026 sample to read, Jordan Walker shows the sharpest year-over-year shift: 2026 vs RHP sits at .286 AVG and .822 OPS across 419 PA, versus a 2025 mark of .200/.263/.291 across 289 PA."
2026-09-02,web,platoon_cardinals_annotation,bound,7,STAT_VALUE,9,,,,,,,"Ivan Herrera's 2026 figure (.245 AVG, .715 OPS, 421 PA) trails his 2025 line (.268/.343/.399, 328 PA)."
2026-09-02,web,platoon_cardinals_annotation,bound,8,STAT_VALUE,9,,,,,,,"Jose Fermin's 2026 read is thinner at 172 PA (.212 AVG, .548 OPS), below his 2025 showing (.280/.379/.420, 59 PA)."
2026-09-02,web,platoon_cardinals_annotation,bound,9,SPLIT_DIRECTION,13,,,,,,,"Ramon Urias (58 PA vs RHP in 2026) and Thomas Saggese (59 PA) both sit below the 60-PA floor; their 2025 lines -- .233/.278/.367 across 273 PA and .254/.305/.340 across 227 PA, respectively -- are the operative anchors."
2026-09-02,web,platoon_cardinals_annotation,bound,10,ROSTER_FACT,0,,,,,,,Joshua Baez and Leo Bernal do not appear in the vs-RHP table.
2026-09-02,web,platoon_opponent_annotation,bound,0,BVP_HISTORY,0,,,,,,,"The Cardinals will send a left-hander to the mound, and the Dodger lineup presents a clear left-heavy construction against him: four left-handed bats (Shohei Ohtani, Freddie Freeman, Max Muncy, Kyle Tucker), two switch-hitters (Tommy Edman, Alex Freeland), and three right-handed bats (Mookie Betts, Will Smith, Teoscar Hernández)."
2026-09-02,web,platoon_opponent_annotation,bound,1,ROSTER_FACT,1,,,,,,,The question is how the left-handed and switch contingent has handled lefty pitching in 2026.
2026-09-02,web,platoon_opponent_annotation,bound,2,MAGNITUDE,9,,,,,,,"Among the batters with enough 2026 exposure to read clearly, Teoscar Hernández leads the group: 2026 vs LHP .273 AVG / .809 OPS across 113 PA, ahead of his 2025 mark (.250/.467 SLG, 126 PA)."
2026-09-02,web,platoon_opponent_annotation,bound,3,SPLIT_DIRECTION,8,,,,,,,"Freddie Freeman shows 2026 vs LHP .275 AVG / .733 OPS over 186 PA, with his 2025 baseline at .285/.506 SLG over 175 PA."
2026-09-02,web,platoon_opponent_annotation,bound,4,SPLIT_DIRECTION,8,,,,,,,Kyle Tucker registers 2026 vs LHP .250 AVG / .735 OPS across 157 PA against his 2025 line of .269/.461 SLG over 193 PA.
2026-09-02,web,platoon_opponent_annotation,bound,5,SPLIT_DIRECTION,8,,,,,,,"Tommy Edman checks in at 2026 vs LHP .222 AVG / .744 OPS over 75 PA, compared to .216/.440 SLG in 122 PA in 2025."
2026-09-02,web,platoon_opponent_annotation,bound,6,SPLIT_DIRECTION,4,,,,,,,"Max Muncy, a left-handed bat, shows 2026 vs LHP .240 AVG / .797 OPS over 107 PA."
2026-09-02,web,platoon_opponent_annotation,bound,7,SPLIT_DIRECTION,8,,,,,,,"Mookie Betts (right-handed) shows 2026 vs LHP .228 AVG / .668 OPS over 136 PA, compared to .261/.424 SLG over 187 PA in 2025."
2026-09-02,web,platoon_opponent_annotation,bound,8,STAT_VALUE,3,,,,,,,"Below the 60 PA floor in 2026, the 2025 figure leads."
2026-09-02,web,platoon_opponent_annotation,bound,9,SPLIT_DIRECTION,7,S005,STAT_VALUE,a,2026 absent / 2025,platoon tables,"""power ceiling"" bare magnitude leg","Shohei Ohtani carries no qualifying 2026 vs-LHP sample; his 2025 baseline against lefties reads .279/.344/.554 across 244 PA, with 15 home runs in that sample -- the power ceiling in the lineup."
2026-09-02,web,platoon_opponent_annotation,bound,10,STAT_VALUE,7,,,,,,,Will Smith's 2026 sample against lefties sits at 51 PA (below floor); his 2025 line reads .258/.384/.452 over 112 PA.
2026-09-02,web,platoon_opponent_annotation,bound,11,STAT_VALUE,7,,,,,,,Alex Freeland's 2026 sample is 32 PA; his 2025 mark of .143/.250/.143 over 16 PA carries a thin base.
2026-09-02,web,platoon_opponent_annotation,bound,12,STAT_VALUE,2,,,,,,,"The Cardinals' lefty will face a lineup that, at the top, can punish left-handed pitching for power -- Ohtani's 2025 SLG of .554 against southpaws anchors that reading."
2026-09-02,web,platoon_opponent_annotation,bound,13,SPLIT_DIRECTION,2,,,,,,,"The middle-order right-handed bats (Betts, Hernández) show mixed 2026 trends vs lefties, with Hernández's .809 OPS the sharpest current figure in the group."
2026-09-02,web,platoon_opponent_annotation,bound,14,SPLIT_DIRECTION,6,,,,,,,"The two switch-hitters bat from the right side against a lefty, and Edman's 75-PA 2026 sample (.744 OPS) and Freeland's thin history (.143 SLG, 16 PA in 2025) represent opposite ends of the uncertainty band."
2026-09-02,web,pitcher_platoon_annotation,bound,0,ROSTER_FACT,0,,,,,,,"Yoshinobu Yamamoto enters today facing a Cardinals lineup built heavily right-handed -- six right-handed bats, two left-handed, and one switch-hitter."
2026-09-02,web,pitcher_platoon_annotation,bound,1,STAT_VALUE,12,,,,,,,"Against right-handed batters, his 2026 figures across 286 BF read .192/.245/.328, .573 OPS; his 2025 baseline across 353 PA was .191/.276/.315, .591 OPS."
2026-09-02,web,pitcher_platoon_annotation,bound,2,SPLIT_DIRECTION,12,,,,,,,"Against left-handed batters, his 2026 line across 321 BF reads .182/.240/.293, .533 OPS, with a 2025 baseline of .174/.236/.249, .485 OPS across 331 PA -- both years the vs-LHB OPS sits below the vs-RHB mark, and the six right-handed bats in St Louis's order (Jose Fermin, Ivan Herrera, Jordan Walker, Joshua Baez, Ramon Urias, Thomas Saggese) land on the side where batters have posted the higher OPS in each season shown."
2026-09-02,web,pitcher_platoon_annotation,bound,3,SPLIT_DIRECTION,0,,,,,,,"Alec Burleson (1B, bats left) and Nathan Church (CF, bats left) are the two Cardinals who face his lower-OPS side; Leo Bernal (C, switch) will see his split determined by the game situation."
2026-09-02,web,pitcher_home_away_annotation,bound,0,STAT_VALUE,7,,,,,,,"Yamamoto takes the mound at home tonight, where his 2026 ERA stands at 3.12 across 83.2 IP -- his 2025 home baseline was 3.04 over 68.0 IP and 277 BF, consistent with that range."
2026-09-02,web,pitcher_home_away_annotation,bound,1,STAT_VALUE,7,,,,,,,"His road work tells a sharper story: a 2026 away ERA of 1.94 over 74.1 IP, against a 2025 away mark of 2.13 across 105.2 IP and 407 BF."
2026-09-02,web,pitcher_home_away_annotation,bound,2,SPLIT_DIRECTION,2,,,,,,,"The Cardinals catch him on the side of that split where both years cluster near 3.00, not the sub-2.00 road version."
2026-09-02,web,tto_splits_annotation,bound,0,STAT_VALUE,2,,,,,,,Yoshinobu Yamamoto has pitched into a third pass in 24 of 24 starts.
2026-09-02,web,tto_splits_annotation,bound,1,STAT_VALUE,5,,,,,,,"In those 24 starts, hitters posted a .516 OPS on the second pass (215 PA), then climbed to .611 OPS from the third pass on (174 PA) -- a within-game delta the conditional figures bear out."
2026-09-02,web,tto_splits_annotation,bound,2,STAT_VALUE,2,,,,,,,"That .095 OPS rise from TTO2 to TTO3 is the pattern to watch: Yamamoto does not fade early, but sustained exposure into a third pass does push hitters' output upward, and with all 24 starts reaching that threshold, the sample is not a small-subset artifact."
2026-09-02,web,tto_splits_annotation,bound,3,STAT_VALUE,7,,,,,,,"The 2025 baseline tells the same story in the same order: .570 OPS in the first pass (273 PA), .497 in the second (259 PA), and .557 in the third (152 PA)."
2026-09-02,web,tto_splits_annotation,bound,4,STAT_VALUE,7,,,,,,,"The 2026 conditional read -- .541 first pass (218 BF), .516 second (215 PA), .611 third (174 PA) -- sharpens the arc: the second pass is where batters fare worst, and the third pass gives back a meaningful portion of that suppression."
2026-09-02,web,tto_splits_annotation,bound,5,FRAMING_VOICE,0,,,,,,,St Louis gains nothing by sitting and waiting for a late hook; Yamamoto finishes what he starts.
2026-09-02,web,inherited_runners_annotation,bound,0,MAGNITUDE,3,,,,,,,"Kyle Leahy leads the group with 29 inherited runners across the 2025 season, stranding 62.1% of them -- below his workload's weight but functional across a heavy deployment share."
2026-09-02,web,inherited_runners_annotation,bound,1,STAT_VALUE,4,,,,,,,"Gordon Graceffo and Ryan Fernandez are the two flagged in red: Graceffo has stranded 54.5% of his 11 inherited runners, and Fernandez sits at 50.0% across 8, the lowest rate in the group."
2026-09-02,web,inherited_runners_annotation,bound,2,SPLIT_DIRECTION,2,,,,,,,"Riley O'Brien (70.0%, 10 IR) is the only reliever among the higher-volume names who clears the league baseline."
2026-09-02,web,inherited_runners_annotation,bound,3,MAGNITUDE,4,S037,MAGNITUDE,a,2026 / 2025 league,inherited_runners + league_benchmarks,,"Michael McGreevy has inherited just 3 runners and stranded all three (100.0%), a clean mark on a thin sample. 2025's league average strand rate was 68.8%."
2026-09-02,web,inherited_runners_annotation,bound,4,FRAMING_VOICE,0,,,,,,,"Against that baseline, Leahy, Graceffo, and Fernandez all fall short, while O'Brien sits just above it."
2026-09-02,web,inherited_runners_annotation,bound,5,STAT_VALUE,13,,,,,,,"For the 2026 season to date, Leahy carries 129.1 IP with a 3.13 ERA and 1.31 WHIP; Graceffo has posted a 2.90 ERA and 1.05 WHIP across 68.1 IP, the sharpest current line in the group despite the inherited-runner concern; O'Brien shows a 3.95 ERA over 54.2 IP; Fernandez a 3.68 ERA over 22.0 IP; and McGreevy a 3.97 ERA over 147.1 IP."
2026-09-02,web,batted_ball_annotation,bound,0,STAT_VALUE,5,,,,,,,"Yoshinobu Yamamoto's 2025 contact profile tilted sharply toward the ground: 54.8% grounders on 407 BIP, with fly balls accounting for just 24.6% and line drives 19.9%."
2026-09-02,web,batted_ball_annotation,bound,1,GAME_STATE,0,,,,,,,That shape has a specific implication for the Dodgers lineup he faces tonight -- the contact type he suppresses most (fly balls) is also the type his own hitters hit least effectively.
2026-09-02,web,batted_ball_annotation,bound,2,MAGNITUDE,1,,,,,,,"Across the nine Dodgers hitters shown, every one of them posted a 2025 line-drive AVG well above their groundball AVG, and groundball AVGs were universally higher than fly-ball AVGs."
2026-09-02,web,batted_ball_annotation,bound,3,SPLIT_DIRECTION,9,S057,STAT_VALUE,a,slot-bound,batted_ball AVG,,The spread is stark: Will Smith hit .686 on line drives and .374 on grounders versus .084 on flies; Freddie Freeman posted .679 LD / .289 GB / .122 FB; Shohei Ohtani .655 / .290 / .097.
2026-09-02,web,batted_ball_annotation,bound,4,SPLIT_DIRECTION,6,,,,,,,Even the lower-contact hitters follow the same ordering -- Tommy Edman .551 LD / .176 GB / .056 FB; Kyle Tucker .617 / .193 / .126.
2026-09-02,web,batted_ball_annotation,bound,5,SPLIT_DIRECTION,2,,,,,,,"The practical tension: Yamamoto's primary output is grounders, which the Dodgers handle better (.176 to .374 AVG range depending on the hitter) than the fly balls he doesn't give up much of."
2026-09-02,web,batted_ball_annotation,bound,6,SPLIT_DIRECTION,1,,,,,,,"If he operates as his 2025 profile projects -- more than half of contact on the ground -- the Dodgers are meeting his most common contact type at their middling, not their worst, performance tier."
2026-09-02,web,batted_ball_annotation,bound,7,SPLIT_DIRECTION,4,,,,,,,"Line drives are where every hitter in this group converts at a high rate (.543 to .686), but Yamamoto limited those to just 19.9% of BIP in 2025, which is the profile's favorable element for the Cardinals tonight."
2026-09-02,web,battery_annotation,bound,0,ROSTER_FACT,0,,,,,,,"Tonight's scheduled catcher is Leo Bernal, who is on the Cardinals active roster."
2026-09-02,web,battery_annotation,bound,1,TREND,1,,,,,,,The battery pairing table carries no 2025 data -- the historical query returned an empty result set -- so this is a fresh battery read with no prior shared innings on record.
2026-09-02,web,battery_annotation,bound,2,ROSTER_FACT,0,,,,,,,"The opposing battery pairs Yoshinobu Yamamoto with Will Smith, who is on the Dodgers active roster at catcher."
2026-09-02,web,battery_annotation,bound,3,ABSENCE,0,,,,,,,That pairing has no Cardinals-side counterpart to cross-reference; the annotation is limited to tonight's lineup alignment.
2026-09-02,web,battery_annotation,bound,4,FRAMING_VOICE,0,,,,,,,"Leo Bernal is a switch-hitter catching a right-handed starter, and no historical ERA or AVG figure exists in the table to qualify the pairing further."
2026-09-02,web,baserunning_content,bound,0,MAGNITUDE,4,,,,,,,Dodgers baserunning (2026): Shohei Ohtani leads the lineup with 10 steals against 3 caught (76.9%).
2026-09-02,web,baserunning_content,bound,1,STAT_VALUE,2,,,,,,,Freddie Freeman has been perfect in 6 attempts (100.0%).
2026-09-02,web,baserunning_content,bound,2,STAT_VALUE,3,,,,,,,Kyle Tucker has 9 steals in 9 attempts (100.0%).
2026-09-02,web,baserunning_content,bound,3,GAME_EVENT,2,,,,,,,Tommy Edman has gone 5-for-7 (71.4%).
2026-09-02,web,baserunning_content,bound,4,STAT_VALUE,3,,,,,,,Max Muncy has 2 steals in 2 attempts (100.0%).
2026-09-02,web,baserunning_content,bound,5,GAME_EVENT,2,,,,,,,Teoscar Hernández is 2-for-3 (66.7%).
2026-09-02,web,baserunning_content,bound,6,STAT_VALUE,3,,,,,,,Alex Freeland has 2 steals in 2 attempts (100.0%).
2026-09-02,web,baserunning_content,bound,7,STAT_VALUE,3,,,,,,,Mookie Betts has 1 steal against 2 caught (33.3%).
2026-09-02,web,baserunning_content,bound,8,STAT_VALUE,1,,,,,,,Will Smith does not appear in the 2026 leaders table.
2026-09-02,web,baserunning_content,bound,9,STAT_VALUE,4,,,,,,,Cardinals catching -- throwing: Pedro Pagés has thrown out 17 of 55 attempts (30.9% CS) across 72 games this season.
2026-09-02,web,baserunning_content,bound,10,STAT_VALUE,4,,,,,,,"Leo Bernal, starting tonight at catcher, has 0 stolen bases allowed, 0 caught stealing, and 0 attempts in his one game -- the sample is too small for a rate; Pagés (30.9% CS) is the roster alternative with a publishable figure."
2026-09-02,web,baserunning_content,bound,11,STAT_VALUE,4,,,,,,,Dodgers catching -- throwing: Hunter Feduccia has allowed 52 stolen bases against 13 caught (20.0% CS) in 79 games.
2026-09-02,web,baserunning_content,bound,12,STAT_VALUE,4,,,,,,,Dalton Rushing has allowed 30 stolen bases against 10 caught (25.0% CS) in 59 games.
2026-09-02,web,baserunning_content,bound,13,STAT_VALUE,4,,,,,,,Will Smith has allowed 25 stolen bases against 5 caught (16.7% CS) in 49 games.
2026-09-02,web,defense_annotation,bound,0,GAME_STATE,0,,,,,,,"Tonight's Cardinals lineup places Jordan Walker in RF, Alec Burleson at 1B, Ramón Urías at 3B, Thomas Saggese at SS, José Fermín at 2B, and Nathan Church in CF."
2026-09-02,web,defense_annotation,bound,1,STAT_VALUE,1,,,,,,,The 2025 fielding sample gives context on each.
2026-09-02,web,defense_annotation,bound,2,STAT_VALUE,3,,,,,,,Walker has logged 108 games in right field with 4 errors and a .981 Fld% across that sample.
2026-09-02,web,defense_annotation,bound,3,STAT_VALUE,8,,,,,,,"Burleson's primary 2025 position was first base (50 games, 27 DP, 4 errors, .990 Fld%); he also covered left field cleanly in 41 games (0 errors, 1.000 Fld%)."
2026-09-02,web,defense_annotation,bound,4,GAME_EVENT,1,,,,,,,"At 1B tonight, the double-play volume from his 2025 sample stands out."
2026-09-02,web,defense_annotation,bound,5,GAME_EVENT,6,,,,,,,"Urías brings 78 games at third base (20 DP, 4 errors, .979 Fld%) and an additional 26 games at second base without an error (1.000 Fld%)."
2026-09-02,web,defense_annotation,bound,6,GAME_EVENT,9,,,,,,,"Saggese played 33 games at shortstop in 2025 (7 DP, 1 error, .988 Fld%) and 35 at second base (24 DP, 4 errors, .973 Fld%); tonight he is at SS."
2026-09-02,web,defense_annotation,bound,7,GAME_EVENT,2,,,,,,,Fermín covered second base in 15 games without an error (1.000 Fld%).
2026-09-02,web,defense_annotation,bound,8,GAME_EVENT,8,,,,,,,"Church has 18 games in center field on a clean slate (0 errors, 1.000 Fld%), along with 7 games in right (1 error, .833 Fld%) and 5 in left (1.000 Fld%)."
2026-09-02,web,defense_annotation,bound,9,GAME_EVENT,3,,,,,,,"Iván Herrera is slotted at DH tonight, so his 14-game catching sample (1 error, .989 Fld%) does not factor into the field alignment."
2026-09-02,web,defense_annotation,bound,10,STAT_VALUE,1,S001,ABSENCE,a,2025,defense table,,Joshua Báez (LF) and Leo Bernal (C) do not appear in the 2025 fielding table.
2026-09-02,web,head_to_head_content,free,0,TREND,6,,,,,,,"Over the 2022-2025 span, the Cardinals went 11-15 against the Dodgers across four seasons, with the most recent year bucking the trend -- St Louis took 4 of 6 in 2025 after going a combined 7-13 in the three prior seasons."
2026-09-02,web,head_to_head_content,free,1,GAME_STATE,1,,,,,,,The Cardinals carry a 1-0 series lead into tonight's game two of three at UNIQLO Field at Dodger Stadium.
2026-09-02,web,batter_kbb_stl_note,bound,0,MAGNITUDE,8,,,,,,,"Jordan Walker carries the lineup's steepest contact risk: his 2025 K% was 31.8% across 396 PA, and his 2026 figure across 577 PA sits at 24.4% — still well clear of the 22.1% league average (2025)."
2026-09-02,web,batter_kbb_stl_note,bound,1,STAT_VALUE,12,,,,,,,"Thomas Saggese (28.1% in 2025, 29.3% in 2026 across 92 PA) and Nathan Church (27.7% in 2025, 18.1% in 2026 across 387 PA) both carried red-flag K% marks in 2025; Church's 2026 figure has pulled back meaningfully, while Saggese's has held near the same level."
2026-09-02,web,batter_kbb_stl_note,bound,2,SPLIT_DIRECTION,6,,,,,,,"On the patience side, José Fermín is the lineup's clearest bright spot: 11.4% BB% in 2025 (70 PA) and 8.3% in 2026 across 313 PA."
2026-09-02,web,batter_kbb_stl_note,bound,3,STAT_VALUE,7,,,,,,,"Iván Herrera follows at 9.6% BB% in 2025 (450 PA) and 11.0% in 2026 across 617 PA, the largest 2026 sample in the table."
2026-09-02,web,batter_kbb_stl_note,bound,4,MAGNITUDE,1,,,,,,,Both sit above the 8.9% league average.
2026-09-02,web,batter_kbb_stl_note,bound,5,MAGNITUDE,8,,,,,,,"Saggese (5.4% BB% in 2025, 7.6% in 2026) and Church (4.6% in 2025, 5.4% in 2026) trail the league mark by a visible margin across both seasons."
2026-09-02,web,batter_kbb_annotation,bound,0,GAME_STATE,0,,,,,,,The Dodgers lineup facing the Cardinals' starter presents a contact-disciplined core alongside two notable strikeout risks.
2026-09-02,web,batter_kbb_annotation,bound,1,MAGNITUDE,7,,,,,,,"Mookie Betts leads the group in contact: 10.3% K% in 2025 across 663 PA, with his 2026 mark (428 PA) at 11.0% — well below the 22.1% league average."
2026-09-02,web,batter_kbb_annotation,bound,2,MAGNITUDE,8,,,,,,,"Kyle Tucker pairs low swing-and-miss with elite patience: 14.8% K% in 2025 (595 PA) and 14.6% BB% in 2025, with a 2026 K% of 17.8% across 533 PA."
2026-09-02,web,batter_kbb_annotation,bound,3,GAME_STATE,0,,,,,,,Max Muncy and Alex Freeland represent the lineup's strikeout poles.
2026-09-02,web,batter_kbb_annotation,bound,4,MAGNITUDE,3,,,,,,,"Muncy's 2026 K% is 25.0% across 476 PA, still above the league mark."
2026-09-02,web,batter_kbb_annotation,bound,5,STAT_VALUE,6,S087,STAT_VALUE,a,2025 / 2026,batter_kbb,subject plausibility flag (Freeland in a LAD batter slot),"Freeland's 2025 K% was 36.1% across 97 PA, and his 2026 figure across 227 PA stands at 30.0%."
2026-09-02,web,batter_kbb_annotation,bound,6,STAT_VALUE,3,,,,,,,Shohei Ohtani's 2025 K% was 25.8% across 725 PA.
2026-09-02,web,batter_kbb_annotation,bound,7,STAT_VALUE,5,,,,,,,"His 2026 PA column reads ""--"" and both 2026 rate cells show SSS, so no 2026 rate is cited here; his 2025 sample across 725 PA is the available reference."
2026-09-02,web,batter_kbb_annotation,bound,8,MAGNITUDE,8,,,,,,,"On the patience side, Teoscar Hernández is the group's most pronounced outlier: 4.8% BB% in 2025 (545 PA) and 7.8% in 2026 across 396 PA — both readings trail the 8.9% league average, with the 2025 mark the sharper gap."
2026-09-02,web,batter_kbb_annotation,bound,9,STAT_VALUE,6,,,,,,,Tommy Edman similarly sits below average at 5.0% BB% in 2025 (377 PA) and 6.4% in 2026 across 236 PA.
2026-09-02,web,batter_batted_ball_profile_stl_note,bound,0,MAGNITUDE,3,,,,,,,"Yoshinobu Yamamoto generated a 54.8% ground-ball rate across 407 BIP in 2025, making him one of the heavier GB-inducers a Cardinals lineup will face."
2026-09-02,web,batter_batted_ball_profile_stl_note,bound,1,GAME_STATE,6,,,,,,,"That tendency maps directly onto five of St Louis' seven hitters in tonight's card: Iván Herrera (52.6% GB, 285 BIP), Jordan Walker (48.9%), Ramón Urías (45.1%), Alec Burleson (42.0%), and Thomas Saggese (41.8%) all profile as contact-on-the-ground hitters to varying degrees."
2026-09-02,web,batter_batted_ball_profile_stl_note,bound,2,STAT_VALUE,2,,,,,,,"Nathan Church is the most extreme case -- his 67.6% GB rate across 37 BIP means balls he puts in play overwhelmingly stay low, squarely in Yamamoto's preferred outcome zone."
2026-09-02,web,batter_batted_ball_profile_stl_note,bound,3,GAME_STATE,4,,,,,,,"José Fermín (37.0% GB, 46 BIP) and Saggese (41.8%) represent the flatter-contact end of the group; Saggese's 28.6% LD rate is the lineup's highest and the figure least naturally served by a heavy grounder-getter."
2026-09-02,web,batter_batted_ball_profile_stl_note,bound,4,FRAMING_VOICE,0,,,,,,,"The shape of this matchup favors keeping the ball on the ground -- the Cardinals' group mostly obliges, which works in Yamamoto's direction."
2026-09-02,web,batter_batted_ball_profile_annotation,bound,0,GAME_STATE,0,,,,,,,The Dodgers' lineup presents a markedly different contact shape than the Cardinals' group.
2026-09-02,web,batter_batted_ball_profile_annotation,bound,1,STAT_VALUE,9,,,,,,,"Mookie Betts (34.7% GB, 501 BIP), Kyle Tucker (35.9%, 390 BIP), and Will Smith (35.5%, 256 BIP) are the lineup's three most pronounced fly-ball tendencies, with FB rates of 37.3%, 36.7%, and 37.1% respectively -- all air-ball profiles facing a St Louis starter whose identity is TBD."
2026-09-02,web,batter_batted_ball_profile_annotation,bound,2,STAT_VALUE,4,,,,,,,"Freddie Freeman (44.6% GB, 404 BIP) and Shohei Ohtani (45.8%, 369 BIP) sit closer to the middle, generating grounders at a rate that keeps them from being pure pull-and-lift threats."
2026-09-02,web,batter_batted_ball_profile_annotation,bound,3,STAT_VALUE,4,,,,,,,"Teoscar Hernández (49.1% GB, 352 BIP) and Tommy Edman (48.3%, 271 BIP) are the lineup's heaviest ground-ball producers."
2026-09-02,web,batter_batted_ball_profile_annotation,bound,4,ABSENCE,2,,,,,,,Alex Freeland's 40.0% FB rate across 45 BIP -- the table's highlighted cell -- is a small sample but the lineup's highest fly-ball share.
2026-09-02,web,batter_batted_ball_profile_annotation,bound,5,ABSENCE,0,,,,,,,"Because the Cardinals' starter is TBD, no pitcher-side batted-ball tendency is available to cross-reference here; the Dodgers' individual profiles stand on their own as the contact-shape context for tonight."
2026-09-02,web,pitcher_kbb_annotation,bound,0,MAGNITUDE,15,,,,,,,"Yoshinobu Yamamoto's table row reflects his 2025 season: 201 strikeouts across 173.2 IP at a 29.4% K rate, 59 walks at 8.6% BB%, and a 3.41 K/BB. 2026 to date, he has posted 153 strikeouts and 36 walks over 158.0 IP -- a 25.2% K rate and 5.9% BB rate, against a league average of 22.1% K% and 8.9% BB%."
2026-09-02,web,pitcher_kbb_annotation,bound,1,ROSTER_FACT,0,,,,,,,The Cardinals' starter is listed as TBD (LHP); no statistical line is available to profile.
2026-09-02,web,key_matchups,free,0,ROSTER_FACT,0,,,,,,,Yamamoto vs LHB Cardinals.
2026-09-02,web,key_matchups,free,1,SPLIT_DIRECTION,5,,,,,,,"Yoshinobu Yamamoto has held left-handed bats to .182/.240/.293 across 321 batters faced in 2026, his sharpest platoon side."
2026-09-02,web,key_matchups,free,2,BVP_HISTORY,5,,,,,,,"Alec Burleson, batting fourth against him tonight, has answered right-handed pitching at .319/.395/.554 over 400 PA in 2026."
2026-09-02,web,key_matchups,free,3,SPLIT_DIRECTION,5,,,,,,,"Nathan Church, batting ninth, shows a 2026 line of .245/.285/.379 over 305 PA vs right-handers."
2026-09-02,web,key_matchups,free,4,GAME_STATE,1,,,,,,,Yamamoto's 2026 marks against lefties leave the Cardinals' two left-handed lineup spots at a structural disadvantage.
2026-09-02,web,key_matchups,free,5,ROSTER_FACT,0,,,,,,,Yamamoto vs RHB Cardinals.
2026-09-02,web,key_matchups,free,6,SPLIT_DIRECTION,3,,,,,,,"Six of nine Cardinals bats are right-handed, squaring against what the 2026 numbers identify as Yamamoto's softer platoon side: a .573 OPS allowed vs right-handed batters over 286 BF."
2026-09-02,web,key_matchups,free,7,SPLIT_DIRECTION,5,S099,STAT_VALUE,a,2026 vs RHP,platoon_2026,,"Jordan Walker, batting third, has posted a .286/.332/.490 line vs right-handed pitching over 419 PA in 2026."
2026-09-02,web,key_matchups,free,8,GAME_EVENT,1,,,,,,,Ivan Herrera is 0-for-5 (career) against Yamamoto with two strikeouts.
2026-09-02,web,key_matchups,free,9,SPLIT_DIRECTION_BARE,0,,,,,,,Cardinals bullpen vs LAD left-handed core.
2026-09-02,web,key_matchups,free,10,ROSTER_FACT,0,,,,,,,"Four confirmed left-handed bats -- Shohei Ohtani (batting first), Freddie Freeman (batting second), Max Muncy (batting fourth), and Kyle Tucker (batting sixth) -- will face an ad-hoc Cardinals relief corps built around right-handed arms."
2026-09-02,web,key_matchups,free,11,SPLIT_DIRECTION,5,S011,STAT_VALUE,a,2026 vs RHP,platoon_2026,,Freeman's 2026 line vs right-handers reads .317/.393/.494 over 389 PA.
2026-09-02,web,key_matchups,free,12,STAT_VALUE,4,S067,STAT_VALUE,b,unstated,platoon tables,"subject/stat elided (""Muncy's reads""); 09-02 wrong-Muncy day",Muncy's reads .252/.352/.494 over 369 PA.
2026-09-02,web,key_matchups,free,13,SPLIT_DIRECTION,5,,,,,,,Tucker's 2026 line vs right-handers reads .217/.319/.337 over 376 PA.
2026-09-02,web,key_matchups,free,14,GAME_STATE,0,,,,,,,Yamamoto times-through-order exposure.
2026-09-02,web,key_matchups,free,15,STAT_VALUE,2,,,,,,,Yoshinobu Yamamoto has reached a third pass in 24 of 24 starts.
2026-09-02,web,key_matchups,free,16,STAT_VALUE,3,,,,,,,His first-pass OPS sits at .541 across 218 BF in 2026.
2026-09-02,web,watchlist,free,0,GAME_EVENT,0,,,,,,,-- Cardinals opener handedness decision.
2026-09-02,web,watchlist,free,1,SPLIT_DIRECTION,2,,,,,,,"If St Louis opens with a left-handed reliever, watch whether the Dodgers immediately counter by shifting right-handed bats into the lineup -- LAD carries 3 right-handed and 2 switch hitters in tonight's roster mix, giving Dave Roberts flexibility to load the platoon advantage against a southpaw opener from the jump. -- Yoshinobu Yamamoto pitch count vs third time through."
2026-09-02,web,watchlist,free,2,STAT_VALUE,2,S084,STAT_VALUE,a,2026,game logs (starts with 3rd pass),"the ""N of N starts"" shape","Yamamoto has pitched into a third pass in 24 of 24 starts, so his third-pass exposure is all but certain tonight."
2026-09-02,web,watchlist,free,3,SPLIT_DIRECTION,5,,,,,,,"The conditional third-pass figure -- 174 PA, 0.611 OPS allowed -- is the softer side of his 2026 game, sitting above his second-pass mark of 0.516 OPS (215 PA)."
2026-09-02,web,watchlist,free,4,TREND,1,,,,,,,"If he is laboring past 80 pitches through five innings, watch whether LAD elects to pull him before St Louis can cycle the order a third time. -- Will Smith caught-stealing risk."
2026-09-02,web,watchlist,free,5,STAT_VALUE,5,,,,,,,"If Cardinals baserunners reach tonight, Will Smith's arm is the trigger: he has thrown out 5 of 30 attempted stealers in 2026, a 16.7% CS rate across 45 starts behind the plate."
2026-09-02,web,watchlist,free,6,PREDICTION,0,,,,,,,That is the weakest arm on the Dodgers catching staff and a potential green light for St Louis to run freely. -- Jordan Walker bounce-back watch.
2026-09-02,web,watchlist,free,7,MAGNITUDE,10,,,,,,,"Walker bats right-handed and draws a much softer platoon matchup against left-handed pitching -- his 2026 line vs LHP stands at .295/.380/.547 across 158 PA, well above his 2025 vs RHP historical baseline (.200/.263/.291 across 289 PA)."
2026-09-02,web,watchlist,free,8,PREDICTION,0,,,,,,,"If the Cardinals bullpen game produces a left-handed reliever mid-game for the Dodgers' side, the mirror trigger applies: watch whether Walker, batting third, punishes the platoon mismatch when he sees a southpaw on the opponent side at the plate."
2026-09-02,web,quick_reference,free,0,STAT_VALUE,1,,,,,,,How has Jordan Walker performed against Yoshinobu Yamamoto in their career? 2.
2026-09-02,web,quick_reference,free,1,STAT_VALUE,1,S048,FRAMING_VOICE,c,-,-,question header,How has Freddie Freeman performed against the Cardinals starter in their career? 3.
2026-09-02,web,quick_reference,free,2,STAT_VALUE,1,,,,,,,How has Mookie Betts performed against the Cardinals starter in their career? 4.
2026-09-02,web,quick_reference,free,3,GAME_STATE,2,,,,,,,What are Yoshinobu Yamamoto's third-time-through-the-order splits in 2025? 5.
2026-09-02,web,quick_reference,free,4,STAT_VALUE,2,,,,,,,What are Alec Burleson's splits against right-handed pitchers in 2025? 6.
2026-09-02,web,quick_reference,free,5,STAT_VALUE,2,,,,,,,What is Kyle Leahy's inherited-runner strand rate in 2025? 7.
2026-09-02,web,quick_reference,free,6,STAT_VALUE,1,,,,,,,What are the park factors at UNIQLO Field at Dodger Stadium in 2025?
2026-09-04,email,report_card_recap,free,0,STAT_VALUE,2,,,,,,,"The Dodgers edged the Cardinals 3-2 last night, taking the series finale despite St Louis holding a 2-0 lead through three innings."
2026-09-04,email,report_card_recap,free,1,GAME_EVENT,2,,,,,,,"Iván Herrera went 2-for-5 and scored twice, while Jordan Walker and Leo Bernal each added 2-for-4 efforts, but the offense stalled after the third."
2026-09-04,email,report_card_recap,free,2,FRAMING_VOICE,0,,,,,,,"Teoscar Hernández delivered the decisive blow in the ninth, a two-run double that scored Tommy Edman and Mookie Betts to complete the LAD comeback."
2026-09-04,email,report_card_recap,free,3,GAME_EVENT,2,,,,,,,St Louis still won the series 2-of-3.
2026-09-04,email,retrospective_commentary,free,0,STAT_VALUE,6,,,,,,,"WHAT WORKED - Quinn Mathews held LAD to 1 run on 4 hits over 5.0 innings, with 4 strikeouts. - The Cardinals collected 10 hits against Tarik Skubal and the LAD bullpen combined. - Joshua Baez and Ramon Urias each drove in a run, putting St Louis ahead 2-0 through three. - Cade Winquest and Ryne Stanek each threw a scoreless inning in relief."
2026-09-04,email,retrospective_commentary,free,1,TREND,8,,,,,,,"WHAT DIDN'T - Riley O'Brien allowed 2 runs on 2 hits and 1 walk in 0.1 innings, surrendering the lead in the ninth. - George Soriano issued 3 walks in 1.0 inning, loading the bases before O'Brien entered. - Alec Burleson went 0-for-2 with 2 strikeouts off the bench. - The Cardinals stranded baserunners and scored no runs after the third inning."
2026-09-04,email,bottom_line_content,free,0,MAGNITUDE,4,,,,,,,"Edge: St Louis opens at Coors Field against Ryan Feltner, who ranks 103rd of 106 NL pitchers in ERA -- a home ERA of 6.26 and a road OPS-against of .873 in 2026 frame a pitcher the altitude punishes rather than shelters."
2026-09-04,email,bottom_line_content,free,1,GAME_STATE,0,,,,,,,"The Cardinals' right-heavy lineup steps into an offensive environment built for contact and carry, and Feltner's above-league walk rate gives St Louis extra baserunners without requiring hard contact."
2026-09-04,email,bottom_line_content,free,2,TREND,6,,,,,,,"Threat: Jake McCarthy's 83.9% stolen-base success rate (26 of 31 steals this season) meets a catcher in Pedro Pages who has thrown out 17 of 55 runners (30.9%), putting the Cardinals' running-game defense on display in a ballpark built for manufacturing runs before outs are recorded."
2026-09-04,email,bottom_line_content,free,3,MAGNITUDE,2,,,,,,,Watch: Jordan Walker ranks 13th of 161 National League qualifiers in OPS (.851) and profiles as the Cardinals' most dangerous bat against a right-hander struggling at home.
2026-09-04,email,bottom_line_content,free,4,SPLIT_DIRECTION,1,,,,,,,"Nathan Church, the lineup's lone left-handed hitter, faces a pitcher who has been harder on left-handed batters than right-handed batters in 2026 -- the one Cardinal whose handedness works in his individual favor tonight."
2026-09-04,email,key_matchups_prose,free,0,SPLIT_DIRECTION_BARE,0,,,,,,,Feltner vs STL right-handed core.
2026-09-04,email,key_matchups_prose,free,1,SPLIT_DIRECTION,4,,,,,,,Ryan Feltner's 2026 platoon splits show .871 OPS allowed against left-handed batters and .857 against right-handed batters -- a gap of 14 points -- so St Louis' seven right-handed bats carry no platoon edge facing him.
2026-09-04,email,key_matchups_prose,free,2,STAT_VALUE,3,,,,,,,The right-handed group does face a pitcher who has allowed a .528 slugging percentage and 19 home runs across 213 right-handed batters faced this season.
2026-09-04,email,key_matchups_prose,free,3,SPLIT_DIRECTION,7,,,,,,,Jordan Walker (.827 OPS vs RHP across 424 PA in 2026) and Ivan Herrera (.707 OPS vs RHP across 427 PA) represent the lineup's volume threats against right-handed pitching; Joshua Baez has 34 PA vs RHP in 2026 -- too small a sample to report split rates reliably.
2026-09-04,email,key_matchups_prose,free,4,ROSTER_FACT,0,,,,,,,Pallante vs COL lefty majority.
2026-09-04,email,key_matchups_prose,free,5,SPLIT_DIRECTION,4,,,,,,,"Andre Pallante is stronger against right-handed batters this season: .618 OPS allowed across 259 batters faced, compared with .709 OPS allowed against left-handed batters across 305 batters faced."
2026-09-04,email,key_matchups_prose,free,6,GAME_STATE,0,,,,,,,"Colorado's lineup carries six left-handed hitters and three switch-hitters, placing the bulk of the order on Pallante's weaker side."
2026-09-04,email,key_matchups_prose,free,7,PREDICTION,0,,,,,,,"Jake McCarthy, TJ Rumfield and Mickey Moniak all hit right-handed pitching as their stronger platoon side, and all three land against Pallante at his less suppressive split -- Moniak, whose numbers against right-handers lead the three, is the bat most likely to make that mismatch count."
2026-09-04,email,key_matchups_prose,free,8,FRAMING_VOICE,0,,,,,,,Feltner third-pass danger.
2026-09-04,email,key_matchups_prose,free,9,STAT_VALUE,2,,,,,,,"Ryan Feltner has pitched into a third pass in 17 of 20 starts this season, and the third pass is his weakest."
2026-09-04,email,key_matchups_prose,free,10,PREDICTION,0,,,,,,,"The first three hitters in the St Louis order -- Jose Fermin, Ivan Herrera and Jordan Walker -- are the group most likely to see him a third time, and those third-pass numbers come only from the starts he was left in."
2026-09-04,email,watchlist_prose,free,0,FRAMING_VOICE,0,,,,,,,-- Andre Pallante.
2026-09-04,email,watchlist_prose,free,1,SPLIT_DIRECTION,3,,,,,,,"If Pallante generates his 2026 ground-ball rate (61.6%, against the league's 47.0%), watch for Coors to do less damage than usual -- his sinker-heavy approach is the one pitcher profile that keeps the ball on the carpet where the altitude cannot amplify it. -- Ryan Feltner / Ivan Herrera."
2026-09-04,email,watchlist_prose,free,2,MAGNITUDE,7,,,,,,,"If Feltner's 2026 walk rate (9.9%, above the league's 8.9%) holds tonight, watch whether Ivan Herrera -- whose 2026 BB% of 11.0% ranks 42nd of 161 NL hitters with at least 200 plate appearances -- turns those free passes into traffic for Jordan Walker behind him: with Feltner's third pass his weakest, a walk-heavy first two trips through the order is what drags a third look forward while he is still in the game. -- Jake McCarthy / Pedro Pages."
2026-09-04,email,watchlist_prose,free,3,PREDICTION,0,,,,,,,"If Jake McCarthy reaches base, watch whether Pedro Pages can keep him at first: a runner who goes first-to-third at Coors manufactures runs before the Cardinals ever record an out, and every extra base McCarthy takes is one the lineup behind him does not have to earn. -- Andre Pallante / Mickey Moniak / Adael Amador."
2026-09-04,email,watchlist_prose,free,4,STAT_VALUE,3,,,,,,,"If Pallante's sinker keeps the ball down, watch Mickey Moniak and Adael Amador -- Colorado's two fly-ball-leaning bats, at 35.8% and 37.8% fly balls in 2025 -- for the first sign he is losing it: the night Coors hurts Pallante is the night those two get the ball in the air."
2026-09-04,web,web_yesterday_recap,free,0,GAME_EVENT,4,,,,,,,"The Dodgers completed a 3-2 comeback last night, with Teoscar Hernandez delivering a two-run double in the ninth to score Tommy Edman and Mookie Betts -- the Cardinals fell in the finale despite taking a 2-0 lead and winning the series 2-of-3."
2026-09-04,web,season_context_starters,free,0,STAT_VALUE,5,,,,,,,"Andre Pallante (RHP, Cardinals) enters tonight at 12-6, 3.57 ERA across 136.0 innings, with 97 strikeouts and 41 walks."
2026-09-04,web,season_context_starters,free,1,MAGNITUDE,6,,,,,,,"Among NL pitchers with at least 60 innings, he ranks 42nd of 106 in ERA (league average 3.92) and 5th of 106 in ground-ball rate (61.6%; league average 48.4%) -- a profile built on contact management rather than swing-and-miss."
2026-09-04,web,season_context_starters,free,2,STAT_VALUE,3,,,,,,,His WHIP of 1.24 sits right at the NL average of 1.25 (43rd of 106).
2026-09-04,web,season_context_starters,free,3,STAT_VALUE,5,,,,,,,"Ryan Feltner (RHP, Rockies) comes in at 5-9, 5.84 ERA across 101.2 innings, with 76 strikeouts and 45 walks."
2026-09-04,web,season_context_starters,free,4,MAGNITUDE,6,,,,,,,"Among NL pitchers with at least 60 innings, he ranks 103rd of 106 in ERA (league average 3.92) and 104th of 106 in WHIP (1.55; league average 1.25)."
2026-09-04,web,season_context_starters,free,5,STAT_VALUE,2,,,,,,,"He has allowed 19 home runs in 20 starts, a number that looms large at Coors Field."
2026-09-04,web,season_context_starters,free,6,MAGNITUDE,4,,,,,,,"His strikeout rate of 16.7% ranks 90th of 106 (league average 21.8%), and his walk rate of 9.9% is above the league average -- a combination that has kept lineups in favorable counts throughout the season."
2026-09-04,web,season_context_injuries,free,0,ROSTER_FACT,0,,,,,,,"Two Cardinals arms are sidelined: Hunter Dobbins (right forearm tightness) and Peter Strzelecki (right forearm extensor inflammation) are on the injured list, thinning the bullpen depth for tonight's game."
2026-09-04,web,season_context_injuries,free,1,ABSENCE,1,,,,,,,"Andre Pallante (placed on the injured list retroactive to August 18 with right elbow inflammation) is listed as the St Louis starter tonight and is expected to be activated before first pitch; as of this writing, the activation has not posted."
2026-09-04,web,season_context_injuries,free,2,FRAMING_VOICE,0,,,,,,,"In the infield, Blaze Jordan (left ankle sprain) and JJ Wetherholt (right wrist tendinitis) are out, removing two options at the corner and up the middle."
2026-09-04,web,season_context_injuries,free,3,ABSENCE,0,,,,,,,Everson Pereira (left hand contusion) is also unavailable in the outfield.
2026-09-04,web,season_context_injuries,free,4,ROSTER_FACT,2,,,,,,,"Ramón Urías returned from the 60-day injured list on August 23, adding a body back to the infield mix."
2026-09-04,web,season_context_injuries,free,5,ROSTER_FACT,0,,,,,,,"For Colorado, Kyle Karros is on the concussion IL after being activated and re-placed within two days."
2026-09-04,web,season_context_injuries,free,6,ROSTER_FACT,1,,,,,,,Kyle Freeland (cervical radiculopathy) is on the 15-day IL.
2026-09-04,web,season_context_injuries,free,7,GAME_STATE,2,,,,,,,"Hunter Goodman returned from the injured list on August 25, and Tyler Freeman returned August 23 and is available for tonight."
2026-09-04,web,bvp_cardinals_vs_starter_annotation,bound,0,STAT_VALUE,1,,,,,,,Career BvP against Ryan Feltner is thin across the board -- all three rows carry samples below 10 AB and are flagged as noise.
2026-09-04,web,bvp_cardinals_vs_starter_annotation,bound,1,STAT_VALUE,13,,,,,,,"Iván Herrera has 5 PA (5 AB, 1 hit, .200/.200/.200); Jordan Walker has 2 PA (2 AB, 0 hits); Ramón Urías has 2 PA (1 AB, 0 hits, one walk for a .500 OBP)."
2026-09-04,web,bvp_cardinals_vs_starter_annotation,bound,2,STAT_VALUE,2,,,,,,,"None of the three meets the danger thresholds (10 PA and .400 AVG), and the walk-inflated OBP in Urías's line reflects a single plate appearance -- not a pattern."
2026-09-04,web,bvp_cardinals_vs_starter_annotation,bound,3,ABSENCE,0,,,,,,,"Six Cardinals starters tonight have no career history against Feltner at all: José Fermín, Joshua Báez, Leo Bernal, Thomas Saggese, Nathan Church, and Pedro Pagés."
2026-09-04,web,bvp_cardinals_vs_starter_annotation,bound,4,FRAMING_VOICE,0,S039,ABSENCE,a,career,bvp,,No significant bench BvP history.
2026-09-04,web,bvp_cardinals_vs_starter_annotation,bound,5,ABSENCE,1,S074,FRAMING_VOICE,c,-,-,"pipeline-voice meta (""relevant lens"")","With career history essentially absent for this group, his 2026 platoon work against right-handed batters is the relevant lens for tonight's matchup."
2026-09-04,web,bvp_opponent_vs_starter_annotation,bound,0,ABSENCE,0,,,,,,,"Every career BvP sample here is too small to carry predictive weight, and the table's own small-sample notice reflects that."
2026-09-04,web,bvp_opponent_vs_starter_annotation,bound,1,STAT_VALUE,1,,,,,,,"The most notable entries at either end: Ezequiel Tovar is 0-for-6 with two strikeouts in career BvP against Andre Pallante, the only Rockies bat with enough plate appearances to show a pattern, however thin."
2026-09-04,web,bvp_opponent_vs_starter_annotation,bound,2,STAT_VALUE,3,,,,,,,Willi Castro has reached in half his six plate appearances -- .250/.500/1.000 with a home run -- though two walks inflate the on-base figure.
2026-09-04,web,bvp_opponent_vs_starter_annotation,bound,3,SPLIT_DIRECTION,3,,,,,,,"Troy Johnston is 2-for-2 with a walk across three plate appearances (.500 AB, 1.000 OBP/SLG), the most favorable line in the table, drawn from the smallest at-bat sample."
2026-09-04,web,bvp_opponent_vs_starter_annotation,bound,4,ABSENCE,0,,,,,,,"Six rostered Rockies -- Sullivan, Carrigg, Norby, Ritter, Rumfield, and Veen -- carry no career BvP record against Pallante."
2026-09-04,web,platoon_cardinals_annotation,bound,0,ROSTER_FACT,0,,,,,,,"Ryan Feltner is a right-hander, and seven of the nine Cardinals starters are right-handed bats -- the group facing his stronger split."
2026-09-04,web,platoon_cardinals_annotation,bound,1,SPLIT_DIRECTION,3,,,,,,,"Feltner's 2026 OPS allowed against right-handed batters is .857, compared with .871 against left-handed batters, so the right-handed majority steps into his better side tonight."
2026-09-04,web,platoon_cardinals_annotation,bound,2,MAGNITUDE,4,,,,,,,"Among the right-handed bats with a 2026 sample clearing the 60-PA floor, Jordan Walker leads the group at .827 OPS in 424 PA against right-handers this season."
2026-09-04,web,platoon_cardinals_annotation,bound,3,STAT_VALUE,2,,,,,,,Iván Herrera follows at .707 OPS across 427 PA.
2026-09-04,web,platoon_cardinals_annotation,bound,4,STAT_VALUE,2,,,,,,,Thomas Saggese sits at .565 OPS in 63 PA -- just over the floor.
2026-09-04,web,platoon_cardinals_annotation,bound,5,STAT_VALUE,2,,,,,,,José Fermín checks in at .551 OPS across 177 PA.
2026-09-04,web,platoon_cardinals_annotation,bound,6,STAT_VALUE,2,,,,,,,Pedro Pagés posts .648 OPS in 109 PA against right-handers.
2026-09-04,web,platoon_cardinals_annotation,bound,7,SPLIT_DIRECTION,8,,,,,,,"Ramón Urías has 58 PA versus right-handers in 2026, below the 60-PA floor; his 2025 line against right-handers reads .233/.278/.367 across 273 PA."
2026-09-04,web,platoon_cardinals_annotation,bound,8,ABSENCE,2,,,,,,,"Joshua Báez has 34 PA against right-handed pitching in 2026, too small to report split rates reliably."
2026-09-04,web,platoon_cardinals_annotation,bound,9,SPLIT_DIRECTION,5,,,,,,,"The one left-handed bat in the lineup is Nathan Church (CF), who carries a 2026 OPS of .669 against right-handers across 309 PA -- his stronger side this season (.669 vs right-handers, .579 vs left-handers)."
2026-09-04,web,platoon_cardinals_annotation,bound,10,ROSTER_FACT,0,,,,,,,"Church faces Feltner's weaker split, a modest opening for the lineup's lone lefty."
2026-09-04,web,platoon_cardinals_annotation,bound,11,SPLIT_DIRECTION,3,,,,,,,"Switch-hitter Leo Bernal (C) has 5 PA against right-handers in 2026, too small to report split rates reliably; his 2026 overall sample across both sides is too small to compare."
2026-09-04,web,platoon_opponent_annotation,bound,0,SPLIT_DIRECTION,5,S069,SPLIT_DIRECTION,a,2026,pitcher_platoon,both figures + BF; direction correct,"Andre Pallante holds a clear 2026 platoon advantage against right-handed bats: .618 OPS allowed across 259 batters faced, compared with .709 OPS allowed against left-handed batters across 305 BF."
2026-09-04,web,platoon_opponent_annotation,bound,1,GAME_STATE,0,,,,,,,"Colorado's lineup sends five right-handed hitters and three switch-hitters at him, a group that collectively sits on his stronger side."
2026-09-04,web,platoon_opponent_annotation,bound,2,ROSTER_FACT,0,,,,,,,The six left-handed bats are where the lineup presses its best case.
2026-09-04,web,platoon_opponent_annotation,bound,3,MAGNITUDE,4,,,,,,,"Among the left-handed starters with cleared 2026 samples, Mickey Moniak leads the group at .855 OPS vs right-handers over 296 PA -- 39th of 161 NL qualifiers."
2026-09-04,web,platoon_opponent_annotation,bound,4,SPLIT_DIRECTION,7,,,,,,,"Troy Johnston posts .821 OPS vs RHP across 309 PA (57th of 161 NL qualifiers), and Jake McCarthy checks in at .793 OPS vs RHP over 360 PA (28th of 161 NL qualifiers), though McCarthy is stronger against left-handed pitching this season (.872 OPS vs LHP)."
2026-09-04,web,platoon_opponent_annotation,bound,5,SPLIT_DIRECTION,3,,,,,,,Brett Sullivan sits at .717 OPS vs RHP over 154 PA (85th of 161 NL qualifiers).
2026-09-04,web,platoon_opponent_annotation,bound,6,SPLIT_DIRECTION,2,,,,,,,"TJ Rumfield is stronger against right-handed pitching this season (.850 OPS vs RHP), ranking 25th of 161 NL qualifiers."
2026-09-04,web,platoon_opponent_annotation,bound,7,SPLIT_DIRECTION,4,,,,,,,"On the right-handed side, Hunter Goodman posts .845 OPS vs RHP over 334 PA -- 11th of 161 NL qualifiers -- though he is stronger against left-handed pitching this season (.873 OPS vs LHP)."
2026-09-04,web,platoon_opponent_annotation,bound,8,SPLIT_DIRECTION,3,,,,,,,"Connor Norby is stronger against right-handed pitching this season (.682 OPS vs RHP over 209 PA), ranking 122nd of 161 NL qualifiers."
2026-09-04,web,platoon_opponent_annotation,bound,9,SPLIT_DIRECTION,3,,,,,,,"Ezequiel Tovar is also stronger against right-handers (.603 OPS vs RHP over 311 PA), ranking 154th of 161 NL qualifiers."
2026-09-04,web,platoon_opponent_annotation,bound,10,SPLIT_DIRECTION,4,,,,,,,Jordan Beck is stronger against left-handed pitching this season (.782 OPS vs LHP); his 2026 vs.-RHP line across 71 PA reads .322 OPS.
2026-09-04,web,platoon_opponent_annotation,bound,11,SPLIT_DIRECTION,7,,,,,,,"Ryan Ritter's 2026 sample vs RHP is 11 PA, too small to report a split rate reliably; his 2025 baseline across 163 PA reads .224/.287/.327."
2026-09-04,web,platoon_opponent_annotation,bound,12,SPLIT_DIRECTION,3,,,,,,,"Among the switch-hitters, Willi Castro shows .772 OPS vs RHP over 311 PA (64th of 161 NL qualifiers)."
2026-09-04,web,platoon_opponent_annotation,bound,13,SPLIT_DIRECTION,3,,,,,,,"Cole Carrigg is stronger against left-handed pitching this season (.787 OPS vs LHP, compared with .768 OPS vs RHP), ranking 45th of 161 NL qualifiers."
2026-09-04,web,platoon_opponent_annotation,bound,14,SPLIT_DIRECTION,7,,,,,,,Adael Amador's 2026 sample vs RHP is 13 PA -- too small to report split rates reliably; his 2025 baseline across 103 PA reads .211/.290/.322.
2026-09-04,web,platoon_opponent_annotation,bound,15,SPLIT_DIRECTION,7,,,,,,,"Zac Veen's 2026 sample vs RHP is 35 PA, also too small to report reliably; his 2025 baseline across 27 PA reads .154/.185/.308."
2026-09-04,web,pitcher_platoon_annotation,bound,0,SPLIT_DIRECTION,1,,,,,,,"Ryan Feltner enters tonight having faced a right-side-heavy Cardinals order -- seven right-handed bats, one left-handed bat (Nathan Church), and one switch-hitter (Leo Bernal) -- against a split that offers little separation in 2026."
2026-09-04,web,pitcher_platoon_annotation,bound,1,SPLIT_DIRECTION,11,,,,,,,Feltner's 2026 line vs right-handed batters is .274/.329/.528 over 213 BF (.857 OPS); against left-handed batters it is .288/.369/.502 over 242 BF (.871 OPS).
2026-09-04,web,pitcher_platoon_annotation,bound,2,SPLIT_DIRECTION,2,,,,,,,"He is stronger against right-handed batters this season -- .857 OPS allowed compared with .871 against left-handers -- but the gap is narrow, and the Cardinals' seven righties land on his marginally firmer side rather than exploiting a pronounced vulnerability."
2026-09-04,web,pitcher_platoon_annotation,bound,3,SPLIT_DIRECTION,11,,,,,,,"His 2025 line vs right-handed batters showed a wider spread: .250/.269/.406 across 67 PA (.675 OPS) versus .293/.397/.483 against left-handers (68 PA, .880 OPS)."
2026-09-04,web,pitcher_platoon_annotation,bound,4,SPLIT_DIRECTION,1,,,,,,,Church is the one Cardinals left-handed bat who arrives on Feltner's softer 2026 side.
2026-09-04,web,pitcher_platoon_annotation,bound,5,ROSTER_FACT,0,,,,,,,"Andre Pallante faces a Rockies roster whose confirmed starters will be set closer to first pitch; the available pool carries six left-handed bats, five right-handed bats, and three switch-hitters."
2026-09-04,web,pitcher_platoon_annotation,bound,6,MAGNITUDE,8,,,,,,,Pallante's 2026 line vs right-handed batters is .231/.297/.321 over 259 BF (.618 OPS) -- he ranks 70th of 226 NL pitchers with at least 60 batters faced vs right-handers in OPS allowed.
2026-09-04,web,pitcher_platoon_annotation,bound,7,SPLIT_DIRECTION,8,,,,,,,Against left-handed batters across 305 BF his 2026 line is .263/.321/.388 (.709 OPS) -- right at the NL midpoint among pitchers with at least 60 batters faced vs left-handers (110th of 226).
2026-09-04,web,pitcher_platoon_annotation,bound,8,SPLIT_DIRECTION,2,,,,,,,He is stronger against right-handed batters this season: .618 OPS allowed compared with .709 against left-handers.
2026-09-04,web,pitcher_platoon_annotation,bound,9,SPLIT_DIRECTION,0,,,,,,,The Rockies' six left-handed bats in the available pool align with Pallante's softer side; the five right-handed bats fall on the side where he has held hitters to a markedly lower OPS this season.
2026-09-04,web,pitcher_home_away_annotation,bound,0,SPLIT_DIRECTION,7,,,,,,,"Andre Pallante takes the mound on the road tonight, which is his stronger setting in 2026 -- a 2.93 ERA and .613 OPS allowed across 55.1 innings away from home, compared with a 4.02 ERA and .703 OPS allowed in 80.2 innings at home."
2026-09-04,web,pitcher_home_away_annotation,bound,1,MAGNITUDE,3,,,,,,,"By ERA among NL pitchers with at least 20 innings on the road, he ranks 40th of 170 (league average 3.97)."
2026-09-04,web,pitcher_home_away_annotation,bound,2,STAT_VALUE,5,,,,,,,"His 2025 away line (84.2 IP, 4.89 ERA) and home line (78.0 IP, 5.42 ERA) ran in the same direction -- the road has consistently been the friendlier venue."
2026-09-04,web,pitcher_home_away_annotation,bound,3,GAME_STATE,0,,,,,,,Ryan Feltner starts at home tonight.
2026-09-04,web,pitcher_home_away_annotation,bound,4,SPLIT_DIRECTION,6,,,,,,,"By OPS allowed his home side has been marginally quieter this season, .857 at home against .873 on the road, but by ERA it runs the other way: a 6.26 ERA in 54.2 home innings against 5.36 in 47.0 away innings."
2026-09-04,web,pitcher_home_away_annotation,bound,5,MAGNITUDE,3,,,,,,,"By ERA among NL pitchers with at least 20 innings at home, he ranks 168th of 180 (league average 3.84) -- the venue is no shelter, and Coors amplifies his profile whichever way the split points."
2026-09-04,web,pitcher_home_away_annotation,bound,6,STAT_VALUE,5,,,,,,,His 2025 splits ran similarly: a 4.60 ERA in 15.2 home innings against a 4.91 ERA in 14.2 away innings across a smaller sample.
2026-09-04,web,tto_splits_annotation,bound,0,STAT_VALUE,2,,,,,,,Ryan Feltner has pitched into a third time through the order (a third pass) in 17 of 20 starts.
2026-09-04,web,tto_splits_annotation,bound,1,BVP_HISTORY,5,,,,,,,"In those 17 starts, hitters posted a .812 OPS against him on the second time through (the second pass) across 153 PA -- and .965 OPS from the third pass on across 91 PA."
2026-09-04,web,tto_splits_annotation,bound,2,STAT_VALUE,7,,,,,,,"His 2026 per-pass line traces the same arc: .861 OPS against across 181 batters faced in the first pass, .838 in the second across 164 BF, and .965 in the third across 91 BF."
2026-09-04,web,tto_splits_annotation,bound,3,FRAMING_VOICE,0,,,,,,,The third pass is his weakest this season.
2026-09-04,web,tto_splits_annotation,bound,4,STAT_VALUE,2,,,,,,,Andre Pallante has pitched into a third pass in 23 of 24 starts.
2026-09-04,web,tto_splits_annotation,bound,5,BVP_HISTORY,5,,,,,,,"In those 23 starts, hitters posted a .613 OPS against him on the second pass across 207 PA -- and .684 OPS from the third pass on across 132 PA."
2026-09-04,web,tto_splits_annotation,bound,6,STAT_VALUE,7,S031,STAT_VALUE,a,2026,tto table,,"His 2026 per-pass OPS reads .698 across 216 BF in the first pass, .627 across 216 BF in the second, and .684 across 132 BF in the third."
2026-09-04,web,tto_splits_annotation,bound,7,FRAMING_VOICE,0,,,,,,,"The first pass is his weakest this season, with the second his sharpest and the third between them."
2026-09-04,web,inherited_runners_annotation,bound,0,MAGNITUDE,2,,,,,,,2025's league average strand rate was 68.8%.
2026-09-04,web,inherited_runners_annotation,bound,1,STAT_VALUE,2,,,,,,,"Riley O'Brien leads this group at 70.0% across 10 inherited runners, the only Cardinal in this set at or above that baseline."
2026-09-04,web,inherited_runners_annotation,bound,2,STAT_VALUE,6,,,,,,,"Kyle Leahy has stranded 62.1% of his 29 inherited runners -- the largest sample here -- while Gordon Graceffo (54.5%, 11 IR) and Ryan Fernandez (50.0%, 8 IR) sit below the group."
2026-09-04,web,inherited_runners_annotation,bound,3,BVP_HISTORY,1,,,,,,,"Michael McGreevy has stranded all 3 inherited runners he has faced, though the sample is small."
2026-09-04,web,inherited_runners_annotation,bound,4,STAT_VALUE,16,,,,,,,"All five carry active 2026 workloads: Leahy leads at 129.1 IP (3.13 ERA, 1.31 WHIP), McGreevy at 147.1 IP (3.97 ERA, 1.26 WHIP), Graceffo at 71.1 IP (2.78 ERA, 1.07 WHIP), O'Brien at 56.0 IP (4.18 ERA, 1.25 WHIP), and Fernandez at 23.0 IP (3.52 ERA, 1.30 WHIP)."
2026-09-04,web,batted_ball_annotation,bound,0,STAT_VALUE,4,,,,,,,Andre Pallante's 2025 contact profile ran heavily to the ground ball -- 61.2% GB rate across 515 balls in play -- with fly balls accounting for just 18.3% of contact.
2026-09-04,web,batted_ball_annotation,bound,1,FRAMING_VOICE,0,,,,,,,That shape puts a premium on Coors Field's infield and limits the air-ball damage that plays up at altitude.
2026-09-04,web,batted_ball_annotation,bound,2,PREDICTION,0,,,,,,,"Against Pallante, most contact will roll, not fly."
2026-09-04,web,batted_ball_annotation,bound,3,STAT_VALUE,8,,,,,,,"The Colorado lineup has a consistent pattern against grounders: Goodman (.333 GB AVG), Beck (.287), Castro (.227), Moniak (.257), Norby (.218), Tovar (.225), and Ritter (.183) all have publishable 2025 ground-ball averages, ranging from productive to modest."
2026-09-04,web,batted_ball_annotation,bound,4,FRAMING_VOICE,0,,,,,,,Goodman and Beck are the two who turn ground balls into hits at the highest rate in this group.
2026-09-04,web,batted_ball_annotation,bound,5,ABSENCE,1,,,,,,,"Four others -- Adael Amador, Troy Johnston, Brett Sullivan, and Zac Veen -- each have fewer than 50 balls in play on record, so no ground-ball rate applies to them tonight."
2026-09-04,web,batted_ball_annotation,bound,6,STAT_VALUE,7,,,,,,,"Line drives are where this lineup does its most reliable damage across the board: Beck (.670 LD AVG), Goodman (.674), Norby (.714), Castro (.587), Tovar (.588), and Moniak (.614) all post strong 2025 line-drive averages."
2026-09-04,web,batted_ball_annotation,bound,7,ABSENCE,1,,,,,,,"McCarthy and Ritter each have fewer than 50 line-drive AB on file, so no rate applies there."
2026-09-04,web,batted_ball_annotation,bound,8,GAME_STATE,0,,,,,,,"A pitch that flattens and stays in the zone is the clearest risk; Pallante's ground-ball tendency mitigates that, but the lineup can capitalize when contact does elevate."
2026-09-04,web,batted_ball_annotation,bound,9,SPLIT_DIRECTION,5,,,,,,,"Ryan Feltner's 2025 profile is more neutral: 48.9% GB, 30.9% FB, 19.1% LD across 94 balls in play."
2026-09-04,web,batted_ball_annotation,bound,10,SPLIT_DIRECTION,0,,,,,,,"He induces fewer grounders than Pallante and allows more air contact, which at Coors Field amplifies fly-ball outcomes."
2026-09-04,web,batted_ball_annotation,bound,11,GAME_STATE,0,,,,,,,Tonight's contact shape against Feltner is read through his own profile and the Cardinals' platoon/situational tendencies.
2026-09-04,web,battery_annotation,bound,0,GAME_STATE,1,,,,,,,Yohel Pozo and Jimmy Crooks each appear in the 2025 pairing history but are not on the Cardinals active roster tonight.
2026-09-04,web,battery_annotation,bound,1,ABSENCE,1,,,,,,,"Leo Bernal, listed at catcher in tonight's lineup, has no 2025 games paired with Andre Pallante -- this is a fresh battery."
2026-09-04,web,battery_annotation,bound,2,MAGNITUDE,5,S068,STAT_VALUE,a,2025,battery,rank within table,"Pedro Pagés also appears in tonight's lineup and carries the deepest 2025 pairing record: 15 games and 76.1 innings with Pallante, during which opponents posted a 4.60 ERA and .257 average."
2026-09-04,web,battery_annotation,bound,3,STAT_VALUE,4,,,,,,,"Iván Herrera's five-game sample from 2025 (23.2 IP, 4.56 ERA, .271 average) is the next largest among active roster catchers."
2026-09-04,web,battery_annotation,bound,4,STAT_VALUE,3,S076,STAT_VALUE,a,2025,battery + transactions,,"Pozo's eight-game stretch (37.2 IP) produced a 6.93 ERA and .303 average, the weakest results in the table, but he is no longer on the roster and does not factor in tonight."
2026-09-04,web,baserunning_content,bound,0,MAGNITUDE,5,,,,,,,Colorado baserunning (2026): Jake McCarthy leads the Rockies running game with 26 steals against 5 caught stealing (83.9% success rate across 31 attempts).
2026-09-04,web,baserunning_content,bound,1,STAT_VALUE,4,,,,,,,Willi Castro has 10 steals and 6 caught stealing (62.5% across 16 attempts).
2026-09-04,web,baserunning_content,bound,2,STAT_VALUE,4,,,,,,,Connor Norby has stolen 8 bases against 3 caught stealing (72.7% across 11 attempts).
2026-09-04,web,baserunning_content,bound,3,STAT_VALUE,12,,,,,,,"Ezequiel Tovar (6 SB, 1 CS), Hunter Goodman (5 SB, 4 CS), Troy Johnston (4 SB, 5 CS), Jordan Beck (2 SB, 1 CS), Mickey Moniak (1 SB, 1 CS), and Zac Veen (1 SB, 0 CS) each have samples too small for a published rate."
2026-09-04,web,baserunning_content,bound,4,STAT_VALUE,5,,,,,,,Colorado baserunning (2025): Jordan Beck led the Rockies with 19 steals against 8 caught stealing (70.4% across 27 attempts).
2026-09-04,web,baserunning_content,bound,5,GAME_EVENT,3,,,,,,,Willi Castro went 10-for-14 (71.4% across 14 attempts).
2026-09-04,web,baserunning_content,bound,6,STAT_VALUE,4,,,,,,,Mickey Moniak stole 9 bases against 3 caught stealing (75.0% across 12 attempts).
2026-09-04,web,baserunning_content,bound,7,STAT_VALUE,4,,,,,,,Connor Norby stole 8 bases against 2 caught stealing (80.0% across 10 attempts).
2026-09-04,web,baserunning_content,bound,8,SPLIT_DIRECTION,15,,,,,,,"Jake McCarthy (6 SB, 0 CS), Ezequiel Tovar (5 SB, 3 CS), Ryan Ritter (3 SB, 1 CS), Troy Johnston (2 SB, 2 CS), Zac Veen (1 SB, 1 CS), Hunter Goodman (1 SB, 2 CS), and Adael Amador (1 SB, 1 CS) each had fewer than 10 attempts, too small for a published rate."
2026-09-04,web,baserunning_content,bound,9,STAT_VALUE,5,,,,,,,"Cardinals catcher throwing: Pedro Pagés has caught 17 of 55 steal attempts in 2026, a 30.9% caught-stealing rate across 498.1 innings."
2026-09-04,web,baserunning_content,bound,10,STAT_VALUE,4,S018,STAT_VALUE,a,2026,catcher baserunning,small-sample caveat,Leo Bernal has allowed 1 stolen base with 0 caught in 1 attempt across 12.1 innings -- a sample too small for a rate.
2026-09-04,web,baserunning_content,bound,11,STAT_VALUE,4,,,,,,,Colorado catcher throwing: Hunter Goodman has caught 13 of 74 steal attempts (17.6% CS rate across 707.1 innings).
2026-09-04,web,baserunning_content,bound,12,STAT_VALUE,4,,,,,,,Brett Sullivan has caught 9 of 52 attempts (17.3% CS rate across 437.2 innings).
2026-09-04,web,defense_annotation,bound,0,STAT_VALUE,1,,,,,,,The 2025 defensive table covers Cardinals players only.
2026-09-04,web,defense_annotation,bound,1,MAGNITUDE,3,,,,,,,"Pedro Pagés leads the group in sample size, catching 110 games at a .994 fielding percentage with 5 errors."
2026-09-04,web,defense_annotation,bound,2,ROSTER_FACT,0,,,,,,,Tonight he starts at catcher per the lineup card.
2026-09-04,web,defense_annotation,bound,3,STAT_VALUE,3,,,,,,,Jordan Walker played 108 games in right field at .981 with 4 errors; he starts in right field tonight.
2026-09-04,web,defense_annotation,bound,4,STAT_VALUE,7,,,,,,,"Ramón Urías logged 78 games at third base (.979, 4 errors) and 26 games at second base (1.000, 0 errors) in 2025; tonight he starts at third base."
2026-09-04,web,defense_annotation,bound,5,SPLIT_DIRECTION,10,,,,,,,"Thomas Saggese split his 2025 work across three positions -- 35 games at second base (.973, 4 errors), 33 games at shortstop (.988, 1 error), and 18 games at third base (.939, 2 errors); tonight's lineup slots him at shortstop."
2026-09-04,web,defense_annotation,bound,6,STAT_VALUE,4,,,,,,,"Nathan Church handled 18 games in center field cleanly (1.000, 0 errors) in 2025; he starts in center field tonight."
2026-09-04,web,defense_annotation,bound,7,STAT_VALUE,4,,,,,,,"José Fermín appeared at second base in 15 games (1.000, 0 errors) among other positions in 2025; tonight he starts at second base."
2026-09-04,web,defense_annotation,bound,8,GAME_EVENT,4,,,,,,,Iván Herrera caught 14 games at .989 with 1 error in 2025; he is listed at DH tonight and has no fielding role in this game.
2026-09-04,web,defense_annotation,bound,9,ABSENCE,1,,,,,,,Joshua Báez has no 2025 fielding record in the table; no defensive figures apply to his start tonight in left field.
2026-09-04,web,defense_annotation,bound,10,ABSENCE,1,,,,,,,Leo Bernal has no 2025 fielding record in the table; no defensive figures apply to his start at catcher tonight.
2026-09-04,web,head_to_head_content,free,0,GAME_STATE,2,,,,,,,"Over the 2022-2025 stretch, the Cardinals have gone 13-12 against the Colorado Rockies, with the series splitting nearly even across all four seasons."
2026-09-04,web,head_to_head_content,free,1,STAT_VALUE,4,,,,,,,"The 2025 campaign tilted Colorado's way at 4-2, while 2022 and 2024 each went to St Louis."
2026-09-04,web,batter_kbb_stl_note,bound,0,MAGNITUDE,5,,,,,,,"José Fermín leads the Cardinals in contact discipline: his 2026 K% of 13.0% sits well below the league average of 22.1%, and Iván Herrera's 2026 K% of 18.0% also trails the league mark."
2026-09-04,web,batter_kbb_stl_note,bound,1,MAGNITUDE,3,,,,,,,Jordan Walker's 2026 K% of 24.9% runs above the league average of 22.1%.
2026-09-04,web,batter_kbb_stl_note,bound,2,MAGNITUDE,8,,,,,,,"At the bottom of the order, Pedro Pagés (2026 K% 26.3%) and Thomas Saggese (2026 K% 29.0%) carry elevated strikeout rates against a starter in Ryan Feltner whose 2026 K% of 16.7% ranks 90th of 106 NL pitchers with at least 60 innings — a below-average punch-out rate that may limit the group's exposure to extended at-bats."
2026-09-04,web,batter_kbb_stl_note,bound,3,STAT_VALUE,5,,,,,,,Nathan Church's 2026 K% of 18.0% represents an improvement from his 2025 mark of 27.7% across 65 PA.
2026-09-04,web,batter_kbb_annotation,bound,0,MAGNITUDE,7,,,,,,,"Jake McCarthy provides the clearest contact profile in the Colorado lineup: his 2026 K% of 16.4% across 500 PA stands below the league average of 22.1%, and Troy Johnston's 2026 K% of 17.3% across 404 PA sits similarly below the mark."
2026-09-04,web,batter_kbb_annotation,bound,1,GAME_STATE,4,,,,,,,Hunter Goodman's 2026 K% of 33.0% and Connor Norby's 2026 K% of 29.8% represent the lineup's highest contact burdens.
2026-09-04,web,batter_kbb_annotation,bound,2,STAT_VALUE,6,,,,,,,"Jordan Beck's 2026 K% of 30.1% across 146 PA carries a smaller sample, consistent with his 2025 mark of 29.6% across 587 PA."
2026-09-04,web,batter_kbb_annotation,bound,3,SPLIT_DIRECTION,8,,,,,,,"Ryan Ritter (21 2026 PA) and Adael Amador (22 2026 PA) have 2026 samples too small to report split rates reliably; their 2025 figures of 29.5% and 21.1% K%, respectively, stand in the table."
2026-09-04,web,batter_kbb_annotation,bound,4,MAGNITUDE,4,,,,,,,Andre Pallante's 2026 K% of 17.2% ranks 88th of 106 NL pitchers with at least 60 innings — a below-average strikeout rate that aligns with a lineup carrying several free-swingers at the top of the order.
2026-09-04,web,batter_batted_ball_profile_stl_note,bound,0,STAT_VALUE,3,,,,,,,"Ryan Feltner's 2025 ground-ball rate sits at 48.9% across 94 balls in play, matching the contact shape of the heavier ground-ball hitters in this Cardinals lineup."
2026-09-04,web,batter_batted_ball_profile_stl_note,bound,1,SPLIT_DIRECTION,4,,,,,,,"Iván Herrera (52.6% GB, 285 BIP) and Jordan Walker (48.9% GB, 231 BIP) align most directly with that tendency -- balls put in play against Feltner run toward the ground rather than the outfield."
2026-09-04,web,batter_batted_ball_profile_stl_note,bound,2,SPLIT_DIRECTION,5,,,,,,,"Pedro Pagés (44.9% GB, 243 BIP) and Ramón Urías (45.1% GB, 253 BIP) are the lineup's more balanced contact profiles, with fly-ball rates around 29-31%."
2026-09-04,web,batter_batted_ball_profile_stl_note,bound,3,STAT_VALUE,3,,,,,,,"Thomas Saggese (41.8% GB, 28.6% LD, 189 BIP) carries the group's highest line-drive rate."
2026-09-04,web,batter_batted_ball_profile_stl_note,bound,4,ABSENCE,2,,,,,,,José Fermín (46 BIP) and Nathan Church (37 BIP) are below the floor; their rates are not published.
2026-09-04,web,batter_batted_ball_profile_annotation,bound,0,STAT_VALUE,3,,,,,,,Andre Pallante's 2025 ground-ball rate is 61.2% across 515 balls in play -- a heavy sinker-type profile that sets a clear contact expectation for the Rockies' lineup.
2026-09-04,web,batter_batted_ball_profile_annotation,bound,1,TREND,6,,,,,,,"Six Colorado hitters carry publishable batted-ball profiles, and most trend toward ground balls: Jake McCarthy leads at 54.5% GB (154 BIP), followed by Ryan Ritter at 49.6% (121 BIP) and Willi Castro at 42.5% (280 BIP)."
2026-09-04,web,batter_batted_ball_profile_annotation,bound,2,STAT_VALUE,6,,,,,,,"Hunter Goodman (42.0% GB, 357 BIP), Jordan Beck (43.6% GB, 344 BIP), and Connor Norby (40.8% GB, 213 BIP) sit in a similar band."
2026-09-04,web,batter_batted_ball_profile_annotation,bound,3,SPLIT_DIRECTION,6,,,,,,,"The two profiles that cut against Pallante's ground-ball shape most are Mickey Moniak (35.8% FB, 36.5% GB, 299 BIP) and Adael Amador (37.8% FB, 36.6% GB, 82 BIP) -- both lean toward fly balls."
2026-09-04,web,batter_batted_ball_profile_annotation,bound,4,STAT_VALUE,2,,,,,,,Ezequiel Tovar posts the group's highest line-drive rate at 33.7% (252 BIP).
2026-09-04,web,batter_batted_ball_profile_annotation,bound,5,STAT_VALUE,2,,,,,,,"Troy Johnston (34.6% LD, 81 BIP) matches Tovar's line-drive tendency in a smaller sample."
2026-09-04,web,batter_batted_ball_profile_annotation,bound,6,ABSENCE,2,,,,,,,Zac Veen (17 BIP) and Brett Sullivan (3 BIP) are below the floor; their rates are not published.
2026-09-04,web,pitcher_kbb_annotation,bound,0,STAT_VALUE,7,,,,,,,"Andre Pallante -- 2025: 162.2 IP, K% 15.5%, BB% 8.7%, K/BB 1.79 (111 strikeouts, 62 walks)."
2026-09-04,web,pitcher_kbb_annotation,bound,1,MAGNITUDE,9,,,,,,,"His 2026 K% ranks 88th of 106 NL pitchers with at least 60 innings (17.2%; league average 21.8%), and his 2026 BB% ranks 42nd of 106 (7.3%; league average 8.0%)."
2026-09-04,web,pitcher_kbb_annotation,bound,2,STAT_VALUE,7,,,,,,,"Ryan Feltner -- 2025 table entry covers 30.1 innings: K% 18.5%, BB% 8.9%, K/BB 2.08 (25 strikeouts, 12 walks)."
2026-09-04,web,pitcher_kbb_annotation,bound,3,MAGNITUDE,5,,,,,,,His 2026 K% ranks 90th of 106 NL pitchers with at least 60 innings (16.7%; league average 21.8%).
2026-09-04,web,pitcher_kbb_annotation,bound,4,MAGNITUDE,3,,,,,,,His 2026 BB% is 9.9% against a league average of 8.9%.
2026-09-04,web,key_matchups,free,0,SPLIT_DIRECTION_BARE,0,,,,,,,Feltner vs STL right-handed core.
2026-09-04,web,key_matchups,free,1,SPLIT_DIRECTION,4,,,,,,,Ryan Feltner's 2026 platoon splits show .871 OPS allowed against left-handed batters and .857 against right-handed batters — a gap of 14 points — so St Louis' seven right-handed bats carry no platoon edge facing him.
2026-09-04,web,key_matchups,free,2,STAT_VALUE,3,,,,,,,The right-handed group does face a pitcher who has allowed a .528 slugging percentage and 19 home runs across 213 right-handed batters faced this season.
2026-09-04,web,key_matchups,free,3,SPLIT_DIRECTION,7,,,,,,,Jordan Walker (.827 OPS vs RHP across 424 PA in 2026) and Iván Herrera (.707 OPS vs RHP across 427 PA) represent the lineup's volume threats against right-handed pitching; Joshua Báez has 34 PA vs RHP in 2026 — too small a sample to report split rates reliably.
2026-09-04,web,key_matchups,free,4,ROSTER_FACT,0,,,,,,,Pallante vs COL lefty majority.
2026-09-04,web,key_matchups,free,5,SPLIT_DIRECTION,4,,,,,,,"Andre Pallante is stronger against right-handed batters this season: .618 OPS allowed across 259 batters faced, compared with .709 OPS allowed against left-handed batters across 305 batters faced."
2026-09-04,web,key_matchups,free,6,GAME_STATE,0,,,,,,,"Colorado's lineup carries six left-handed hitters and three switch-hitters, placing the bulk of the order on Pallante's weaker side."
2026-09-04,web,key_matchups,free,7,PREDICTION,0,,,,,,,"Jake McCarthy, TJ Rumfield and Mickey Moniak all hit right-handed pitching as their stronger platoon side, and all three land against Pallante at his less suppressive split — Moniak, whose numbers against right-handers lead the three, is the bat most likely to make that mismatch count."
2026-09-04,web,key_matchups,free,8,FRAMING_VOICE,0,,,,,,,Feltner third-pass danger.
2026-09-04,web,key_matchups,free,9,STAT_VALUE,2,,,,,,,"Ryan Feltner has pitched into a third pass in 17 of 20 starts this season, and the third pass is his weakest."
2026-09-04,web,key_matchups,free,10,PREDICTION,0,,,,,,,"The first three hitters in the St Louis order — José Fermín, Iván Herrera and Jordan Walker — are the group most likely to see him a third time, and those third-pass numbers come only from the starts he was left in."
2026-09-04,web,watchlist,free,0,FRAMING_VOICE,0,,,,,,,-- Andre Pallante.
2026-09-04,web,watchlist,free,1,SPLIT_DIRECTION,3,,,,,,,"If Pallante generates his 2026 ground-ball rate (61.6%, against the league's 47.0%), watch for Coors to do less damage than usual -- his sinker-heavy approach is the one pitcher profile that keeps the ball on the carpet where the altitude cannot amplify it. -- Ryan Feltner / Ivan Herrera."
2026-09-04,web,watchlist,free,2,MAGNITUDE,7,,,,,,,"If Feltner's 2026 walk rate (9.9%, above the league's 8.9%) holds tonight, watch whether Ivan Herrera -- whose 2026 BB% of 11.0% ranks 42nd of 161 NL hitters with at least 200 plate appearances -- turns those free passes into traffic for Jordan Walker behind him: with Feltner's third pass his weakest, a walk-heavy first two trips through the order is what drags a third look forward while he is still in the game. -- Jake McCarthy / Pedro Pages."
2026-09-04,web,watchlist,free,3,PREDICTION,0,,,,,,,"If Jake McCarthy reaches base, watch whether Pedro Pages can keep him at first: a runner who goes first-to-third at Coors manufactures runs before the Cardinals ever record an out, and every extra base McCarthy takes is one the lineup behind him does not have to earn. -- Andre Pallante / Mickey Moniak / Adael Amador."
2026-09-04,web,watchlist,free,4,STAT_VALUE,3,,,,,,,"If Pallante's sinker keeps the ball down, watch Mickey Moniak and Adael Amador -- Colorado's two fly-ball-leaning bats, at 35.8% and 37.8% fly balls in 2025 -- for the first sign he is losing it: the night Coors hurts Pallante is the night those two get the ball in the air."
2026-09-04,web,quick_reference,free,0,STAT_VALUE,1,,,,,,,How has Jordan Walker performed against Ryan Feltner in their career? 2.
2026-09-04,web,quick_reference,free,1,STAT_VALUE,1,,,,,,,How has Ezequiel Tovar performed against Andre Pallante in their career? 3.
2026-09-04,web,quick_reference,free,2,STAT_VALUE,1,,,,,,,How has Iván Herrera performed against Ryan Feltner in their career? 4.
2026-09-04,web,quick_reference,free,3,GAME_STATE,2,,,,,,,What are Ryan Feltner's third-time-through-the-order splits in 2025? 5.
2026-09-04,web,quick_reference,free,4,STAT_VALUE,2,,,,,,,What are Jordan Walker's splits against left-handed and right-handed pitchers in 2025? 6.
2026-09-04,web,quick_reference,free,5,STAT_VALUE,2,,,,,,,What is Kyle Leahy's inherited-runner strand rate in 2025? 7.
2026-09-04,web,quick_reference,free,6,STAT_VALUE,1,,,,,,,What are the park factors at Coors Field in 2025?
